time,usepuindxd,epu_log
2016-12-08,125.48,4.832146383322478
2016-12-09,97.26,4.57738780497564
2016-12-12,99.45,4.599655005299981
2016-12-13,336.71,5.819222025755692
2016-12-14,53.87,3.9865737366924425
2016-12-15,232.94,5.4507809096745055
2016-12-16,53.13,3.972741740462852
2016-12-19,91.47,4.516011049668273
2016-12-20,59.25,4.081765780015241
2016-12-21,37.37,3.6208682434973927
2016-12-22,50.35,3.9189986191645714
2016-12-23,35.7,3.5751506887855933
2016-12-26,155.98,5.049727793902352
2016-12-27,108.11,4.68314922730468
2016-12-28,161.59,5.085062262984157
2016-12-29,116.01,4.753676394287315
2016-12-30,141.16,4.949893998807069
2017-01-03,89.85,4.498141613229568
2017-01-04,101.99,4.624874769262426
2017-01-05,134.47,4.901341125835779
2017-01-06,96.97,4.574401652316455
2017-01-09,121.76,4.802051894113376
2017-01-10,121.9,4.803201036487226
2017-01-11,124.56,4.824787527525743
2017-01-12,113.32,4.730215674962316
2017-01-13,135.56,4.909414346738851
2017-01-16,114.17,4.737688565688236
2017-01-17,160.96,5.081155886911374
2017-01-18,135.59,4.909635626474218
2017-01-19,95.56,4.559754322457609
2017-01-20,141.55,4.952653011557909
2017-01-23,154.77,5.041940143924668
2017-01-24,136.15,4.913757219119769
2017-01-25,175.14,5.165585654094079
2017-02-02,113.53,4.732067119176442
2017-02-03,131.28,4.877332446781836
2017-02-06,150.83,5.016153374780161
2017-02-07,121.82,4.802544545408338
2017-02-08,118.99,4.779039455967062
2017-02-09,74.34,4.308649164869106
2017-02-10,231.24,5.443456132214275
2017-02-13,77.85,4.354783898280007
2017-02-14,120.2,4.789157022101107
2017-02-15,130.16,4.868764462910782
2017-02-16,89.07,4.489422577443778
2017-02-17,143.29,4.964870548728511
2017-02-20,66.08,4.190866129212723
2017-02-21,87.54,4.47209583176275
2017-02-22,226.71,5.423671667700738
2017-02-23,84.74,4.439587745198413
2017-02-24,99.0,4.59511985013459
2017-02-27,117.37,4.765331338112032
2017-02-28,114.25,4.738389029774314
2017-03-01,111.9,4.71760561531788
2017-03-02,125.27,4.8304714078561
2017-03-03,88.91,4.487624622133048
2017-03-06,104.29,4.6471754801331215
2017-03-07,71.17,4.26507138131118
2017-03-08,124.51,4.824386033964322
2017-03-09,95.37,4.557764063590821
2017-03-10,81.65,4.402441819416474
2017-03-13,56.5,4.034240638152395
2017-03-14,122.3,4.806477042693127
2017-03-15,159.48,5.071918522513154
2017-03-16,91.44,4.515683019486556
2017-03-17,152.01,5.023946308155928
2017-03-20,161.69,5.085680921751723
2017-03-21,184.47,5.217486848633488
2017-03-22,65.8,4.186619838331271
2017-03-23,48.67,3.885062823845363
2017-03-24,106.37,4.666923582263574
2017-03-27,83.12,4.420285346790972
2017-03-28,89.73,4.496805161309966
2017-03-29,66.64,4.199304997858588
2017-03-30,91.55,4.51688527112052
2017-03-31,221.37,5.399835509738385
2017-04-03,115.76,4.751519082323228
2017-04-04,103.95,4.643910014304022
2017-04-05,75.28,4.3212144952771245
2017-04-07,67.93,4.218477763203211
2017-04-10,118.06,4.771192969812543
2017-04-11,41.86,3.7343307170178535
2017-04-12,79.49,4.375631227585021
2017-04-13,59.73,4.089834406744215
2017-04-14,116.71,4.759692225424263
2017-04-17,119.99,4.787408405976297
2017-04-18,71.39,4.268157803514369
2017-04-19,93.31,4.535927283245931
2017-04-20,55.86,4.022848560517031
2017-04-21,124.51,4.824386033964322
2017-04-24,144.04,4.970091038780675
2017-04-25,58.82,4.074481933125849
2017-04-26,70.4,4.254193263163997
2017-04-27,63.06,4.144086654116915
2017-04-28,62.79,4.139795825126018
2017-05-03,86.79,4.463491407656154
2017-05-04,184.47,5.217486848633488
2017-05-05,72.21,4.27957854046309
2017-05-08,113.15,4.728714372079547
2017-05-09,84.95,4.442062848117941
2017-05-10,67.32,4.209457369322605
2017-05-11,49.78,3.907613296939446
2017-05-12,129.4,4.8629083820668
2017-05-15,169.44,5.132498881853096
2017-05-16,118.0,4.770684624465665
2017-05-17,62.79,4.139795825126018
2017-05-18,89.48,4.494015136621929
2017-05-19,87.23,4.468548308445127
2017-05-22,83.62,4.426282725928419
2017-05-23,64.98,4.174079530240954
2017-05-24,76.1,4.33204826486764
2017-05-25,51.65,3.944490195565648
2017-05-26,62.91,4.141705133581938
2017-05-29,50.67,3.9253340194878175
2017-05-30,45.36,3.814630659419497
2017-05-31,168.16,5.124915907128641
2017-06-01,100.04,4.605570106009418
2017-06-02,61.36,4.116758157059
2017-06-05,274.58,5.615242657469459
2017-06-06,85.3,4.446174454497633
2017-06-07,46.07,3.830161978947826
2017-06-08,33.16,3.501344330267094
2017-06-09,65.8,4.186619838331271
2017-06-12,98.63,4.591375474965902
2017-06-13,144.57,4.973763819320351
2017-06-14,48.72,3.8860896234016415
2017-06-15,67.05,4.205438609727688
2017-06-16,80.07,4.382901252084542
2017-06-19,75.3,4.321480134805848
2017-06-20,93.24,4.535176814167556
2017-06-21,90.96,4.510419849442281
2017-06-22,93.79,4.541058240520847
2017-06-23,135.04,4.905571030847647
2017-06-26,44.92,3.8048831298702415
2017-06-27,93.1,4.533674184283021
2017-06-28,95.31,4.557134736949535
2017-06-29,65.45,4.181286492355909
2017-06-30,111.89,4.717516245819629
2017-07-03,101.66,4.621633912018757
2017-07-04,57.7,4.055257173514054
2017-07-05,57.04,4.04375277610604
2017-07-06,76.45,4.336636932375072
2017-07-07,160.41,5.07773303762875
2017-07-10,92.94,4.531954123656832
2017-07-11,85.23,4.445353484534206
2017-07-12,70.04,4.249066507417651
2017-07-13,73.54,4.297829475873126
2017-07-14,90.61,4.5065645822339695
2017-07-17,92.6,4.528289141652134
2017-07-18,88.82,4.486611849863956
2017-07-19,51.42,3.940027201837744
2017-07-20,100.4,4.609162207257629
2017-07-21,73.36,4.295378827948209
2017-07-24,305.98,5.723519740339233
2017-07-25,162.68,5.091785081039024
2017-07-26,80.27,4.385395952143486
2017-07-27,40.48,3.70080802497921
2017-07-28,45.32,3.8137484361598055
2017-07-31,80.96,4.393955205539156
2017-08-01,70.77,4.259435182087693
2017-08-02,57.38,4.049695810553219
2017-08-03,61.0,4.110873864173311
2017-08-04,63.9,4.157319361383489
2017-08-07,96.65,4.57109620565434
2017-08-08,56.87,4.040767961318708
2017-08-09,62.08,4.128423875874963
2017-08-10,66.59,4.198554416122531
2017-08-11,41.93,3.7360015611826713
2017-08-14,88.94,4.48796198508255
2017-08-15,86.83,4.463952184072554
2017-08-16,47.71,3.865141019528016
2017-08-17,56.82,4.039888376426042
2017-08-18,60.34,4.099995233730915
2017-08-21,60.63,4.10478982008364
2017-08-22,74.28,4.307841736484505
2017-08-23,69.07,4.235120483100881
2017-08-24,42.9,3.758871825933971
2017-08-25,72.15,4.27874728521988
2017-08-28,80.49,4.388132953105642
2017-08-29,81.46,4.400112102220266
2017-08-30,42.02,3.738145695416855
2017-08-31,43.34,3.769075996108213
2017-09-01,57.53,4.052306550875202
2017-09-05,142.33,4.958148305082534
2017-09-06,198.18,5.289175708630753
2017-09-07,88.44,4.482324355989245
2017-09-08,68.98,4.233816607508695
2017-09-11,94.13,4.544676805559129
2017-09-12,59.02,4.077876369514794
2017-09-13,71.31,4.267036570040212
2017-09-14,120.33,4.790237968450072
2017-09-15,72.36,4.281653660527095
2017-09-18,68.55,4.227563406008323
2017-09-19,58.25,4.06474409244581
2017-09-20,52.37,3.958333908291397
2017-09-21,55.35,4.013676659154646
2017-09-22,63.09,4.144562278382718
2017-09-25,105.42,4.6579523714270605
2017-09-26,58.14,4.06285389513073
2017-09-27,63.54,4.15166962884137
2017-09-28,103.05,4.635214307336468
2017-09-29,107.61,4.678513580212301
2017-10-02,75.31,4.32161292811326
2017-10-03,52.47,3.960241577698621
2017-10-04,48.06,3.872450230308323
2017-10-05,40.99,3.7133281345162463
2017-10-06,85.68,4.450619426139493
2017-10-09,42.94,3.759803792450635
2017-10-10,74.46,4.310262068444571
2017-10-11,60.44,4.101651137404539
2017-10-12,37.61,3.627269972482245
2017-10-13,63.88,4.157006323346812
2017-10-16,98.42,4.589244035437832
2017-10-17,49.38,3.899545483917034
2017-10-18,100.11,4.606269581431392
2017-10-19,82.48,4.412555839708705
2017-10-20,62.32,4.132282401562493
2017-10-23,136.2,4.914124393715412
2017-10-24,37.25,3.617651944825568
2017-10-25,60.11,4.09617621705107
2017-10-26,114.37,4.7394388067931255
2017-10-27,87.39,4.4703808596394525
2017-10-30,64.62,4.168523960396352
2017-10-31,50.39,3.9197927426925054
2017-11-01,66.7,4.200204952921578
2017-11-02,85.31,4.446291680920603
2017-11-03,103.89,4.64333264708244
2017-11-06,92.35,4.5255857066452485
2017-11-07,100.93,4.614427207250769
2017-11-08,67.48,4.211831257677767
2017-11-09,65.11,4.176078147248771
2017-11-10,56.77,4.039008017182635
2017-11-13,134.97,4.905052531521191
2017-11-14,107.88,4.681019498271529
2017-11-15,58.1,4.062165663857866
2017-11-16,83.79,4.428313668625195
2017-11-17,98.62,4.59127408079598
2017-11-20,79.5,4.375757021660286
2017-11-21,199.49,5.295764109760319
2017-11-22,52.93,3.968970285869896
2017-11-23,61.97,4.126650396974016
2017-11-24,34.88,3.551913599040779
2017-11-27,31.11,3.4375293109095457
2017-11-28,206.63,5.330929754275513
2017-11-29,103.98,4.6441985729555695
2017-11-30,101.48,4.6198617347310815
2017-12-01,86.95,4.465333240800292
2017-12-04,101.07,4.615813346086571
2017-12-05,95.44,4.55849777778966
2017-12-06,57.79,4.056815750329687
2017-12-07,40.69,3.7059823620135983
2017-12-08,63.52,4.1513548169388805
2017-12-11,81.46,4.400112102220266
2017-12-12,66.43,4.19614876167715
2017-12-13,52.01,3.951436007784981
2017-12-14,32.59,3.4840054928494704
2017-12-15,104.84,4.6524353784552055
2017-12-18,94.77,4.551452903482104
2017-12-19,82.4,4.411585436915426
2017-12-20,57.2,4.046553898385752
2017-12-21,92.94,4.531954123656832
2017-12-22,72.69,4.286203823496544
2017-12-25,101.81,4.623108331119105
2017-12-26,106.31,4.666359354300514
2017-12-27,58.44,4.068000586882499
2017-12-28,63.24,4.146937012341271
2017-12-29,146.43,4.986547498567166
2018-01-02,111.2,4.711330381816482
2018-01-03,52.45,3.959860334842306
2018-01-04,243.48,5.495034803625724
2018-01-05,108.68,4.688407784558147
2018-01-08,77.28,4.347435189904263
2018-01-09,157.58,5.059933265817542
2018-01-10,89.18,4.49065679919933
2018-01-11,111.72,4.715995741076976
2018-01-12,107.69,4.679256729340789
2018-01-15,272.42,5.607344993019195
2018-01-16,61.57,4.120174738923119
2018-01-17,61.83,4.124388683570477
2018-01-18,115.86,4.752382565668478
2018-01-19,88.34,4.481193006168381
2018-01-22,110.72,4.707004491869359
2018-01-23,74.52,4.311067545733388
2018-01-24,93.27,4.535498512738772
2018-01-25,77.97,4.356324137321509
2018-01-26,110.0,4.700480365792417
2018-01-29,85.23,4.445353484534206
2018-01-30,68.45,4.226103551734458
2018-01-31,71.84,4.274441423993944
2018-02-01,49.78,3.907613296939446
2018-02-02,61.2,4.11414718951828
2018-02-05,145.79,4.982167230116731
2018-02-06,92.59,4.528181144459956
2018-02-07,58.29,4.0654305520574585
2018-02-08,89.29,4.491889499529125
2018-02-09,82.68,4.414977734813568
2018-02-12,80.89,4.393090207029862
2018-02-13,104.55,4.649665425874643
2018-02-21,95.81,4.562367063662782
2018-02-22,50.25,3.917010546939185
2018-02-23,55.72,4.020339148911605
2018-02-26,68.6,4.22829253473184
2018-02-27,52.64,3.9634762870170617
2018-02-28,46.68,3.8433158074183553
2018-03-01,69.3,4.238444906195857
2018-03-02,39.63,3.679586407202344
2018-03-05,148.37,4.999709153962702
2018-03-06,133.87,4.896869179797807
2018-03-07,87.33,4.469694046425642
2018-03-08,57.0,4.04305126783455
2018-03-09,132.57,4.887110807810759
2018-03-12,107.4,4.676560182074764
2018-03-13,54.85,4.00460218672124
2018-03-14,79.61,4.377139713100487
2018-03-15,43.98,3.783734985126615
2018-03-16,110.96,4.7091697760065765
2018-03-19,74.64,4.312676556539088
2018-03-20,79.32,4.373490303651595
2018-03-21,55.83,4.022311359322269
2018-03-22,57.36,4.0493471962913645
2018-03-23,66.64,4.199304997858588
2018-03-26,89.77,4.497250843768597
2018-03-27,22.48,3.1126260250254902
2018-03-28,26.48,3.276389731068808
2018-03-29,16.75,2.818398258271076
2018-03-30,44.07,3.785779278853896
2018-04-02,167.71,5.1222362973435365
2018-04-03,88.73,4.485598050847247
2018-04-04,52.9,3.968403338864253
2018-04-05,109.08,4.692081557977388
2018-04-06,70.62,4.25731339050024
2018-04-09,275.14,5.61728005903285
2018-04-10,56.17,4.028382806544341
2018-04-11,79.88,4.380525508547614
2018-04-12,190.11,5.247602852003535
2018-04-13,141.34,4.951168335262708
2018-04-16,65.26,4.178379291165174
2018-04-17,65.55,4.182813210209709
2018-04-18,71.44,4.268857936568244
2018-04-19,46.61,3.8418151103846494
2018-04-20,47.54,3.861571461932048
2018-04-23,66.91,4.2033484327947255
2018-04-24,35.09,3.557916189595124
2018-04-26,68.42,4.225665179549459
2018-04-27,25.82,3.2511493854184965
2018-05-02,95.92,4.5635145107192585
2018-05-03,57.16,4.045854353061666
2018-05-04,38.51,3.6509179478268177
2018-05-07,96.74,4.572026967394837
2018-05-08,100.02,4.605370165990758
2018-05-09,62.2,4.130354999745133
2018-05-10,74.02,4.30433532695801
2018-05-11,78.27,4.360164387816747
2018-05-14,127.21,4.845839264168119
2018-05-15,42.73,3.7549012496559335
2018-05-16,50.06,3.913222286003628
2018-05-17,74.49,4.310664888188185
2018-05-18,129.32,4.862289952857232
2018-05-21,87.84,4.47551697776122
2018-05-22,92.17,4.523634698005573
2018-05-23,171.23,5.14300768200088
2018-05-24,48.9,3.8897773964808255
2018-05-25,102.1,4.625952725170619
2018-05-28,49.45,3.900962058068721
2018-05-29,50.44,3.920784511096719
2018-05-30,135.21,4.906829125370667
2018-05-31,77.32,4.34795265434013
2018-06-01,109.62,4.697019839617971
2018-06-04,80.79,4.391853195491617
2018-06-05,36.31,3.5920931854262443
2018-06-06,37.98,3.63705970538414
2018-06-07,55.99,4.025173103360802
2018-06-08,112.51,4.72304210658298
2018-06-11,138.36,4.929858984068968
2018-06-12,235.59,5.462093006054893
2018-06-13,137.07,4.920491744243289
2018-06-14,96.72,4.571820206306537
2018-06-15,68.71,4.229894749042985
2018-06-18,79.32,4.373490303651595
2018-06-19,165.86,5.111144059023058
2018-06-20,222.05,5.402902581738111
2018-06-21,71.67,4.272072250005828
2018-06-22,80.35,4.386392092183521
2018-06-25,63.53,4.1515122352784415
2018-06-26,218.91,5.388660686445639
2018-06-27,39.58,3.678323940174419
2018-06-28,89.28,4.491777498633001
2018-06-29,54.02,3.98935434836447
2018-07-02,80.26,4.385271364838771
2018-07-03,119.73,4.785239207728752
2018-07-04,87.2,4.468204330914934
2018-07-05,80.07,4.382901252084542
2018-07-06,184.49,5.217595261469674
2018-07-09,110.48,4.704834509101037
2018-07-10,81.98,4.406475315076191
2018-07-11,40.76,3.707701208354524
2018-07-12,84.92,4.441709636835055
2018-07-13,74.75,4.314149212270796
2018-07-16,89.31,4.4921134636957945
2018-07-17,58.55,4.069881090043726
2018-07-18,75.12,4.319086834900007
2018-07-19,55.33,4.013315256910018
2018-07-20,132.11,4.883634908890262
2018-07-23,78.59,4.364244464878084
2018-07-24,77.37,4.348599108561364
2018-07-25,57.92,4.059062748077461
2018-07-26,104.65,4.650621448892009
2018-07-27,61.47,4.118549250918918
2018-07-30,153.38,5.032918502336713
2018-07-31,91.35,4.514698282824016
2018-08-01,57.71,4.055430468722875
2018-08-02,117.93,4.770091228101879
2018-08-03,87.73,4.474263916140292
2018-08-06,112.91,4.726591041192431
2018-08-07,72.24,4.27999390910873
2018-08-08,56.98,4.0427003290697625
2018-08-09,69.96,4.247923650150401
2018-08-10,76.97,4.343415735546226
2018-08-13,88.52,4.483228515182849
2018-08-14,55.18,4.01060056878914
2018-08-15,20.08,2.9997242948235283
2018-08-16,30.89,3.43043250693049
2018-08-17,62.36,4.132924044189576
2018-08-20,45.18,3.810654511039857
2018-08-21,81.92,4.4057431612911975
2018-08-22,38.52,3.651177586929925
2018-08-23,89.75,4.497028027368389
2018-08-24,80.33,4.386143150185721
2018-08-27,108.44,4.686197024630465
2018-08-28,165.65,5.109877128745905
2018-08-29,92.96,4.532169293103601
2018-08-30,90.46,4.504907764049697
2018-08-31,121.46,4.799584990469429
2018-09-04,74.36,4.308918162853243
2018-09-05,37.66,3.628598523229006
2018-09-06,68.5,4.22683374526818
2018-09-07,67.9,4.21803603456465
2018-09-10,47.25,3.855452653939752
2018-09-11,49.37,3.899342952270771
2018-09-12,40.31,3.6965995771290734
2018-09-13,29.73,3.3921566370100065
2018-09-14,36.1,3.586292865338835
2018-09-17,100.71,4.612245099660053
2018-09-18,71.72,4.272769648736932
2018-09-19,74.06,4.304875575485466
2018-09-20,54.24,3.99341864363214
2018-09-21,88.17,4.479266769098936
2018-09-24,89.13,4.490095978142626
2018-09-25,55.65,4.019082077721554
2018-09-26,37.16,3.6152329139456376
2018-09-27,22.95,3.133317936506554
2018-09-28,52.38,3.958524839079566
2018-10-01,166.69,5.116135799954996
2018-10-02,130.93,4.874662829239662
2018-10-03,107.49,4.677397819984972
2018-10-04,119.36,4.782144136455451
2018-10-05,66.64,4.199304997858588
2018-10-08,112.49,4.722864328804734
2018-10-09,31.39,3.4464893708538624
2018-10-10,58.99,4.077367938014984
2018-10-11,68.38,4.225080384211156
2018-10-12,103.11,4.635796379529852
2018-10-15,85.8,4.4520190064939165
2018-10-16,109.71,4.697840520829399
2018-10-17,77.94,4.355939299910563
2018-10-18,100.13,4.606469341719712
2018-10-19,70.3,4.252771798816619
2018-10-22,89.49,4.494126887194767
2018-10-23,52.04,3.952012653644304
2018-10-24,73.6,4.298645025734831
2018-10-25,89.53,4.494573764646065
2018-10-26,65.53,4.182508053051405
2018-10-29,64.23,4.162470391269701
2018-10-30,51.28,3.937300812612415
2018-10-31,79.07,4.370333536082836
2018-11-01,84.17,4.432838563223485
2018-11-02,82.99,4.418720118610357
2018-11-05,90.47,4.50501830403765
2018-11-06,148.95,5.003610679159292
2018-11-07,61.17,4.113656873254474
2018-11-08,51.63,3.9441028988915576
2018-11-09,41.01,3.713815939403968
2018-11-12,42.33,3.745496054532832
2018-11-13,64.87,4.172385267224964
2018-11-14,53.94,3.987872317711584
2018-11-15,55.04,4.008060193625088
2018-11-16,30.47,3.416742592997618
2018-11-19,10.92,2.390595970316759
2018-11-20,29.26,3.3762213955919784
2018-11-21,46.86,3.8471644330796497
2018-11-22,21.81,3.082368580213537
2018-11-23,24.17,3.1851121947153915
2018-11-26,168.44,5.126579603293727
2018-11-27,93.08,4.533459338434091
2018-11-28,100.92,4.614328123772857
2018-11-29,183.21,5.210633035903153
2018-11-30,136.43,4.915811662574783
2018-12-03,158.49,5.065691499844334
2018-12-04,109.29,4.694004899688582
2018-12-05,83.26,4.421968241766829
2018-12-06,110.19,4.702206148499686
2018-12-07,101.45,4.619566066271823
2018-12-10,71.08,4.263806003286451
2018-12-11,88.44,4.482324355989245
2018-12-12,57.97,4.059925635351641
2018-12-13,121.67,4.801312461799358
2018-12-14,86.56,4.460837815098172
2018-12-17,101.75,4.622518824322705
2018-12-18,103.24,4.637056374850413
2018-12-19,114.17,4.737688565688236
2018-12-20,79.38,4.37424644735492
2018-12-21,144.91,4.976112860057833
2018-12-24,141.79,4.954347089749467
2018-12-25,171.11,5.142306624543879
2018-12-26,198.19,5.289226166536256
2018-12-27,161.1,5.082025290182929
2018-12-28,156.65,5.054014017398201
2019-01-02,146.97,4.990228484318593
2019-01-03,212.58,5.359318388105436
2019-01-04,153.15,5.031417833278784
2019-01-07,148.61,5.001325424770478
2019-01-08,259.25,5.557792847109637
2019-01-09,120.42,4.790985632036302
2019-01-10,148.84,5.002871903478422
2019-01-11,170.68,5.1397904583198
2019-01-14,223.58,5.40976929184218
2019-01-15,104.39,4.648133885420207
2019-01-16,173.46,5.155947025256309
2019-01-17,168.92,5.129425230065743
2019-01-18,154.17,5.038055889672248
2019-01-21,216.29,5.37662009980521
2019-01-22,107.95,4.681668156960816
2019-01-23,88.26,4.4802870038414015
2019-01-24,106.06,4.664004971708984
2019-01-25,105.17,4.655578088531937
2019-01-28,73.71,4.300138475201197
2019-01-29,62.53,4.135646441579207
2019-01-30,123.71,4.81794011687474
2019-01-31,126.24,4.838184857097564
2019-02-01,95.81,4.562367063662782
2019-02-11,59.53,4.086480387165299
2019-02-12,45.91,3.826682958261131
2019-02-13,93.01,4.532707014254376
2019-02-14,35.99,3.58324112209094
2019-02-15,55.54,4.017103481878653
2019-02-18,57.35,4.04917284357538
2019-02-19,79.79,4.379398183320189
2019-02-20,65.36,4.179910450551748
2019-02-21,87.44,4.470952843868283
2019-02-22,115.34,4.747884288187267
2019-02-25,84.03,4.431173877940127
2019-02-26,68.54,4.227417516446463
2019-02-27,128.81,4.858338450407997
2019-02-28,125.24,4.830231896458205
2019-03-01,110.76,4.707365698302761
2019-03-04,71.01,4.262820712194002
2019-03-05,138.38,4.930003524070665
2019-03-06,78.64,4.364880475838911
2019-03-07,138.86,4.933466231325127
2019-03-08,81.81,4.404399485525607
2019-03-11,161.35,5.083575918497971
2019-03-12,93.23,4.535069558308602
2019-03-13,81.38,4.399129542573544
2019-03-14,56.33,4.031227252906622
2019-03-15,66.48,4.196901150547193
2019-03-18,77.23,4.346787982581173
2019-03-19,82.83,4.416790314610172
2019-03-20,75.89,4.3292849234158215
2019-03-21,91.17,4.512725895596812
2019-03-22,83.99,4.430697744137536
2019-03-25,69.27,4.238011912034514
2019-03-26,78.28,4.360292142527875
2019-03-27,92.66,4.528936879988502
2019-03-28,53.74,3.984157603187345
2019-03-29,91.25,4.513602992462601
2019-04-01,117.34,4.765075703497714
2019-04-02,130.56,4.871832891215797
2019-04-03,81.95,4.406109305189839
2019-04-04,82.78,4.416186486320586
2019-04-05,50.15,3.915018514407945
2019-04-08,58.07,4.061649179383958
2019-04-09,60.19,4.09750622555968
2019-04-10,71.78,4.273605885719461
2019-04-11,54.57,3.9994842811981406
2019-04-12,75.79,4.327966357823938
2019-04-16,58.1,4.062165663857866
2019-04-17,63.24,4.146937012341271
2019-04-18,56.96,4.04234926710372
2019-04-19,48.34,3.878259375275337
2019-04-22,78.68,4.365388993520859
2019-04-23,56.96,4.04234926710372
2019-04-24,60.14,4.096675177560383
2019-04-25,76.31,4.334803991301542
2019-04-26,67.89,4.217888748313555
2019-05-02,30.2,3.407841924380824
2019-05-03,57.65,4.054390246715068
2019-05-06,93.78,4.5409516136614405
2019-05-07,111.09,4.710340683593631
2019-05-08,101.81,4.623108331119105
2019-05-09,67.46,4.2115348296335045
2019-05-10,108.12,4.683241721408247
2019-05-13,94.65,4.550185877655332
2019-05-14,126.65,4.841427376447684
2019-05-15,132.3,4.88507207112091
2019-05-16,94.72,4.550925171135695
2019-05-17,117.89,4.769751986304036
2019-05-20,95.08,4.554718642491993
2019-05-21,73.8,4.301358731606427
2019-05-22,69.8,4.245634009768327
2019-05-23,71.04,4.2632430986839145
2019-05-24,144.24,4.971478578895062
2019-05-27,102.04,4.625364893273611
2019-05-28,69.48,4.241038941372905
2019-05-29,55.62,4.018542848805819
2019-05-30,50.84,3.928683446321253
2019-05-31,94.35,4.547011271814559
2019-06-03,72.86,4.288539791580417
2019-06-04,120.06,4.787991617823697
2019-06-05,217.51,5.382244826483323
2019-06-06,137.43,4.923114696566761
2019-06-07,242.25,5.489970250770876
2019-06-10,162.1,5.08821342874163
2019-06-11,130.24,4.869378902254231
2019-06-12,116.03,4.753848778359454
2019-06-13,143.87,4.968910114048942
2019-06-14,145.07,4.977216384550811
2019-06-17,82.16,4.408668565620303
2019-06-18,146.35,4.986001013137895
2019-06-19,77.89,4.355297574931857
2019-06-20,116.67,4.759349436835766
2019-06-21,178.92,5.186938778564647
2019-06-24,92.75,4.529907701487544
2019-06-25,74.19,4.306629370201435
2019-06-26,142.51,4.959412172685121
2019-06-27,64.08,4.160132302760104
2019-06-28,129.48,4.863526429058044
2019-07-01,174.62,5.162612184382661
2019-07-02,144.12,4.9706462858798925
2019-07-03,126.27,4.838422471450589
2019-07-04,96.84,4.573060132069858
2019-07-05,72.83,4.288127958229824
2019-07-08,72.06,4.277499105319947
2019-07-09,40.14,3.692373343368192
2019-07-10,45.62,3.820346216856242
2019-07-11,103.84,4.64285125295578
2019-07-12,72.49,4.283448621312786
2019-07-15,72.19,4.279301532151069
2019-07-16,53.41,3.977997994351679
2019-07-17,77.06,4.344584339198011
2019-07-18,61.63,4.121148764974151
2019-07-19,61.84,4.124550404279167
2019-07-22,75.32,4.321745703788952
2019-07-23,114.24,4.738301498591274
2019-07-24,79.72,4.378520495344594
2019-07-25,40.68,3.70573657118036
2019-07-26,116.11,4.7545380176389145
2019-07-29,86.97,4.465563231601674
2019-07-30,139.24,4.936199062943238
2019-07-31,103.01,4.634826070895602
2019-08-01,150.2,5.011967739330034
2019-08-02,117.41,4.76567208264212
2019-08-05,83.03,4.419201988273939
2019-08-06,84.05,4.431411859854625
2019-08-07,92.22,4.52417702677856
2019-08-08,93.48,4.537747509670657
2019-08-09,92.35,4.5255857066452485
2019-08-12,109.59,4.696746129475301
2019-08-13,70.1,4.249922794040544
2019-08-14,133.71,4.895673275626574
2019-08-15,144.25,4.971547905388209
2019-08-16,105.71,4.660699495780571
2019-08-19,144.84,4.975629684897441
2019-08-20,229.29,5.434987577922902
2019-08-21,278.29,5.62866373543926
2019-08-22,186.06,5.226069202340413
2019-08-23,268.83,5.594079209564238
2019-08-26,267.98,5.590912350860462
2019-08-27,173.5,5.156177599386914
2019-08-28,132.75,4.888467660122048
2019-08-29,100.25,4.607667066186679
2019-08-30,116.43,4.7572902340489245
2019-09-03,95.61,4.560277417097355
2019-09-04,92.02,4.522005944727322
2019-09-05,106.57,4.668802046232865
2019-09-06,130.51,4.8714498521794365
2019-09-09,65.84,4.187227556368814
2019-09-10,64.63,4.168678699274804
2019-09-11,58.52,4.069368576151923
2019-09-12,100.33,4.608464752937522
2019-09-13,103.12,4.635893358630932
2019-09-16,67.24,4.208268308540415
2019-09-17,79.18,4.371723741677985
2019-09-18,72.64,4.285515734293038
2019-09-19,184.82,5.219382378459894
2019-09-20,98.34,4.5884308619837935
2019-09-23,134.52,4.901712886872069
2019-09-24,120.81,4.7942190635314725
2019-09-25,144.83,4.975560640812765
2019-09-26,60.07,4.09551054886207
2019-09-27,101.26,4.617691466541763
2019-09-30,113.0,4.727387818712341
2019-10-01,65.08,4.175617282350837
2019-10-02,92.82,4.5306621338130295
2019-10-03,46.59,3.8413859258287055
2019-10-04,105.75,4.661077817926388
2019-10-07,137.56,4.924060185564065
2019-10-08,165.35,5.108064439427801
2019-10-09,62.58,4.136445738240736
2019-10-10,119.93,4.78690823924363
2019-10-11,95.08,4.554718642491993
2019-10-14,108.55,4.6872108963243
2019-10-15,68.05,4.220242729097475
2019-10-16,114.65,4.741884009303914
2019-10-17,156.8,5.054971107916307
2019-10-18,64.05,4.159664028342744
2019-10-21,57.74,4.055950174234789
2019-10-22,42.25,3.743604353803183
2019-10-23,80.02,4.382276603429089
2019-10-24,56.27,4.030161533445187
2019-10-25,67.88,4.217741440366026
2019-10-28,28.94,3.365224721203338
2019-10-29,134.13,4.898809478913999
2019-10-30,111.12,4.7106106984460885
2019-10-31,133.29,4.892527205615926
2019-11-01,35.14,3.559340082758951
2019-11-04,75.66,4.326249619204883
2019-11-05,129.4,4.8629083820668
2019-11-06,48.77,3.887115369721961
2019-11-07,67.84,4.217151991483648
2019-11-08,127.43,4.847567194224188
2019-11-11,101.72,4.622223940553919
2019-11-12,89.57,4.495020442487104
2019-11-13,106.88,4.671706709788335
2019-11-14,53.75,3.984343667007772
2019-11-15,56.77,4.039008017182635
2019-11-18,19.85,2.9882040071331994
2019-11-19,33.14,3.500741011998417
2019-11-20,46.27,3.834493802918909
2019-11-21,65.17,4.176999240344289
2019-11-22,83.86,4.429148741742616
2019-11-25,41.17,3.717709835781813
2019-11-26,37.49,3.6240742307478206
2019-11-27,37.18,3.6157709822932977
2019-11-28,97.06,4.57532934397707
2019-11-29,122.19,4.805577210328431
2019-12-02,86.08,4.455277096413474
2019-12-03,69.28,4.23815626425418
2019-12-04,64.18,4.161691635681711
2019-12-05,36.86,3.607126952241677
2019-12-06,134.85,4.904163049585739
2019-12-09,130.15,4.868687631440574
2019-12-10,189.13,5.242434609300363
2019-12-11,111.83,4.716979861040097
2019-12-12,99.79,4.603067977896221
2019-12-13,164.4,5.10230248262208
2019-12-16,79.66,4.377767577753498
2019-12-17,140.79,4.947269418474436
2019-12-18,89.87,4.498364181670282
2019-12-19,70.52,4.25589635752967
2019-12-20,141.48,4.95215836433728
2019-12-23,110.91,4.70871906161665
2019-12-24,97.08,4.5755353808584
2019-12-25,43.46,3.771840974828284
2019-12-26,106.92,4.672080891270718
2019-12-27,127.92,4.851405068525699
2019-12-30,101.31,4.618185123065586
2019-12-31,105.75,4.661077817926388
2020-01-02,139.13,4.935408747853786
2020-01-03,108.1,4.683056724645162
2020-01-06,147.96,4.996941966964253
2020-01-07,103.98,4.6441985729555695
2020-01-08,91.15,4.512506501124672
2020-01-09,71.92,4.275554390163365
2020-01-10,74.58,4.311872374750675
2020-01-13,124.82,4.826872699505897
2020-01-14,109.27,4.693821883582654
2020-01-15,98.77,4.592793914920036
2020-01-16,88.05,4.477904834942216
2020-01-17,77.76,4.353627160152183
2020-01-20,96.05,4.564868889214566
2020-01-21,87.56,4.472324272654662
2020-01-22,77.19,4.346269914961763
2020-01-30,142.05,4.956179108300197
2020-01-31,122.2,4.805659046737495
2020-02-03,124.15,4.821490511954176
2020-02-04,111.96,4.718141664647253
2020-02-05,84.94,4.441945124885125
2020-02-06,81.75,4.403665809777363
2020-02-07,130.27,4.8696092197094725
2020-02-10,111.39,4.713037556857098
2020-02-11,152.71,5.028540697965091
2020-02-12,79.26,4.372733587762289
2020-02-13,82.23,4.409520198982804
2020-02-14,71.98,4.276388302650885
2020-02-17,82.54,4.413283024324436
2020-02-18,77.38,4.348728349272367
2020-02-19,56.47,4.033709523684745
2020-02-20,103.7,4.641502115235482
2020-02-21,106.59,4.668989698701045
2020-02-24,88.73,4.485598050847247
2020-02-25,147.84,4.996130607893374
2020-02-26,97.49,4.57974980864118
2020-02-27,106.55,4.668614358544626
2020-02-28,172.45,5.15010733938285
2020-03-02,153.53,5.033895987670808
2020-03-03,132.55,4.886959932735035
2020-03-04,197.2,5.284218442168535
2020-03-05,118.02,4.770854101629023
2020-03-06,132.5,4.886582645426277
2020-03-09,276.24,5.621270053081737
2020-03-10,296.12,5.6907647775748975
2020-03-11,234.73,5.458435917440796
2020-03-12,187.08,5.231536332857686
2020-03-13,330.85,5.801665100458068
2020-03-16,323.71,5.779848053257003
2020-03-17,378.92,5.937325101007334
2020-03-18,455.45,6.121285941190819
2020-03-19,514.67,6.243525918579576
2020-03-20,633.51,6.45127578495626
2020-03-23,572.94,6.350780999190167
2020-03-24,596.78,6.391548536263666
2020-03-25,449.86,6.108936423248153
2020-03-26,670.3,6.507725373363912
2020-03-27,557.18,6.322888347506968
2020-03-30,361.46,5.890151385407493
2020-03-31,516.55,6.247172089295455
2020-04-01,474.81,6.1629147240133015
2020-04-03,540.5,6.292494637079263
2020-04-06,605.38,6.405856360032667
2020-04-07,468.08,6.14863922147998
2020-04-08,524.13,6.261739745154463
2020-04-09,417.54,6.034380348084814
2020-04-10,461.87,6.135283466204087
2020-04-13,638.81,6.459607070570239
2020-04-14,441.32,6.0897702358921055
2020-04-15,455.68,6.121790808783556
2020-04-16,505.52,6.2255876024652
2020-04-17,573.7,6.352106611607826
2020-04-20,618.66,6.427555848757907
2020-04-21,599.13,6.395478602948832
2020-04-22,511.42,6.23719117042245
2020-04-23,505.54,6.225627164904625
2020-04-24,562.5,6.332391134078575
2020-04-27,642.66,6.465615813004593
2020-04-28,479.89,6.173556910972577
2020-04-29,439.11,6.084749951163965
2020-05-04,449.38,6.107868854978085
2020-05-05,807.66,6.694141177884057
2020-05-06,498.71,6.212024764486588
2020-05-07,504.24,6.223052345204855
2020-05-08,488.53,6.191400882084373
2020-05-11,527.36,6.267883427281053
2020-05-12,442.15,6.091649191021744
2020-05-13,553.21,6.315737676272198
2020-05-14,508.02,6.230520816882241
2020-05-15,374.22,5.924843859766086
2020-05-18,511.62,6.237582161982013
2020-05-19,363.66,5.896219365191249
2020-05-20,420.68,6.041872449651828
2020-05-21,361.11,5.889182621059753
2020-05-22,418.96,6.037775449971233
2020-05-25,462.96,6.137640657265584
2020-05-26,389.21,5.964119043712501
2020-05-27,355.1,5.872399439949042
2020-05-28,421.99,6.044981617072777
2020-05-29,426.28,6.055096407352756
2020-06-01,226.8,5.4240685718535975
2020-06-02,257.49,5.550980884398238
2020-06-03,287.17,5.660074374893562
2020-06-04,231.24,5.443456132214275
2020-06-05,235.07,5.459883342129427
2020-06-08,318.64,5.764061938873389
2020-06-09,191.32,5.253947418812096
2020-06-10,237.88,5.471766344838393
2020-06-11,317.86,5.7616110342686735
2020-06-12,293.12,5.680582081485765
2020-06-15,300.34,5.704915166252135
2020-06-16,319.69,5.767351776252221
2020-06-17,348.4,5.853351244978348
2020-06-18,322.96,5.777528476544686
2020-06-19,450.64,6.110668794586458
2020-06-22,259.55,5.558949362273238
2020-06-23,309.15,5.733826596004578
2020-06-24,224.4,5.413430173648541
2020-06-25,225.72,5.419295293100939
2020-06-26,260.33,5.561950056992292
2020-06-29,301.58,5.70903532093765
2020-06-30,292.37,5.678020123432761
2020-07-01,329.62,5.797940475806034
2020-07-02,249.7,5.520260197285728
2020-07-03,412.01,6.02104762089963
2020-07-06,389.2,5.96409335031185
2020-07-07,278.61,5.6298129544560265
2020-07-08,319.33,5.766225050834909
2020-07-09,267.49,5.589082182459723
2020-07-10,259.27,5.55786998974641
2020-07-13,212.54,5.359130205944549
2020-07-14,308.28,5.731008460909792
2020-07-15,352.74,5.8657312416422185
2020-07-16,313.71,5.748468992278607
2020-07-17,555.06,6.3190762160112826
2020-07-20,430.14,6.064110737092836
2020-07-21,423.52,6.048600738478791
2020-07-22,297.02,5.693799476602799
2020-07-23,282.1,5.642261618007951
2020-07-24,290.25,5.670742620578001
2020-07-27,521.96,6.257590956594046
2020-07-28,315.73,5.754887417973469
2020-07-29,370.27,5.914232469244718
2020-07-30,307.77,5.729352750767731
2020-07-31,384.08,5.9508508642226845
2020-08-03,271.04,5.60226641146369
2020-08-04,391.33,5.96955119379609
2020-08-05,253.99,5.537294896164775
2020-08-06,285.63,5.65469726696571
2020-08-07,276.7,5.62293388679288
2020-08-10,388.62,5.962602002422881
2020-08-11,359.14,5.883712284613752
2020-08-12,202.2,5.309257306586371
2020-08-13,282.72,5.644457008571386
2020-08-14,345.8,5.84586057324919
2020-08-17,350.55,5.859503349652977
2020-08-18,341.68,5.833874626533211
2020-08-19,216.18,5.376111393988057
2020-08-20,250.25,5.52246041819533
2020-08-21,286.03,5.656096700423641
2020-08-24,186.9,5.230573714461517
2020-08-25,213.68,5.3644795688017055
2020-08-26,154.27,5.038704314023848
2020-08-27,180.61,5.196340010435573
2020-08-28,296.28,5.691304953145089
2020-08-31,169.1,5.130490255904535
2020-09-01,204.69,5.321496639495442
2020-09-03,243.52,5.495199074673321
2020-09-04,224.01,5.41169069371572
2020-09-07,491.37,6.197197408162398
2020-09-08,208.78,5.341281065980152
2020-09-09,209.54,5.344914651924819
2020-09-10,218.1,5.384953673207583
2020-09-11,237.03,5.468186715402752
2020-09-14,270.62,5.600715622835498
2020-09-15,245.27,5.502359644559846
2020-09-16,244.64,5.499787742180752
2020-09-17,248.91,5.517091385344304
2020-09-18,244.41,5.49884714299066
2020-09-21,177.56,5.179308579965834
2020-09-22,126.1,4.837075242970874
2020-09-23,161.46,5.08425743396687
2020-09-24,246.25,5.506347280052198
2020-09-25,252.32,5.530698123214728
2020-09-28,189.79,5.2459181977488285
2020-09-29,185.6,5.2235938203521
2020-09-30,207.77,5.336431698656694
2020-10-01,259.5,5.558756702605943
2020-10-02,390.29,5.966890052541402
2020-10-05,273.84,5.61254399422193
2020-10-06,334.28,5.811978965133235
2020-10-07,426.88,6.056502943287204
2020-10-08,294.91,5.686670225046239
2020-10-09,306.7,5.725870071120206
2020-10-12,289.7,5.668845904775305
2020-10-13,220.87,5.397574293145378
2020-10-14,341.81,5.834255027128882
2020-10-15,141.19,4.950106501021434
2020-10-16,200.48,5.300714491147758
2020-10-19,249.35,5.518857531992132
2020-10-20,234.01,5.455363849487321
2020-10-21,158.05,5.062911438661627
2020-10-22,167.77,5.122593993782309
2020-10-23,138.34,4.929714423172439
2020-10-26,294.62,5.685686390386793
2020-10-27,187.07,5.231482878360813
2020-10-28,234.14,5.455919227051527
2020-10-29,298.36,5.698300811086963
2020-10-30,277.43,5.625568649113286
2020-11-02,418.93,6.037703841526179
2020-11-03,335.3,5.815025653472183
2020-11-04,370.7,5.915393110156686
2020-11-05,303.07,5.713963801929952
2020-11-06,390.29,5.966890052541402
2020-11-09,254.34,5.5386719545926
2020-11-10,192.03,5.257651609822021
2020-11-11,252.06,5.529667154409346
2020-11-12,184.25,5.216293531069446
2020-11-13,123.79,4.818586581543719
2020-11-16,254.24,5.538278702788406
2020-11-17,196.81,5.282238796335346
2020-11-18,154.81,5.042198558552374
2020-11-19,224.65,5.414543635516169
2020-11-20,230.2,5.438948496287782
2020-11-23,415.59,6.029699197337897
2020-11-24,262.51,5.570289176544168
2020-11-25,276.82,5.623367475468556
2020-11-26,157.55,5.059742868203284
2020-11-27,238.32,5.473614308405026
2020-11-30,156.15,5.050817083729088
2020-12-01,248.2,5.514234872770507
2020-12-02,156.7,5.054333149361975
2020-12-03,189.91,5.246550275726154
2020-12-04,215.13,5.371242496562593
2020-12-07,269.89,5.598014468578022
2020-12-08,259.64,5.559296056165268
2020-12-09,144.77,4.975146276165952
2020-12-10,256.04,5.545333682273803
2020-12-11,122.3,4.806477042693127
2020-12-14,186.91,5.230627217578086
2020-12-15,139.29,4.93655809069994
2020-12-16,136.12,4.913536849632705
2020-12-17,195.87,5.277451173866652
2020-12-18,146.67,4.988185165258664
2020-12-21,246.79,5.508537772571756
2020-12-22,147.55,4.994167101388949
2020-12-23,291.07,5.6735637880722
2020-12-24,256.16,5.545802249248404
2020-12-25,174.42,5.161466183798839
2020-12-28,217.47,5.382060909980896
2020-12-29,286.36,5.657249760527984
2020-12-30,368.46,5.909332157569363
2020-12-31,307.12,5.727238550692542
2021-01-04,233.3,5.452325179027384
2021-01-05,208.61,5.340466480056195
2021-01-06,139.81,4.940284357999733
2021-01-07,124.29,4.82261754475742
2021-01-08,104.8,4.6520537718869415
2021-01-11,308.7,5.732369931508114
2021-01-12,229.15,5.434376810955133
2021-01-13,223.57,5.409724564122167
2021-01-14,157.94,5.062215214069435
2021-01-15,149.93,5.010168518506812
2021-01-18,159.6,5.072670685015709
2021-01-19,170.18,5.136856700421411
2021-01-20,309.33,5.734408668197962
2021-01-21,280.95,5.638176717558207
2021-01-22,192.0,5.2574953720277815
2021-01-25,241.85,5.488317699268992
2021-01-26,254.93,5.540988997669792
2021-01-27,251.13,5.525970733340075
2021-01-28,150.0,5.010635294096256
2021-01-29,248.96,5.5172922409900265
2021-02-01,144.04,4.970091038780675
2021-02-02,282.75,5.64456311499623
2021-02-03,145.65,4.981206483405444
2021-02-04,129.36,4.862599215268851
2021-02-05,111.2,4.711330381816482
2021-02-08,232.61,5.449363231421816
2021-02-09,84.45,4.436159643253809
2021-02-17,84.88,4.441238494305727
2021-02-18,148.02,4.99734739976932
2021-02-19,106.51,4.6682388774550745
2021-02-22,132.3,4.88507207112091
2021-02-23,145.25,4.978456395732021
2021-02-24,186.94,5.230787709754438
2021-02-25,124.74,4.826231571097977
2021-02-26,223.25,5.408292219756609
2021-03-01,257.79,5.552145299993241
2021-03-02,122.0,4.804021044733257
2021-03-03,103.44,4.638991734463602
2021-03-04,76.48,4.337029268743146
2021-03-05,231.03,5.442547572219269
2021-03-08,328.48,5.794475953270624
2021-03-09,167.78,5.122653597418148
2021-03-10,195.33,5.27469043591688
2021-03-11,275.24,5.617643444334279
2021-03-12,106.71,4.6701148746284735
2021-03-15,206.85,5.331993892907421
2021-03-16,87.46,4.471181545984774
2021-03-17,187.89,5.235856685205431
2021-03-18,180.02,5.19306795582894
2021-03-19,211.66,5.354981213665578
2021-03-22,275.36,5.618079332463229
2021-03-23,193.53,5.26543253921226
2021-03-24,126.24,4.838184857097564
2021-03-25,142.05,4.956179108300197
2021-03-26,108.99,4.69125613490122
2021-03-29,177.66,5.179871611341555
2021-03-30,121.16,4.797111986159036
2021-03-31,136.03,4.912875449645338
2021-04-01,76.09,4.331916850188431
2021-04-02,130.61,4.8722157835894295
2021-04-05,181.6,5.201806466167193
2021-04-06,125.46,4.831986982668597
2021-04-07,205.44,5.325154020501596
2021-04-08,115.07,4.745540638835367
2021-04-09,115.04,4.745279893972737
2021-04-12,69.6,4.242764567340374
2021-04-13,112.82,4.72579362831183
2021-04-14,65.13,4.17638527255831
2021-04-15,111.93,4.717873675901176
2021-04-16,86.85,4.464182492687114
2021-04-19,92.0,4.5217885770490405
2021-04-20,89.99,4.4996985530458575
2021-04-22,70.82,4.2601414466837575
2021-04-23,102.84,4.633174382397689
2021-04-26,84.99,4.442533602510535
2021-04-27,165.42,5.1084876942637605
2021-04-28,102.3,4.627909672957581
2021-04-29,153.32,5.032527240512354
2021-05-04,119.21,4.78088664372991
2021-05-05,176.89,5.1755280704554165
2021-05-06,142.39,4.958569771792903
2021-05-07,170.41,5.138207298119301
2021-05-10,168.8,5.128714582161857
2021-05-11,175.89,5.169858799644233
2021-05-12,78.7,4.365643155423357
2021-05-13,94.65,4.550185877655332
2021-05-14,100.11,4.606269581431392
2021-05-17,128.94,4.859347179882474
2021-05-18,96.41,4.568609930676289
2021-05-19,147.69,4.9951154824382185
2021-05-20,189.22,5.242910359276298
2021-05-21,108.94,4.690797271955528
2021-05-24,183.43,5.21183312332626
2021-05-25,145.6,4.980863135762585
2021-05-26,71.66,4.271932711876808
2021-05-27,70.25,4.252060308213856
2021-05-28,171.86,5.146680191885077
2021-05-31,74.69,4.313346214368975
2021-06-01,176.43,5.172924197139975
2021-06-02,83.31,4.422568589986818
2021-06-03,109.44,4.69537645387424
2021-06-04,68.0,4.219507705176107
2021-06-07,111.43,4.713396591058963
2021-06-08,109.81,4.698751599609622
2021-06-09,131.85,4.881664912799296
2021-06-10,122.88,4.811208269399362
2021-06-11,97.74,4.582310891842009
2021-06-14,117.23,4.7641378170837365
2021-06-15,109.37,4.694736629347134
2021-06-16,104.83,4.6523399904644815
2021-06-17,94.44,4.547964712217312
2021-06-18,142.32,4.958078043357579
2021-06-21,174.11,5.159687283378507
2021-06-22,100.0,4.605170185988092
2021-06-23,60.28,4.099000373758295
2021-06-24,113.04,4.727741738376272
2021-06-25,92.88,4.531308337389636
2021-06-28,168.47,5.126757692398113
2021-06-29,74.51,4.310933344565636
2021-06-30,133.65,4.895224442584928
2021-07-01,82.66,4.414735809083586
2021-07-02,133.09,4.891025591098464
2021-07-05,144.78,4.975215348864995
2021-07-06,199.58,5.296215158456167
2021-07-07,57.23,4.047078236421011
2021-07-08,67.69,4.214938458520516
2021-07-09,84.3,4.4343818650078095
2021-07-12,144.11,4.97057689685027
2021-07-13,192.35,5.259316629198304
2021-07-14,98.68,4.591882291661156
2021-07-15,153.82,5.035783087628908
2021-07-16,140.71,4.9467010348001645
2021-07-19,103.99,4.644294740672142
2021-07-20,130.37,4.870376561674688
2021-07-21,185.19,5.221382325073914
2021-07-22,91.1,4.511957804265912
2021-07-23,138.66,4.9320248935143445
2021-07-26,125.45,4.831907272812432
2021-07-27,132.55,4.886959932735035
2021-07-28,152.66,5.028213226370324
2021-07-29,144.4,4.972587226458726
2021-07-30,133.44,4.893651938610437
2021-08-02,124.58,4.824948079825999
2021-08-03,77.81,4.354269957628839
2021-08-04,67.39,4.2104966389581255
2021-08-05,179.01,5.1874416702021
2021-08-06,107.12,4.673949701382917
2021-08-09,134.96,4.904978438237713
2021-08-10,399.87,5.991139494284036
2021-08-11,96.07,4.565077092421647
2021-08-12,90.39,4.50413364181032
2021-08-13,101.4,4.619073091157083
2021-08-16,131.18,4.876570425865589
2021-08-17,113.72,4.733739286782799
2021-08-18,113.23,4.729421148325948
2021-08-19,78.58,4.364117214130314
2021-08-20,85.35,4.4467604492404496
2021-08-23,177.96,5.181558805937841
2021-08-24,86.77,4.463260939805398
2021-08-25,74.18,4.306494572061445
2021-08-26,54.9,4.005513348515485
2021-08-27,69.52,4.241614480957137
2021-08-30,77.75,4.353498551059343
2021-08-31,166.77,5.116615617633488
2021-09-01,88.74,4.485710745950764
2021-09-06,222.33,5.404162764631377
2021-09-07,165.86,5.111144059023058
2021-09-08,118.66,4.776262260830497
2021-09-09,56.89,4.041119578762556
2021-09-10,72.22,4.279717015849312
2021-09-13,209.02,5.342429941166357
2021-09-14,135.76,4.910888620925971
2021-09-15,106.93,4.672174414768565
2021-09-16,44.76,3.801314883443725
2021-09-17,83.45,4.424247650107844
2021-09-20,159.31,5.070851989584804
2021-09-21,196.08,5.2785227392198575
2021-09-22,98.64,4.591476858856089
2021-09-23,79.1,4.370712874773608
2021-09-24,86.86,4.464297627106676
2021-09-27,243.51,5.495158009441194
2021-09-28,126.3,4.838660029356445
2021-09-29,104.63,4.650430317392956
2021-09-30,142.53,4.95955250386694
2021-10-01,88.83,4.486724430781609
2021-10-04,148.03,4.997414955925401
2021-10-05,97.14,4.576153236917599
2021-10-06,145.53,4.980382250925235
2021-10-07,100.93,4.614427207250769
2021-10-08,96.69,4.5715099844954565
2021-10-11,85.57,4.449334754429963
2021-10-12,90.52,4.505570820765336
2021-10-13,111.12,4.7106106984460885
2021-10-14,94.34,4.546905277856116
2021-10-15,65.19,4.177306082936448
2021-10-18,159.77,5.073735281039481
2021-10-19,73.95,4.303389189156809
2021-10-20,59.85,4.091841432003982
2021-10-21,69.73,4.244630641232919
2021-10-22,101.73,4.622322244805657
2021-10-25,102.62,4.631032845513819
2021-10-26,99.45,4.599655005299981
2021-10-27,63.73,4.154655409326203
2021-10-28,90.49,4.505239347363042
2021-10-29,77.35,4.348340577019075
2021-11-01,136.17,4.913904105136484
2021-11-02,110.75,4.707275408925245
2021-11-03,188.57,5.239469290738831
2021-11-04,156.8,5.054971107916307
2021-11-05,211.53,5.354366832399059
2021-11-08,363.38,5.895449118674295
2021-11-09,149.84,5.009568058135833
2021-11-10,39.0,3.6635616461296463
2021-11-11,65.66,4.184489912073446
2021-11-12,202.74,5.311924369954253
2021-11-15,107.9,4.681204872264089
2021-11-16,112.32,4.721351940277501
2021-11-17,114.88,4.743888105299914
2021-11-18,141.8,4.954417614098027
2021-11-19,120.37,4.790570332391644
2021-11-22,92.12,4.523092074952484
2021-11-23,98.64,4.591476858856089
2021-11-24,131.12,4.876112934435574
2021-11-25,58.34,4.066287964439575
2021-11-26,57.97,4.059925635351641
2021-11-29,103.8,4.642465970731788
2021-11-30,117.24,4.764223115842691
2021-12-01,108.42,4.686012573832192
2021-12-02,90.4,4.504244267398131
2021-12-03,219.57,5.391671088281245
2021-12-06,90.05,4.500365071621965
2021-12-07,121.78,4.802216138180428
2021-12-08,94.23,4.545738602218665
2021-12-09,59.47,4.085471983718502
2021-12-10,78.93,4.368561383720311
2021-12-13,214.47,5.36816986844687
2021-12-14,76.16,4.33283639048311
2021-12-15,103.8,4.642465970731788
2021-12-16,152.15,5.02486687634298
2021-12-17,130.93,4.874662829239662
2021-12-20,118.72,4.77676777941907
2021-12-21,164.17,5.100902476306427
2021-12-22,130.79,4.8735929835010605
2021-12-23,171.54,5.144816475562275
2021-12-24,98.9,4.594109238628667
2021-12-27,179.41,5.189673689431293
2021-12-28,113.84,4.734793953781597
2021-12-29,84.18,4.432957363342425
2021-12-30,131.66,4.88022284203973
2021-12-31,132.09,4.883483508435773
2022-01-04,192.08,5.257911951912998
2022-01-05,111.08,4.710250662438599
2022-01-06,235.1,5.460010955546024
2022-01-07,57.41,4.050218504179545
2022-01-10,120.25,4.78957290898587
2022-01-11,77.55,4.350922889622548
2022-01-12,91.97,4.521462436914606
2022-01-13,57.28,4.04795152265239
2022-01-14,73.63,4.299052551380625
2022-01-17,174.94,5.164443057991709
2022-01-18,77.0,4.343805421853684
2022-01-19,71.25,4.26619481914876
2022-01-20,72.93,4.289500076996142
2022-01-21,126.04,4.836599316889074
2022-01-24,273.48,5.611228493045593
2022-01-25,190.88,5.251644958349606
2022-01-26,146.78,4.9889348671169165
2022-01-27,164.89,5.105278584912877
2022-01-28,129.34,4.862444596018447
2022-02-07,97.27,4.577490616881349
2022-02-08,115.82,4.752037261797644
2022-02-09,83.48,4.4246070822090005
2022-02-10,84.38,4.435330406696193
2022-02-11,67.68,4.214790715297968
2022-02-14,201.81,5.307326660705624
2022-02-15,109.46,4.695559185715772
2022-02-16,73.91,4.302848136796795
2022-02-17,107.1,4.673762977453703
2022-02-18,180.25,5.1943447761650585
2022-02-21,114.2,4.73795129722191
2022-02-22,180.27,5.194455727013946
2022-02-23,89.64,4.495801648932726
2022-02-24,156.68,5.05420550879763
2022-02-25,161.59,5.085062262984157
2022-02-28,167.06,5.118353029327761
2022-03-01,188.05,5.2367078849163455
2022-03-02,134.88,4.904385494253545
2022-03-03,204.82,5.322131544647291
2022-03-04,219.09,5.389482604300128
2022-03-07,164.7,5.104125637183595
2022-03-08,165.06,5.106309044164538
2022-03-09,142.59,4.959973379294028
2022-03-10,150.53,5.014162399872412
2022-03-11,232.96,5.450866765008321
2022-03-14,222.54,5.405106860729554
2022-03-15,154.33,5.03909316691274
2022-03-16,216.66,5.378329304517421
2022-03-17,137.82,4.925948485929061
2022-03-18,171.27,5.143241258644277
2022-03-21,239.83,5.479930339022074
2022-03-22,137.53,4.9238420751266165
2022-03-23,116.56,4.758406161886949
2022-03-24,128.23,4.853825526471025
2022-03-25,209.01,5.3423820977101375
2022-03-28,322.1,5.774862056337153
2022-03-29,193.93,5.26749726920815
2022-03-30,105.19,4.655768238751183
2022-03-31,81.85,4.404888303817144
2022-04-01,114.29,4.738739077909506
2022-04-04,115.67,4.75074130930731
2022-04-05,126.89,4.843320569408824
2022-04-06,168.21,5.125213198803691
2022-04-07,171.04,5.141897447276735
2022-04-08,124.74,4.826231571097977
2022-04-12,103.12,4.635893358630932
2022-04-13,90.43,4.504576070752389
2022-04-14,142.29,4.9578672285576
2022-04-15,98.36,4.588634217347992
2022-04-18,93.03,4.532922021780467
2022-04-19,276.08,5.620690678789748
2022-04-20,95.07,4.554613462370939
2022-04-21,89.05,4.489198009735671
2022-04-22,148.56,5.000988917044451
2022-04-25,126.9,4.843399374720342
2022-04-26,130.06,4.867995882441006
2022-04-27,69.39,4.239742764911457
2022-04-28,80.21,4.384648195378833
2022-04-29,126.12,4.83723383467686
2022-05-04,123.78,4.818505796311215
2022-05-05,87.92,4.4764273100953655
2022-05-06,212.5,5.358941988364472
2022-05-09,97.81,4.5830268213024015
2022-05-10,135.75,4.910814958814044
2022-05-11,102.02,4.625168872494781
2022-05-12,144.73,4.974869937649514
2022-05-13,140.0,4.941642422609304
2022-05-16,124.37,4.82326099366565
2022-05-17,101.23,4.6173951556106605
2022-05-18,97.83,4.583231278469338
2022-05-19,157.59,5.05999672363398
2022-05-20,185.12,5.221004263445367
2022-05-23,135.77,4.91096227761219
2022-05-24,135.79,4.911109574710704
2022-05-25,100.89,4.614030814420288
2022-05-26,132.56,4.887035373118308
2022-05-27,145.02,4.976871663943447
2022-05-30,82.99,4.418720118610357
2022-05-31,72.9,4.289088639014612
2022-06-01,161.66,5.085495364305698
2022-06-02,144.13,4.970715670095012
2022-06-03,163.85,5.098951375144823
2022-06-06,127.27,4.846310814003956
2022-06-07,167.65,5.121878472912238
2022-06-08,110.13,4.701661486176852
2022-06-09,112.11,4.719480532165502
2022-06-10,93.65,4.539564428890097
2022-06-13,95.37,4.557764063590821
2022-06-14,120.62,4.792645108022841
2022-06-15,140.82,4.947482479090987
2022-06-16,189.54,5.244600084042049
2022-06-17,108.29,4.6848128136402885
2022-06-20,165.42,5.1084876942637605
2022-06-21,140.11,4.94242782838314
2022-06-22,96.97,4.574401652316455
2022-06-23,96.96,4.574298522321004
2022-06-24,111.86,4.717248089393442
2022-06-27,140.94,4.948334267898876
2022-06-28,129.96,4.8672267108009
2022-06-29,135.33,4.907716240088415
2022-06-30,158.37,5.064934067503635
2022-07-01,177.73,5.1802655447719
2022-07-04,309.83,5.736023759963219
2022-07-05,116.59,4.7586635069452
2022-07-06,91.52,4.516557527631488
2022-07-07,93.67,4.539777967221039
2022-07-08,104.33,4.647558952479878
2022-07-11,200.3,5.299816242671772
2022-07-12,126.67,4.841585279495541
2022-07-13,52.82,3.966889906868986
2022-07-14,203.03,5.31335375137415
2022-07-15,210.77,5.350767491548956
2022-07-18,182.94,5.209158230228218
2022-07-19,177.18,5.177166164983887
2022-07-20,113.33,4.730303916744857
2022-07-21,132.76,4.888542986851774
2022-07-22,138.82,4.933178129911438
2022-07-25,120.62,4.792645108022841
2022-07-26,94.68,4.550502784645783
2022-07-27,181.99,5.203951740512316
2022-07-28,111.0,4.709530201312334
2022-07-29,130.23,4.869302117979612
2022-08-01,141.32,4.951026822490944
2022-08-02,96.66,4.571199666416938
2022-08-03,115.69,4.750914200040797
2022-08-04,78.43,4.362206507224575
2022-08-05,107.43,4.676839472678451
2022-08-08,227.88,5.428819174612195
2022-08-09,189.05,5.242011530336942
2022-08-10,84.3,4.4343818650078095
2022-08-11,99.36,4.598749618185169
2022-08-12,48.55,3.882594194737334
2022-08-15,145.63,4.981069158494489
2022-08-16,103.94,4.643813809580296
2022-08-17,75.77,4.327702435943282
2022-08-18,92.67,4.5290447955986
2022-08-19,98.49,4.589955020181611
2022-08-22,169.02,5.1300170511163365
2022-08-23,93.31,4.535927283245931
2022-08-24,137.29,4.922095476909513
2022-08-25,66.37,4.195245147157833
2022-08-26,121.88,4.803036954117508
2022-08-29,97.52,4.5800574851730165
2022-08-30,83.23,4.421607859758004
2022-08-31,126.46,4.839926052630467
2022-09-05,158.69,5.066952613574751
2022-09-06,91.55,4.51688527112052
2022-09-07,87.66,4.473465694990663
2022-09-08,47.62,3.8632528410587166
2022-09-09,66.03,4.19010918420648
2022-09-12,162.37,5.089877681599023
2022-09-13,95.35,4.557554332046428
2022-09-14,116.73,4.759863575664572
2022-09-15,118.58,4.775587838279222
2022-09-16,123.3,4.814620410170298
2022-09-19,65.09,4.175770927584296
2022-09-20,78.61,4.3644989178056655
2022-09-21,70.88,4.2609883062968255
2022-09-22,139.2,4.935911747900319
2022-09-23,133.87,4.896869179797807
2022-09-26,85.96,4.453882071774309
2022-09-27,194.98,5.272896989201126
2022-09-28,155.79,5.048508946524337
2022-09-29,93.12,4.533888983983128
2022-09-30,192.84,5.261860829537421
2022-10-03,146.03,4.98381208005238
2022-10-04,148.79,5.002535915839606
2022-10-05,153.24,5.032005319832448
2022-10-06,168.97,5.129721184372558
2022-10-07,139.82,4.940355881083839
2022-10-10,181.4,5.200704537681037
2022-10-11,155.85,5.048894006213346
2022-10-12,186.85,5.230306155931493
2022-10-13,169.02,5.1300170511163365
2022-10-14,180.93,5.198110216131005
2022-10-17,129.16,4.8610519458900745
2022-10-18,73.35,4.295242504588991
2022-10-19,70.66,4.257879641930999
2022-10-20,78.35,4.36118596880203
2022-10-21,107.34,4.676001366748682
2022-10-24,168.29,5.125688681724982
2022-10-25,104.95,4.653484046266642
2022-10-26,84.81,4.440413460373609
2022-10-27,150.79,5.0158881403777045
2022-10-28,204.29,5.319540552999562
2022-10-31,161.13,5.082211492585477
2022-11-01,127.48,4.847959489549136
2022-11-02,98.2,4.58700621536042
2022-11-03,140.73,4.946843161008476
2022-11-04,122.07,4.804594650681708
2022-11-07,245.52,5.5033784103114805
2022-11-08,123.6,4.817050545023591
2022-11-09,146.6,4.987707789452551
2022-11-10,119.57,4.7839019739314885
2022-11-11,183.98,5.214827056049011
2022-11-14,215.52,5.373053712662054
2022-11-15,95.09,4.554823811551353
2022-11-16,107.83,4.680555912893981
2022-11-17,91.22,4.5132741712835545
2022-11-18,133.39,4.893277168152952
2022-11-21,122.23,4.805904515789171
2022-11-22,125.51,4.832385436672355
2022-11-23,183.38,5.211560502621754
2022-11-24,226.25,5.421640582580036
2022-11-25,189.26,5.243121731080087
2022-11-28,183.05,5.209759339566245
2022-11-29,90.52,4.505570820765336
2022-11-30,89.9,4.498697941477575
2022-12-01,177.11,5.176771008468541
2022-12-02,48.03,3.871825815676733
2022-12-05,187.14,5.231856999847767
2022-12-06,105.68,4.66041566021407
2022-12-07,151.37,5.019727170774474
2022-12-08,81.81,4.404399485525607
2022-12-09,114.31,4.738914056037687
2022-12-12,169.7,5.134032172240181
2022-12-13,122.35,4.806885789888681
2022-12-14,120.9,4.794963757620747
2022-12-15,114.95,4.74449725120919
2022-12-16,99.07,4.5958266709849385
2022-12-19,87.27,4.46900676117522
2022-12-20,72.84,4.288265254859407
2022-12-21,147.63,4.994709143545997
2022-12-22,98.69,4.591983624183916
2022-12-23,84.14,4.432482078162375
2022-12-26,170.29,5.137502866038513
2022-12-27,69.63,4.243195508954456
2022-12-28,85.9,4.45318382899021
2022-12-29,123.69,4.817778435386918
2022-12-30,199.3,5.294811227218749
2023-01-03,117.51,4.7665234363458495
2023-01-04,114.2,4.73795129722191
2023-01-05,176.01,5.170540811605878
2023-01-06,158.88,5.068149200296863
2023-01-09,152.46,5.026902266560128
2023-01-10,386.4,5.9568731023383625
2023-01-11,363.54,5.895889332184953
2023-01-12,189.12,5.242381734217734
2023-01-13,141.9,4.955122584165997
2023-01-16,166.4,5.114394528387108
2023-01-17,73.48,4.297013260346925
2023-01-18,310.22,5.737281723196605
2023-01-19,106.09,4.66428779047118
2023-01-27,110.89,4.708538718965125
2023-01-30,190.98,5.2521687105220565
2023-01-31,158.19,5.063796842210488
2023-02-01,137.21,4.921512598933084
2023-02-02,116.99,4.76208846105951
2023-02-03,115.81,4.751950917196286
2023-02-06,219.03,5.389208706736104
2023-02-07,190.34,5.248811946644198
2023-02-08,139.63,4.938996066954103
2023-02-09,129.06,4.860277412507694
2023-02-10,99.82,4.603368564041463
2023-02-13,70.05,4.249209272783016
2023-02-14,105.73,4.660888674744435
2023-02-15,200.6,5.301312875527835
2023-02-16,223.17,5.407933812871359
2023-02-17,97.82,4.583129055111211
2023-02-20,88.82,4.486611849863956
2023-02-21,68.9,4.232656178019613
2023-02-22,140.33,4.943996791763045
2023-02-23,188.33,5.238195743206656
2023-02-24,82.35,4.410978456623649
2023-02-27,130.62,4.872292344474511
2023-02-28,88.38,4.481645699702594
2023-03-01,79.33,4.373616367313912
2023-03-02,158.83,5.067834447847064
2023-03-03,90.05,4.500365071621965
2023-03-06,88.74,4.485710745950764
2023-03-07,97.28,4.577593418217857
2023-03-08,71.68,4.272211768666675
2023-03-09,99.01,4.595220855134423
2023-03-10,167.33,5.119967910506483
2023-03-13,226.43,5.42243584638443
2023-03-14,246.38,5.506875059533828
2023-03-15,165.53,5.109152447272074
2023-03-16,191.67,5.255775143282362
2023-03-17,236.53,5.466075049781512
2023-03-20,158.68,5.0668895956461295
2023-03-21,102.69,4.631714741210204
2023-03-22,215.3,5.372032404370318
2023-03-23,190.0,5.247024072160486
2023-03-24,163.72,5.098157651624202
2023-03-27,141.81,4.954488133473255
2023-03-28,117.77,4.768733569853457
2023-03-29,127.01,4.844265823516229
2023-03-30,82.78,4.416186486320586
2023-03-31,144.99,4.976664774525102
2023-04-03,150.38,5.01316542394988
2023-04-04,154.53,5.040388252245603
2023-04-05,108.51,4.686842334632116
2023-04-06,40.4,3.698829784967105
2023-04-07,65.4,4.180522258463153
2023-04-10,116.65,4.759177998467439
2023-04-11,155.38,5.045873729522275
2023-04-12,109.82,4.698842661850726
2023-04-13,258.05,5.553153364594737
2023-04-14,38.2,3.6428355156125294
2023-04-17,51.34,3.9384701754429945
2023-04-18,186.52,5.22853847194012
2023-04-19,128.99,4.859734881977045
2023-04-20,98.98,4.59491780952374
2023-04-21,118.21,4.772462703762286
2023-04-24,149.57,5.007764510671235
2023-04-25,111.25,4.711779921046349
2023-04-26,135.07,4.905793162572673
2023-04-27,157.01,5.056309497587431
2023-04-28,94.05,4.54382655574704
2023-05-04,105.0,4.653960350157523
2023-05-05,100.93,4.614427207250769
2023-05-08,311.34,5.740885562607703
2023-05-09,163.06,5.094118231234765
2023-05-10,69.51,4.2414706271123945
2023-05-11,155.22,5.044843465425993
2023-05-12,190.28,5.248496671564081
2023-05-15,99.1,4.596129441335942
2023-05-16,67.14,4.206779991551889
2023-05-17,113.54,4.73215519774258
2023-05-18,210.79,5.350862377211803
2023-05-19,111.5,4.7140245909001735
2023-05-22,398.71,5.988234335587697
2023-05-23,156.99,5.0561821090522265
2023-05-24,301.54,5.708902677350773
2023-05-25,237.84,5.471598178689843
2023-05-26,220.29,5.394944860131629
2023-05-29,80.39,4.386889790339869
2023-05-30,111.1,4.710430696645584
2023-05-31,264.79,5.578937058999309
2023-06-01,108.62,4.687855552606699
2023-06-02,96.48,4.569335732978876
2023-06-05,133.01,4.890424313365204
2023-06-06,62.63,4.137244396537321
2023-06-07,119.0,4.77912349311153
2023-06-08,96.83,4.57295686362344
2023-06-09,58.14,4.06285389513073
2023-06-12,204.38,5.319981006184063
2023-06-13,110.96,4.7091697760065765
2023-06-14,147.42,4.993285655761143
2023-06-15,71.0,4.262679877041316
2023-06-16,56.58,4.035655565873421
2023-06-19,277.07,5.624270181843383
2023-06-20,213.08,5.361667682048799
2023-06-21,65.39,4.180369341573185
2023-06-22,72.75,4.287028906051602
2023-06-23,74.02,4.30433532695801
2023-06-26,150.9,5.016617365773803
2023-06-27,127.96,4.8517177150813176
2023-06-28,152.99,5.030372559779288
2023-06-29,117.91,4.769921621588582
2023-06-30,96.85,4.573163389853005
2023-07-03,65.32,4.179298268102264
2023-07-04,60.81,4.107754249132018
2023-07-05,137.28,4.922022635739652
2023-07-06,40.77,3.707946516831162
2023-07-07,93.53,4.53828224044646
2023-07-10,39.18,3.668166412516394
2023-07-11,37.82,3.632838063230312
2023-07-12,89.22,4.491105229700119
2023-07-13,75.95,4.330075229041782
2023-07-14,206.65,5.331026540957741
2023-07-17,155.95,5.049535443053812
2023-07-18,104.21,4.646408094004336
2023-07-19,37.11,3.613886475072506
2023-07-20,260.18,5.561373699173413
2023-07-21,80.78,4.391729410135267
2023-07-24,105.67,4.660321030452939
2023-07-25,37.76,3.6312503412773
2023-07-26,220.51,5.395943045332476
2023-07-27,95.33,4.557344556505487
2023-07-28,82.35,4.410978456623649
2023-07-31,81.19,4.396792086874355
2023-08-01,151.79,5.022497986638768
2023-08-02,121.59,4.800654729308327
2023-08-03,62.21,4.130515758526928
2023-08-04,60.58,4.103964805599091
2023-08-07,59.3,4.08260930600368
2023-08-08,49.89,3.909820581872946
2023-08-09,77.25,4.347046915777855
2023-08-10,46.74,3.844600329110712
2023-08-11,170.3,5.1375615876686425
2023-08-14,236.53,5.466075049781512
2023-08-15,53.33,3.976499024612511
2023-08-16,128.55,4.856317933711899
2023-08-17,101.81,4.623108331119105
2023-08-18,36.93,3.609024228864472
2023-08-21,130.14,4.8686107940668375
2023-08-22,52.69,3.964425684221194
2023-08-23,141.21,4.9502481440811605
2023-08-24,76.47,4.336898507056134
2023-08-25,137.35,4.922532412541283
2023-08-28,70.13,4.250350662548819
2023-08-29,69.2,4.237000862623624
2023-08-30,66.94,4.203796695783181
2023-08-31,167.14,5.11883178457329
2023-09-05,66.39,4.195546442731068
2023-09-06,41.02,3.7140597526442334
2023-09-07,95.66,4.560800238252151
2023-09-08,37.05,3.612268351742096
2023-09-11,82.18,4.408911963455264
2023-09-12,99.71,4.602265972840701
2023-09-13,132.91,4.889672207433241
2023-09-14,111.69,4.715727176552735
2023-09-15,63.69,4.1540275643832745
2023-09-18,63.82,4.156066620850098
2023-09-19,146.72,4.988526008508154
2023-09-20,82.86,4.417152436649256
2023-09-21,106.49,4.668051084027292
2023-09-22,42.8,3.756538102587751
2023-09-25,14.69,2.6871669901857858
2023-09-26,143.47,4.966125954110298
2023-09-27,150.04,5.010901925213687
2023-09-28,111.89,4.717516245819629
2023-09-29,136.08,4.913242948087606
2023-10-02,77.03,4.344194956364874
2023-10-03,100.4,4.609162207257629
2023-10-04,181.95,5.203731924058169
2023-10-05,47.99,3.8709926558701535
2023-10-06,95.46,4.55870731157775
2023-10-09,264.13,5.57644140618771
2023-10-10,143.27,4.964730961905281
2023-10-11,192.77,5.2614977684095
2023-10-12,189.71,5.245496590364454
2023-10-13,58.76,4.073461351305676
2023-10-16,136.3,4.914858338702487
2023-10-17,97.8,4.582924577040772
2023-10-18,90.33,4.503469631161752
2023-10-19,279.65,5.633538821267597
2023-10-20,287.49,5.66118807702378
2023-10-23,150.87,5.016418538851983
2023-10-24,79.87,4.380400312929297
2023-10-25,124.21,4.821973681556102
2023-10-26,37.91,3.635214929528243
2023-10-27,90.17,4.501696777511816
2023-10-30,164.09,5.100415057787059
2023-10-31,42.38,3.746676552840153
2023-11-01,132.01,4.882877677292668
2023-11-02,58.14,4.06285389513073
2023-11-03,72.02,4.276943858220729
2023-11-06,342.88,5.837380531725267
2023-11-07,122.59,4.808845454106903
2023-11-08,119.34,4.781976562093936
2023-11-09,142.71,4.9608145991123
2023-11-10,127.96,4.8517177150813176
2023-11-13,116.21,4.755398899234782
2023-11-14,198.44,5.290486787432848
2023-11-15,68.82,4.231494400369335
2023-11-16,149.23,5.0054887399433765
2023-11-17,168.58,5.127410414569336
2023-11-20,42.9,3.758871825933971
2023-11-21,295.43,5.688431922151257
2023-11-22,65.95,4.188896879163323
2023-11-23,15.44,2.73696154459663
2023-11-24,94.64,4.550080219670131
2023-11-27,89.08,4.489534842389167
2023-11-28,101.83,4.623304756183574
2023-11-29,83.76,4.427955566562281
2023-11-30,147.72,4.995318589984363
2023-12-01,38.37,3.647275904258861
2023-12-04,51.19,3.935544200469492
2023-12-05,328.17,5.793531766799809
2023-12-06,88.12,4.478699521934143
2023-12-07,73.65,4.299324142908639
2023-12-08,64.67,4.169297415458502
2023-12-11,117.01,4.7622594012308666
2023-12-12,36.95,3.609565647394211
2023-12-13,95.78,4.562053894914463
2023-12-14,89.93,4.499031589926425
2023-12-15,61.4,4.117409835153096
2023-12-18,264.75,5.578785984481516
2023-12-19,632.37,6.449474665879913
2023-12-20,69.49,4.241182857326236
2023-12-21,95.99,4.564244019375446
2023-12-22,52.02,3.9516282600205055
2023-12-25,74.35,4.308783672906164
2023-12-26,111.18,4.711150509525323
2023-12-27,145.72,4.981686972140363
2023-12-28,168.59,5.12746973182771
2023-12-29,107.55,4.677955855713739
2024-01-02,138.57,4.931375613110624
2024-01-03,162.46,5.090431817622808
2024-01-04,118.85,4.777862193806203
2024-01-05,106.49,4.668051084027292
2024-01-08,153.56,5.034091370132597
2024-01-09,1026.38,6.933793327530911
2024-01-10,73.6,4.298645025734831
2024-01-11,57.0,4.04305126783455
2024-01-12,76.85,4.341855469984605
2024-01-15,80.09,4.383151002335591
2024-01-16,248.39,5.515000091600009
2024-01-17,69.96,4.247923650150401
2024-01-18,121.41,4.799173247555884
2024-01-19,147.36,4.992878572506997
2024-01-22,175.55,5.167923902614441
2024-01-23,71.62,4.271374364570287
2024-01-24,91.92,4.5209186335405
2024-01-25,114.57,4.741185989905534
2024-01-26,85.29,4.446057214331018
2024-01-29,212.58,5.359318388105436
2024-01-30,144.27,4.971686543957681
2024-01-31,81.76,4.403788126455394
2024-02-01,97.99,4.584865432647727
2024-02-02,55.14,4.0098754055956505
2024-02-05,209.6,5.345200952446887
2024-02-06,109.35,4.694553747122777
2024-02-07,178.57,5.1849806812090335
2024-02-15,83.03,4.419201988273939
2024-02-16,58.32,4.065945087700403
2024-02-19,88.77,4.486048755080228
2024-02-20,149.95,5.010301905195018
2024-02-21,111.52,4.714203947012214
2024-02-22,70.29,4.252629541187814
2024-02-23,117.11,4.763113664054046
2024-02-26,167.77,5.122593993782309
2024-02-27,117.39,4.765501724890431
2024-02-28,143.19,4.964172419685915
2024-02-29,105.86,4.662117466429842
2024-03-01,58.59,4.070564033556697
2024-03-04,185.31,5.222030098375917
2024-03-05,98.25,4.58751525074937
2024-03-06,107.93,4.681482868837255
2024-03-07,56.71,4.037950562025936
2024-03-08,36.66,3.6016862424115588
2024-03-11,159.06,5.069281489528989
2024-03-12,104.69,4.651003602331263
2024-03-13,159.16,5.069909985558728
2024-03-14,69.68,4.243913332544247
2024-03-15,181.53,5.20142092930234
2024-03-18,140.24,4.943355240612979
2024-03-19,91.96,4.521353699894981
2024-03-20,202.01,5.30831720112637
2024-03-21,77.59,4.351438552905858
2024-03-22,73.05,4.291144138196708
2024-03-25,79.67,4.3778931033922746
2024-03-26,85.54,4.448984102798763
2024-03-27,97.9,4.583946549536464
2024-03-28,59.31,4.082777925850635
2024-03-29,90.04,4.500254016038531
2024-04-01,113.74,4.733915141878653
2024-04-02,64.34,4.16418152181088
2024-04-03,87.02,4.466137977292534
2024-04-04,79.84,4.380024632003209
2024-04-05,65.9,4.188138441508461
2024-04-08,96.86,4.573266636975083
2024-04-09,127.5,4.848116364598481
2024-04-10,134.32,4.900225012769285
2024-04-11,116.38,4.756860699228524
2024-04-12,164.38,5.102180820720354
2024-04-15,148.0,4.997212273764115
2024-04-16,205.0,5.3230099791384085
2024-04-17,89.86,4.498252903642014
2024-04-19,69.55,4.242045918369452
2024-04-22,63.52,4.1513548169388805
2024-04-23,50.68,3.925531355452938
2024-04-24,103.13,4.635990328327978
2024-04-25,228.77,5.432717132027692
2024-04-26,71.47,4.269277781231888
2024-05-02,80.5,4.388257184424518
2024-05-03,55.72,4.020339148911605
2024-05-06,76.56,4.338074747144699
2024-05-07,38.92,3.661508257317805
2024-05-08,35.93,3.581572601125427
2024-05-09,51.54,3.942358205224219
2024-05-10,103.08,4.635505385784164
2024-05-13,36.94,3.609294974771094
2024-05-14,135.19,4.906681196376314
2024-05-15,96.41,4.568609930676289
2024-05-16,55.17,4.01041932728434
2024-05-17,54.29,3.99434004791736
2024-05-20,92.53,4.527532916260939
2024-05-21,62.26,4.131319165013462
2024-05-22,55.15,4.010056745699512
2024-05-23,77.2,4.3463994570307305
2024-05-24,153.24,5.032005319832448
2024-05-27,52.47,3.960241577698621
2024-05-28,56.95,4.042173689893192
2024-05-29,123.02,4.812346943780222
2024-05-30,92.78,4.530231099323598
2024-05-31,72.4,4.282206299391671
2024-06-03,191.95,5.257234921446806
2024-06-04,67.8,4.216562194946349
2024-06-05,35.32,3.564449375735759
2024-06-06,80.15,4.383899879055562
2024-06-07,55.59,4.018003328965378
2024-06-10,92.67,4.5290447955986
2024-06-11,59.32,4.082946517269732
2024-06-12,100.25,4.607667066186679
2024-06-13,94.21,4.545526333060576
2024-06-14,88.92,4.487737089095996
2024-06-17,64.98,4.174079530240954
2024-06-18,72.11,4.2781927309286685
2024-06-19,52.65,3.963666238579985
2024-06-20,89.94,4.499142781342561
2024-06-21,76.15,4.332705079341171
2024-06-24,99.49,4.600057136601269
2024-06-25,49.78,3.907613296939446
2024-06-26,66.89,4.203049479130317
2024-06-27,88.91,4.487624622133048
2024-06-28,56.38,4.032114485685967
2024-07-01,244.08,5.497496040408414
2024-07-02,41.45,3.724487881581304
2024-07-03,58.82,4.074481933125849
2024-07-04,33.75,3.518980417318539
2024-07-05,778.95,6.657946858958438
2024-07-08,109.45,4.695467823968872
2024-07-09,85.73,4.451202822690664
2024-07-10,182.9,5.20893955539682
2024-07-11,29.57,3.3867603338643857
2024-07-12,109.49,4.6958332208853335
2024-07-15,99.68,4.601965055039143
2024-07-16,96.85,4.573163389853005
2024-07-17,129.38,4.862753810615839
2024-07-18,376.84,5.931820694180467
2024-07-19,88.76,4.485936098064394
2024-07-22,78.76,4.366405253770925
2024-07-23,141.71,4.95378271583678
2024-07-24,79.17,4.371597439183343
2024-07-25,39.71,3.68160304514316
2024-07-26,68.12,4.221270855794487
2024-07-29,66.23,4.193133532496888
2024-07-30,73.45,4.296604902619887
2024-07-31,53.04,3.971046345877607
2024-08-01,60.98,4.110545941560109
2024-08-02,97.69,4.581799199664851
2024-08-05,150.14,5.011568192144856
2024-08-06,207.85,5.336816665698646
2024-08-07,53.33,3.976499024612511
2024-08-08,18.65,2.9258461460898246
2024-08-09,122.7,4.809742351716865
2024-08-12,76.44,4.336506119372072
2024-08-13,88.36,4.481419378551917
2024-08-14,120.48,4.791483764051583
2024-08-15,221.13,5.398750763869307
2024-08-16,194.96,5.272794409316951
2024-08-19,88.54,4.483454427303995
2024-08-20,54.32,3.9948924832504407
2024-08-21,116.81,4.760548683167605
2024-08-22,87.14,4.467516020689296
2024-08-23,69.6,4.242764567340374
2024-08-26,63.73,4.154655409326203
2024-08-27,35.71,3.575430761606357
2024-08-28,64.09,4.160288345516135
2024-08-29,92.28,4.524827433305553
2024-08-30,60.89,4.109068957620483
2024-09-04,92.74,4.529799878963315
2024-09-05,54.83,4.004237489415957
2024-09-06,103.01,4.634826070895602
2024-09-09,55.57,4.01764348729183
2024-09-10,117.97,4.770430354853751
2024-09-11,38.01,3.637849283001157
2024-09-12,58.47,4.068513802187579
2024-09-13,92.86,4.531092982591776
2024-09-16,59.1,4.079230924412053
2024-09-17,110.52,4.705196500055216
2024-09-18,152.08,5.024406698180174
2024-09-19,126.07,4.836837308243178
2024-09-20,66.37,4.195245147157833
2024-09-23,73.57,4.298237333944173
2024-09-24,72.44,4.282758633015213
2024-09-25,103.88,4.643236386794547
2024-09-26,82.08,4.407694381422459
2024-09-27,90.48,4.505128831807865
2024-09-30,116.24,4.755657019262028
2024-10-01,58.83,4.0746519288763645
2024-10-02,133.57,4.8946256849890135
2024-10-03,76.65,4.339249605317823
2024-10-04,74.53,4.311201728893603
2024-10-07,48.33,3.8780524858569927
2024-10-08,127.04,4.844501997498826
2024-10-09,71.55,4.27039650600246
2024-10-10,96.67,4.571303116476514
2024-10-11,247.06,5.509631222108668
2024-10-14,68.25,4.223177434065069
2024-10-15,140.41,4.944566714126551
2024-10-16,79.68,4.378018613276343
2024-10-17,114.8,4.743191483885466
2024-10-18,70.12,4.250208060053033
2024-10-21,283.8,5.648269764725942
2024-10-22,116.02,4.753762590037918
2024-10-23,98.6,4.591071261608589
2024-10-24,67.34,4.209754413732928
2024-10-25,83.65,4.426641427432833
2024-10-28,75.66,4.326249619204883
2024-10-29,88.98,4.488411625377895
2024-10-30,70.46,4.255045172913092
2024-10-31,107.64,4.678792325858705
2024-11-01,116.29,4.756087071304952
2024-11-04,231.81,5.445918070613602
2024-11-05,312.49,5.744572468664446
2024-11-06,142.57,4.95983310716587
2024-11-07,323.52,5.779260935832107
2024-11-08,308.41,5.731430066585013
2024-11-11,386.33,5.956691926506723
2024-11-12,225.35,5.417654749136657
2024-11-13,170.4,5.138148614395216
2024-11-14,135.73,4.910667618309874
2024-11-15,268.42,5.59255291796966
2024-11-18,463.22,6.138202103219566
2024-11-19,214.05,5.366209632590955
2024-11-20,181.81,5.202962185731182
2024-11-21,219.91,5.393218371742757
2024-11-22,135.37,4.908011770197695
2024-11-25,87.75,4.474491862345976
2024-11-26,150.15,5.011634794429339
2024-11-27,132.14,4.88386196660174
2024-11-28,162.72,5.09203093230025
2024-11-29,174.81,5.163699669823092
2024-12-02,78.68,4.365388993520859
2024-12-03,92.19,4.523851664810503
2024-12-04,177.91,5.181277804446684
2024-12-05,97.39,4.578723535973108
2024-12-06,390.69,5.967914406647721
2024-12-09,233.8,5.454466049037968
2024-12-10,218.39,5.386282455276681
2024-12-11,219.72,5.39235400847442
2024-12-12,125.44,4.831827556602097
2024-12-13,141.68,4.953570993474578
2024-12-16,288.93,5.666184444240883
2024-12-17,86.94,4.465218225560646
2024-12-18,251.99,5.529389404184368
2024-12-19,171.71,5.145807007325711
2024-12-20,180.8,5.1973914479580765
2024-12-23,139.02,4.93461780767234
2024-12-24,252.18,5.53014311824508
2024-12-25,190.79,5.251173346739219
2024-12-26,118.16,4.7720396382231245
2024-12-27,104.31,4.64736723468788
2024-12-30,138.37,4.929931256681293
2024-12-31,109.44,4.69537645387424
2025-01-02,188.9,5.241217774507464
2025-01-03,167.41,5.120445893427694
2025-01-06,222.31,5.4040728042139
2025-01-07,260.94,5.564290495837602
2025-01-08,212.01,5.356633443370873
2025-01-09,230.71,5.441161510577517
2025-01-10,147.76,4.995589335890984
2025-01-13,179.6,5.190732155868099
2025-01-14,185.4,5.2225156531317545
2025-01-15,110.72,4.707004491869359
2025-01-16,134.68,4.9029015942928735
2025-01-17,173.63,5.156926598356047
2025-01-20,193.71,5.266362195306486
2025-01-21,225.37,5.417743496030575
2025-01-22,121.77,4.802134019518916
2025-01-23,176.52,5.173434184401347
2025-01-24,189.16,5.242593217775675
2025-02-03,327.16,5.790449347866773
2025-02-04,393.35,5.974699800775252
2025-02-05,226.19,5.42137535403989
2025-02-06,372.45,5.920102800622285
2025-02-07,332.89,5.807812105079032
2025-02-10,290.34,5.671052650033282
2025-02-11,230.88,5.441898095025561
2025-02-12,285.28,5.65347115411483
2025-02-13,236.69,5.466751268056719
2025-02-14,297.91,5.696791427467347
2025-02-17,372.7,5.9207738064852125
2025-02-18,280.36,5.636074491632124
2025-02-19,341.49,5.833318396005235
2025-02-20,367.92,5.907865523231669
2025-02-21,375.62,5.928577994052791
2025-02-24,355.9,5.874649792516147
2025-02-25,232.14,5.447340637940477
2025-02-26,275.17,5.617389088489082
2025-02-27,288.54,5.664833724517626
2025-02-28,345.22,5.844181894958544
2025-03-03,429.75,6.063203644262958
2025-03-04,447.53,6.103743574574035
2025-03-05,391.3,5.969474529216367
2025-03-06,726.26,6.587908077434491
2025-03-07,556.7,6.322026495189462
2025-03-10,403.78,6.000870175182078
2025-03-11,704.03,6.556820968886471
2025-03-12,433.5,6.071891796220597
2025-03-13,463.36,6.138504289757297
2025-03-14,442.46,6.092350064881841
2025-03-17,649.53,6.476249024420401
2025-03-18,614.24,6.420385731252488
2025-03-19,565.45,6.337621874317336
2025-03-20,458.66,6.128309194835826
2025-03-21,390.35,5.9670437725663
2025-03-24,498.84,6.2122854030525465
2025-03-25,472.98,6.159053104299872
2025-03-26,316.49,5.757291645508461
2025-03-27,313.11,5.74655456650007
2025-03-28,362.44,5.89285894335386
2025-03-31,426.16,6.054814862608744
2025-04-01,642.48,6.465335687880207
2025-04-02,445.6,6.0994216886130745
2025-04-03,438.93,6.08433994705818
2025-04-04,550.44,6.310717958397081
2025-04-08,565.99,6.338576410202582
2025-04-09,590.08,6.380258120928175
2025-04-10,623.53,6.435396879439724
2025-04-11,833.81,6.726005558658539
2025-04-14,495.65,6.205870032478907
2025-04-15,371.94,5.918732550941883
2025-04-16,505.79,6.226121563380083
2025-04-17,508.01,6.230501132424104
2025-04-18,417.47,6.034212685421698
2025-04-21,407.95,6.011144617874809
2025-04-22,439.04,6.0845905250974655
2025-04-23,337.82,5.822513209252199
2025-04-24,419.9,6.040016587690148
2025-04-25,515.91,6.245932331664218
2025-04-28,787.79,6.669231556879192
2025-04-29,575.26,6.354822112510577
2025-05-05,346.64,5.848286777431654
2025-05-06,553.82,6.316839724205384
2025-05-07,428.17,6.059520312981926
2025-05-08,567.82,6.341804467088839
2025-05-09,535.71,6.283592969877143
2025-05-12,667.23,6.503134814062462
2025-05-13,512.95,6.240178374533722
2025-05-14,776.77,6.655144296251942
2025-05-15,469.0,6.150602768446279
2025-05-16,516.56,6.247191448318212
2025-05-19,390.58,5.967632813854636
2025-05-20,408.7,6.012981390570231
2025-05-21,319.48,5.766694674049188
2025-05-22,283.69,5.647882092691624
2025-05-23,328.74,5.795267164778379
2025-05-26,293.68,5.682490739188579
2025-05-27,409.58,6.015132244408166
2025-05-28,282.29,5.642934911323486
2025-05-29,340.04,5.829063257749159
2025-05-30,514.0,6.2422232654551655
2025-06-02,445.03,6.098141695624239
2025-06-03,475.75,6.164892506176259
2025-06-04,420.42,6.0412542116104975
2025-06-05,340.8,5.83129579495516
2025-06-06,351.94,5.863460706523616
2025-06-09,328.87,5.795662535900149
2025-06-10,273.63,5.611776828860177
2025-06-11,281.91,5.641587871063083
2025-06-12,484.65,6.183426980938617
2025-06-13,270.05,5.5986071270389
2025-06-16,340.61,5.830738127750617
2025-06-17,445.72,6.099690952178853
2025-06-18,477.28,6.168103320766439
2025-06-19,315.71,5.754824070703715
2025-06-20,326.33,5.787909139305635
2025-06-23,229.7,5.436774109695053
2025-06-24,326.19,5.787480033677768
2025-06-25,342.66,5.836738701904826
2025-06-26,239.86,5.480055419803575
2025-06-27,305.07,5.720541258471156
2025-06-30,511.44,6.237230276458472
2025-07-01,444.86,6.097759625925584
2025-07-02,376.21,5.930147498119174
2025-07-03,750.31,6.620486454464999
2025-07-04,631.92,6.448762803856163
2025-07-07,406.62,6.007879088376076
2025-07-08,226.19,5.42137535403989
2025-07-09,270.45,5.600087238317436
2025-07-10,539.55,6.290735458809743
2025-07-11,322.44,5.7759170724154005
2025-07-14,379.41,5.938617414559995
2025-07-15,573.74,6.352176332028965
2025-07-16,468.19,6.148874196434868
2025-07-17,444.91,6.097872014520508
2025-07-18,428.28,6.059777187290069
2025-07-21,289.39,5.667775259350199
2025-07-22,220.87,5.397574293145378
2025-07-23,233.7,5.454038241544812
2025-07-24,301.78,5.709698275085505
2025-07-25,227.42,5.426798528196577
2025-07-28,282.48,5.643607751620131
2025-07-29,199.35,5.295062073827364
2025-07-30,274.14,5.613638924803235
2025-07-31,378.15,5.935290942302038
2025-08-01,563.27,6.333759086893226
2025-08-04,259.95,5.560489304829725
2025-08-05,251.56,5.527681529675303
2025-08-06,229.33,5.435162014275881
2025-08-07,280.6,5.6369301676683605
2025-08-08,239.92,5.480305534440753
2025-08-11,309.88,5.7361851257637015
2025-08-12,275.89,5.620002235550063
2025-08-13,241.27,5.485916638337356
2025-08-14,199.49,5.295764109760319
2025-08-15,323.06,5.777838064485612
2025-08-18,336.75,5.819340815290474
2025-08-19,216.13,5.375880078495827
2025-08-20,177.74,5.180321808310329
2025-08-21,158.27,5.064302435345192
2025-08-22,155.54,5.046902933266797
2025-08-25,467.56,6.14752768273957
2025-08-26,441.53,6.090245967905382
2025-08-27,269.38,5.596123022170668
2025-08-28,279.5,5.633002292595154
2025-08-29,250.15,5.522060737934214
2025-09-03,185.22,5.221544307742123
2025-09-04,388.69,5.962782110745659
2025-09-05,601.23,6.398977556833446
2025-09-08,319.23,5.76591184612175
2025-09-09,243.41,5.494747264343823
2025-09-10,280.99,5.638319081511895
2025-09-11,311.82,5.742426098248406
2025-09-12,268.43,5.592590172323767
2025-09-15,273.8,5.612397912854348
2025-09-16,243.91,5.496799304791385
2025-09-17,400.05,5.991589539296133
2025-09-18,284.37,5.65027620713306
2025-09-19,204.23,5.319246809729067
2025-09-22,548.21,6.3066584252200055
2025-09-23,248.3,5.514637692514121
2025-09-24,356.04,5.875043084090731
2025-09-25,190.78,5.251120931717062
2025-09-26,409.49,6.01491248297053
2025-09-29,282.61,5.644067855328544
2025-09-30,406.64,6.007928273138647
2025-10-01,307.12,5.727238550692542
2025-10-02,438.91,6.084294380667942
2025-10-03,306.79,5.726163474437768
2025-10-06,326.43,5.788215530631031
2025-10-07,225.8,5.419649651715562
2025-10-08,354.2,5.869861725348733
2025-10-09,391.93,5.971083252416115
2025-10-10,314.78,5.751873982123454
2025-10-13,401.18,5.994410204396552
2025-10-14,444.68,6.097354922365414
2025-10-15,160.15,5.076110876055167
2025-10-16,363.38,5.895449118674295
2025-10-17,551.3,6.312279125595638
2025-10-20,338.92,5.825764091330264
2025-10-21,279.64,5.633503061643784
2025-10-22,490.22,6.19485426993533
2025-10-23,226.47,5.422612485819643
2025-10-24,327.22,5.7906327275549305
2025-10-27,386.2,5.956355369994414
2025-10-28,269.14,5.595231690313395
2025-10-29,260.35,5.562026879608908
2025-10-30,280.03,5.634896740287006
2025-10-31,439.77,6.086251862970049
2025-11-03,5.39,1.6845453849209058
2025-11-04,285.7,5.654942309236727
2025-11-05,300.81,5.706478836203944
2025-11-06,316.74,5.75808124806358
2025-11-07,337.82,5.822513209252199
2025-11-10,473.61,6.160384198211745
2025-11-11,332.87,5.807752023367887
2025-11-12,224.47,5.413742067963455
2025-11-13,475.99,6.165396845607379
2025-11-14,302.37,5.711651433034897
2025-11-17,575.78,6.355725643292089
2025-11-18,617.41,6.425533308891862
2025-11-19,226.6,5.423186348593906
2025-11-20,312.65,5.745084354013307
2025-11-21,265.43,5.581351152435311
2025-11-24,199.1,5.293807211070151
2025-11-25,323.74,5.779940724505814
2025-11-26,231.59,5.4449685668737295
2025-11-27,334.67,5.813144971693325
2025-11-28,323.26,5.778456952981663
2025-12-01,257.88,5.552494360442419
2025-12-02,292.27,5.677678032570093
2025-12-03,357.52,5.879191304625196
2025-12-04,520.11,6.254040327665906
2025-12-05,236.11,5.4642977981288725
2025-12-08,483.24,6.180513424651363
2025-12-09,583.98,6.369866735666458
2025-12-10,336.6,5.8188952817567055
2025-12-11,524.45,6.262350094407613
2025-12-12,355.26,5.87284991577174
2025-12-15,254.98,5.541185110709976
2025-12-16,258.94,5.556596374630502
2025-12-17,230.87,5.441854781544233
2025-12-18,350.41,5.859103897467798
2025-12-19,313.6,5.7481182884762525
2025-12-22,238.58,5.474704683853799
2025-12-23,264.35,5.57727398268146
2025-12-24,204.03,5.318267041855657
2025-12-25,181.39,5.200649409369878
2025-12-26,513.83,6.241892471449249
2025-12-29,445.72,6.099690952178853
2025-12-30,305.8,5.722931293494962
2025-12-31,307.63,5.728897762134598
2026-01-05,539.83,6.291254275178919
2026-01-06,251.35,5.5268463901385845
2026-01-07,253.69,5.536113049194561
2026-01-08,474.73,6.162746221369518
2026-01-09,231.37,5.444018160719591
2026-01-12,281.74,5.640984659832161
2026-01-13,357.58,5.879359113323674
2026-01-14,369.14,5.911175975879146
2026-01-15,409.97,6.016083986289537
2026-01-16,257.45,5.55082552649215
2026-01-19,355.15,5.872540235443819
2026-01-20,360.3,5.886937017754048
2026-01-21,541.38,6.294121435234464
2026-01-22,474.48,6.162219467530472
2026-01-23,308.57,5.731948721982551
2026-01-26,289.49,5.668120754102115
2026-01-27,402.55,5.99781931274599
2026-01-28,343.94,5.840467223556053
2026-01-29,248.94,5.517211903572831
2026-01-30,211.46,5.354035855304381
2026-02-02,196.39,5.280102478127132
2026-02-03,321.6,5.773308537304811
2026-02-04,303.36,5.714920219066657
2026-02-05,291.35,5.674525293589083
2026-02-06,176.17,5.1714494379390485
2026-02-09,221.9,5.402226829938548
2026-02-10,205.87,5.327244901621217
2026-02-11,251.66,5.528078970163822
2026-02-12,438.29,6.082880791741261
2026-02-13,337.34,5.821091323829869
2026-02-23,695.45,6.544559118053139
2026-02-24,672.5,6.511002111475994
2026-02-25,369.27,5.911528083790314
2026-02-26,319.09,5.765473194654634
2026-02-27,320.15,5.768789635964811
2026-03-02,440.29,6.087433600716374
2026-03-03,544.62,6.300088303766591
2026-03-04,230.31,5.439426227507917
2026-03-05,387.92,5.960799132797097
2026-03-06,466.69,6.145665225685282
2026-03-09,479.74,6.173244290480884
2026-03-10,288.44,5.664487092048558
2026-03-11,420.76,6.042062599871073
2026-03-12,362.89,5.894099758038861
2026-03-13,450.36,6.11004726293493
2026-03-16,243.05,5.493267183491464
2026-03-17,325.21,5.784471127508377
2026-03-18,347.7,5.851340039013816
2026-03-19,372.46,5.92012964950336
2026-03-20,308.76,5.732564276081653
2026-03-23,348.81,5.854527361348627
2026-03-24,494.5,6.203547151062767
2026-03-25,273.75,5.612215281130711
2026-03-26,509.77,6.233959643603973
2026-03-27,301.58,5.70903532093765
2026-03-30,381.86,5.945054049285319
2026-03-31,383.38,5.949026664410014
2026-04-01,359.72,5.8853259510463145
2026-04-02,268.47,5.592739175862877
2026-04-03,392.85,5.973427859621831
2026-04-06,255.85,5.544591335251101
2026-04-07,242.86,5.492485145625673
2026-04-08,245.51,5.5033376796025575
2026-04-09,293.55,5.682047982510195
2026-04-10,266.58,5.585674386175872
2026-04-13,383.1,5.948296051706604
2026-04-14,412.1,6.021266038344772
2026-04-15,276.31,5.621523423818773
2026-04-16,262.82,5.571469387215492
2026-04-17,266.55,5.58556184326877
2026-04-20,329.9,5.798789578234536
2026-04-21,197.66,5.2865483829480375
2026-04-22,208.63,5.340562348141782
2026-04-23,455.4,6.121176153629639
2026-04-24,251.17,5.526130000710509
2026-04-28,387.67,5.960154462265867
2026-04-29,281.95,5.641729750253191
