time,fnb_ratio
2016-12-08,0.3858852242447714
2016-12-09,0.0514773929883465
2016-12-12,0.1139081169751547
2016-12-13,-0.1808888862308232
2016-12-14,-0.0012731312701081
2016-12-15,0.1332110459213787
2016-12-16,-0.1158724245473846
2016-12-19,0.1926386401132569
2016-12-20,0.0004135015704006
2016-12-21,0.0651107703958325
2016-12-22,0.005879325275305
2016-12-23,0.4993071798107164
2016-12-26,0.128639838023917
2016-12-27,-0.0778610817819647
2016-12-28,0.300383386660245
2016-12-29,-0.1062519831061412
2016-12-30,0.181578581896035
2017-01-03,-0.1225210175207536
2017-01-04,0.1839059749864036
2017-01-05,0.293484001203579
2017-01-06,0.1811593241826679
2017-01-09,0.1246878030206209
2017-01-10,0.088364285519336
2017-01-11,-0.146516887483227
2017-01-12,0.0056554063116664
2017-01-13,0.0577669974274373
2017-01-16,0.3614231661886428
2017-01-17,0.218659698369918
2017-01-18,-0.2029012512805145
2017-01-19,0.2141279875417237
2017-01-20,0.0717332654846069
2017-01-23,0.0126385872462778
2017-01-24,0.2694670560574836
2017-01-25,0.3522770491309195
2017-02-02,0.0405597664547942
2017-02-03,0.0971067020384471
2017-02-06,-0.0893337541585714
2017-02-07,-0.1097599198188031
2017-02-08,0.2893908789237315
2017-02-09,0.3953970585330586
2017-02-10,0.1068724362568717
2017-02-13,0.3189717109810854
2017-02-14,0.187451613707135
2017-02-15,-0.0171681690945168
2017-02-16,0.1807420033624314
2017-02-17,0.4125567928328796
2017-02-20,0.0941542692606823
2017-02-21,0.4105056390151307
2017-02-22,-0.4302230909440606
2017-02-23,0.2541513224906382
2017-02-24,0.1031253908829213
2017-02-27,0.0217644316052908
2017-02-28,0.09567736108032
2017-03-01,-0.3245151820125338
2017-03-02,0.0246565164278694
2017-03-03,0.1355294963374237
2017-03-06,0.3551306556381657
2017-03-07,-0.0487234949021169
2017-03-08,-0.1114504980552517
2017-03-09,-0.0548413386117289
2017-03-10,0.2238017791647572
2017-03-13,0.1016376213140342
2017-03-14,-0.0749384688097752
2017-03-15,0.1287587747940356
2017-03-16,0.0405835110785881
2017-03-17,0.2099361945295275
2017-03-20,-0.1291822334672314
2017-03-21,-0.05929532995456
2017-03-22,-0.0771827466734359
2017-03-23,-0.296463697495699
2017-03-24,0.0504679338987782
2017-03-27,0.0384692474000816
2017-03-28,-0.0176895339683926
2017-03-29,-0.0705792807965166
2017-03-30,-0.3116593428414057
2017-03-31,-0.1176058409078389
2017-04-03,-0.1068740686093785
2017-04-04,-0.2035984218573244
2017-04-05,-0.0801639808624654
2017-04-07,0.3199675089226443
2017-04-10,-0.0269426688427032
2017-04-11,-0.0148679883496749
2017-04-12,-0.0857133381541686
2017-04-13,-0.45894580034806
2017-04-14,-0.0847781962261173
2017-04-17,-0.071624945148787
2017-04-18,0.4048748285150247
2017-04-19,-0.1302508765976323
2017-04-20,-0.0353723379608052
2017-04-21,-0.1064209798798862
2017-04-24,-0.3369005314015025
2017-04-25,0.1218279581665646
2017-04-26,0.0401969061888313
2017-04-27,0.0446860151124201
2017-04-28,-0.2986024171322031
2017-05-03,-0.0081755519718246
2017-05-04,0.3098782340761697
2017-05-05,-0.3288436308881759
2017-05-08,-0.2463741373798145
2017-05-09,-0.1154146526317419
2017-05-10,-0.238120021335658
2017-05-11,-0.4494848614038408
2017-05-12,-0.1274120434935056
2017-05-15,-0.3552010538286484
2017-05-16,-0.0494789119241323
2017-05-17,-0.3293791273690765
2017-05-18,0.1633573633537433
2017-05-19,-0.3042525066429657
2017-05-22,-0.2128224950740916
2017-05-23,0.0136497929289143
2017-05-24,-0.3957043727107714
2017-05-25,-0.1043512506438633
2017-05-26,0.1114400622218705
2017-05-29,-0.4714637481708689
2017-05-30,-0.1128523274918037
2017-05-31,-0.0974481324756913
2017-06-01,0.0074603029654391
2017-06-02,-0.3956085597586549
2017-06-05,-0.4114592145105051
2017-06-06,-0.0419653261395218
2017-06-07,-0.0857798518871803
2017-06-08,-0.0937400711302954
2017-06-09,-0.073051048050951
2017-06-12,-0.2766895413383142
2017-06-13,-0.0924214629169591
2017-06-14,-0.0782910248556472
2017-06-15,-0.277657017127383
2017-06-16,0.2406367038709283
2017-06-19,-0.0353358502020135
2017-06-20,-0.3658028249753501
2017-06-21,0.0064706053931807
2017-06-22,-0.3169357427806012
2017-06-23,0.0383937619594815
2017-06-26,0.1158044426680827
2017-06-27,-0.2768138689918063
2017-06-28,0.0833602738644614
2017-06-29,-0.0232748634482591
2017-06-30,0.0621824654788803
2017-07-03,0.2808440902165018
2017-07-04,-0.1437676188814223
2017-07-05,-0.2415075165540028
2017-07-06,-0.264632622186751
2017-07-07,-0.2457648883827333
2017-07-10,-0.0938044959746184
2017-07-11,-0.005847996389989
2017-07-12,-0.0143521670460597
2017-07-13,0.1002118138634431
2017-07-14,-0.0580865012700661
2017-07-17,0.2346253157069279
2017-07-18,-0.1043451794430307
2017-07-19,0.4973448286209506
2017-07-20,0.0832211448231623
2017-07-21,-0.2085205911080691
2017-07-24,-0.2464031282589222
2017-07-25,0.0691701074078226
2017-07-26,-0.067086322093766
2017-07-27,0.1253618240593839
2017-07-28,0.0821841144920845
2017-07-31,-0.0220404816659824
2017-08-01,-0.1718364270079852
2017-08-02,-0.3004473598645205
2017-08-03,-0.0817839389310783
2017-08-04,0.1837874230285831
2017-08-07,0.0603011295536148
2017-08-08,-0.2267100815200811
2017-08-09,0.0620042244464765
2017-08-10,0.1093314741589396
2017-08-11,-0.1396393801018401
2017-08-14,0.0726999831759199
2017-08-15,0.0583729482162066
2017-08-16,-0.177138531251952
2017-08-17,0.1276801566553396
2017-08-18,0.1728843933661366
2017-08-21,0.281875071495035
2017-08-22,0.280490058278845
2017-08-23,-0.201416870920627
2017-08-24,-0.1091429951135726
2017-08-25,0.1856469490077991
2017-08-28,0.1895231548406717
2017-08-29,0.1938051733104132
2017-08-30,0.8652707308718359
2017-08-31,0.2127260919464517
2017-09-01,0.3293751872827184
2017-09-05,0.2396236062800409
2017-09-06,0.049652864823275
2017-09-07,0.2677366974954259
2017-09-08,-0.0355148633301414
2017-09-11,0.0746615186801707
2017-09-12,0.0277920198666921
2017-09-13,0.1439403209715491
2017-09-14,0.5930562437775226
2017-09-15,-0.2409140401517941
2017-09-18,0.2720582524466467
2017-09-19,-0.1856195146751947
2017-09-20,0.0445026082826009
2017-09-21,0.358490115909684
2017-09-22,0.1552106965563363
2017-09-25,-0.0716977238634016
2017-09-26,0.0021272089527292
2017-09-27,0.2822829146650616
2017-09-28,0.0013028417045286
2017-09-29,0.191516952997945
2017-10-02,0.1580239906392057
2017-10-03,0.0191085008972379
2017-10-04,0.5785703196712559
2017-10-05,0.2767518291757354
2017-10-06,-0.2550405854237771
2017-10-09,0.1871320642298513
2017-10-10,0.0171707028820602
2017-10-11,0.3195353305201284
2017-10-12,-0.0101004106930328
2017-10-13,0.1246466443589559
2017-10-16,0.2476176060327516
2017-10-17,0.3186345104607873
2017-10-18,-0.0958741217292161
2017-10-19,0.0758264096692604
2017-10-20,0.0461205212697747
2017-10-23,0.0086698897425352
2017-10-24,0.4904979339184997
2017-10-25,0.2163221172556351
2017-10-26,-0.1190826746528048
2017-10-27,0.3142869781168736
2017-10-30,0.5526210756157688
2017-10-31,0.3320157158672134
2017-11-01,-0.1811579586030974
2017-11-02,0.0229262523202732
2017-11-03,0.3700792601731047
2017-11-06,-0.0280425507073364
2017-11-07,0.1989234503103626
2017-11-08,0.2616322094482381
2017-11-09,-0.0822534120486573
2017-11-10,0.0875403132999674
2017-11-13,-0.5526058658971714
2017-11-14,-0.1131339738194386
2017-11-15,0.0372239486551321
2017-11-16,-0.1659225101455105
2017-11-17,0.4059200161445553
2017-11-20,-0.2108751471234438
2017-11-21,-0.0172238915048189
2017-11-22,0.0924863559333466
2017-11-23,0.3500724305994866
2017-11-24,-0.2299438051940786
2017-11-27,0.2852086462546899
2017-11-28,0.0499113665563202
2017-11-29,-0.153201295464699
2017-11-30,0.1307089250521318
2017-12-01,0.0732454262297311
2017-12-04,-0.0915017762806472
2017-12-05,0.0375784182335138
2017-12-06,-0.0583945558462927
2017-12-07,0.036401054383462
2017-12-08,0.1411379239144801
2017-12-11,0.3209196770470741
2017-12-12,-0.2488463899948862
2017-12-13,0.4203252064002288
2017-12-14,-0.4016902279737718
2017-12-15,-0.0466083625875878
2017-12-18,0.09645147758178
2017-12-19,0.0300493563635595
2017-12-20,-0.1555969228424686
2017-12-21,-0.0775549660410024
2017-12-22,-0.1393642808934079
2017-12-25,-0.163425334098524
2017-12-26,0.1196303570187634
2017-12-27,0.0164312278052202
2017-12-28,-0.1981745212427252
2017-12-29,0.1157728479649856
2018-01-02,0.0895350316786784
2018-01-03,0.0485625134168135
2018-01-04,-0.2474021688178199
2018-01-05,-0.1977886245482243
2018-01-08,0.0596523262812463
2018-01-09,0.0283134557527606
2018-01-10,-0.1017909499216007
2018-01-11,-0.0778867420469179
2018-01-12,0.1505517760186536
2018-01-15,-0.226807830355424
2018-01-16,-0.0024658885731873
2018-01-17,-0.1555914019513161
2018-01-18,-0.1618286829789277
2018-01-19,0.0984547810724917
2018-01-22,0.0409092994347579
2018-01-23,0.0357925341029322
2018-01-24,0.1315919429800591
2018-01-25,-0.1277535956691987
2018-01-26,0.0021322871032446
2018-01-29,-0.1984664395496687
2018-01-30,-0.0735830427442325
2018-01-31,-0.1662943674626333
2018-02-01,-0.1225601705271725
2018-02-02,-0.0244638473531454
2018-02-05,-0.3085158535949956
2018-02-06,0.2723902273514593
2018-02-07,-0.3483439108099141
2018-02-08,-0.3908678895575276
2018-02-09,0.0828667379444813
2018-02-12,0.0090171007966305
2018-02-13,-0.0248855851448338
2018-02-21,0.0464450137864201
2018-02-22,-0.1772213814462029
2018-02-23,-0.3119760987311999
2018-02-26,-0.2100574007522346
2018-02-27,-0.0619355515768361
2018-02-28,-0.2558477980461082
2018-03-01,-0.305969023165609
2018-03-02,-0.0910523229427538
2018-03-05,-0.0889059646279568
2018-03-06,-0.2372442202981914
2018-03-07,-0.2278686160480396
2018-03-08,-0.084907838731737
2018-03-09,-0.4184456705954009
2018-03-12,-0.407689403403758
2018-03-13,-0.2671131334957935
2018-03-14,-0.1632042349028755
2018-03-15,-0.0552899138158875
2018-03-16,0.1807737058020554
2018-03-19,0.0605352619055985
2018-03-20,-0.1395601756681669
2018-03-21,-0.1078320042971061
2018-03-22,-0.3008753518732386
2018-03-23,-0.100301311055686
2018-03-26,-0.1504522946195826
2018-03-27,-0.0241957244330441
2018-03-28,-0.2501059046315776
2018-03-29,0.0233833651481692
2018-03-30,0.2303250436610252
2018-04-02,-0.093626885779687
2018-04-03,0.012895224739598
2018-04-04,0.0750843493754996
2018-04-05,-0.1386159408293195
2018-04-06,-0.0089158959734409
2018-04-09,-0.0465187587101894
2018-04-10,-0.0247503849116396
2018-04-11,-0.1940867254759634
2018-04-12,-0.0297380300333866
2018-04-13,0.0698427825809325
2018-04-16,0.2653880952417619
2018-04-17,0.1719573863910887
2018-04-18,0.4157056656527633
2018-04-19,-0.16341779718029
2018-04-20,0.1695094366144337
2018-04-23,0.0367128089931456
2018-04-24,0.443004043726705
2018-04-26,-0.1529251706041693
2018-04-27,-0.0998937228758131
2018-05-02,-0.1171000585455087
2018-05-03,0.0696492024689568
2018-05-04,0.1127216486472102
2018-05-07,0.4243553337138312
2018-05-08,0.2439020718669807
2018-05-09,-0.0569270800117382
2018-05-10,-0.1166578787456754
2018-05-11,0.165910272872899
2018-05-14,-0.1920938422142123
2018-05-15,0.4425909728267268
2018-05-16,0.3164488952047479
2018-05-17,-0.0091021117469235
2018-05-18,-0.253815878612092
2018-05-21,0.3635648407887127
2018-05-22,0.0737586447940166
2018-05-23,0.3479987267241827
2018-05-24,-0.214792801572315
2018-05-25,-0.0122406564274922
2018-05-28,0.1121051234365039
2018-05-29,0.1237511530188926
2018-05-30,0.0275135413584735
2018-05-31,0.2451376504522429
2018-06-01,-0.0900493452328255
2018-06-04,0.0977687388468061
2018-06-05,0.1529333985708541
2018-06-06,0.2342484950400031
2018-06-07,0.2760242169950899
2018-06-08,-0.0890352070213045
2018-06-11,-0.1688886313086841
2018-06-12,0.3953573126751734
2018-06-13,0.208017152812534
2018-06-14,-0.0065678228224594
2018-06-15,0.4547759956297584
2018-06-18,0.1689360520678181
2018-06-19,0.382754100455332
2018-06-20,0.1613286971770325
2018-06-21,0.560740688330628
2018-06-22,0.5002602883627265
2018-06-25,0.0998345530244586
2018-06-26,0.3442105985030587
2018-06-27,0.2790740876772102
2018-06-28,0.4236610487041015
2018-06-29,-0.0432806942085666
2018-07-02,0.2865172282425873
2018-07-03,0.3604288907126637
2018-07-04,-0.2037321026434308
2018-07-05,-0.0895285533601645
2018-07-06,-0.2617793868774131
2018-07-09,0.09096729959348
2018-07-10,0.2869778073881847
2018-07-11,0.4424020607586637
2018-07-12,0.1550532144126575
2018-07-13,0.4641051740164763
2018-07-16,-0.1396441637808257
2018-07-17,-0.2064578120499553
2018-07-18,0.1208025659466457
2018-07-19,0.2062720699830643
2018-07-20,0.1203230750526215
2018-07-23,-0.2893642956143232
2018-07-24,0.1034243132890342
2018-07-25,-0.1426560899946732
2018-07-26,0.2490304456063813
2018-07-27,0.1851458382613706
2018-07-30,-0.0795437548386746
2018-07-31,0.0021443632744976
2018-08-01,-0.1105559778014644
2018-08-02,0.0850073565689331
2018-08-03,0.2847197182992985
2018-08-06,-0.1074099686474682
2018-08-07,0.1864888335525671
2018-08-08,-0.0245228940599687
2018-08-09,-0.0812874166512582
2018-08-10,0.0515537313371583
2018-08-13,-0.1384970665712132
2018-08-14,-0.0466630297397346
2018-08-15,-0.1800644925481778
2018-08-16,0.4478342498862175
2018-08-17,0.0572590886515713
2018-08-20,-0.0944773480866617
2018-08-21,0.0834745958647843
2018-08-22,0.0133786697110594
2018-08-23,-0.0132237976159751
2018-08-24,0.1488948968799175
2018-08-27,0.1726255788569748
2018-08-28,-0.0899371816771889
2018-08-29,-0.103979546565863
2018-08-30,-0.0488176097780288
2018-08-31,-0.4591897553792264
2018-09-04,0.2645744002383492
2018-09-05,0.3152075151661045
2018-09-06,-0.0685634933389162
2018-09-07,0.0916056876775787
2018-09-10,0.0336212437025788
2018-09-11,0.5822560990306883
2018-09-12,0.1855408852379539
2018-09-13,-0.0687690157959131
2018-09-14,-0.2390570066273206
2018-09-17,-0.3739483319229396
2018-09-18,-0.0166179854041567
2018-09-19,-0.2131688336670527
2018-09-20,-0.350868628614026
2018-09-21,-0.2001778748082752
2018-09-24,-0.2915395802403878
2018-09-25,0.2579152470659731
2018-09-26,0.0926201106968732
2018-09-27,-0.0894041296005346
2018-09-28,0.2041750229867322
2018-10-01,-0.0802423408226684
2018-10-02,-0.2717686989120004
2018-10-03,0.2014276590077915
2018-10-04,0.0010142073815632
2018-10-05,-0.3176690572234282
2018-10-08,-0.1516171318429638
2018-10-09,-0.2918764624570962
2018-10-10,-0.3963864601916531
2018-10-11,0.0624684215326365
2018-10-12,0.2563120613910641
2018-10-15,-0.407949449484767
2018-10-16,-0.0181642842213976
2018-10-17,-0.2632635688615911
2018-10-18,-0.2327891411254631
2018-10-19,-0.255921467965455
2018-10-22,-0.3121667558461184
2018-10-23,-0.1314353554493442
2018-10-24,-0.3089439761008566
2018-10-25,-0.0901182586259657
2018-10-26,-0.1555526985555636
2018-10-29,-0.1944284815845181
2018-10-30,-0.3291224831705661
2018-10-31,-0.2637708997783689
2018-11-01,0.002019620700096
2018-11-02,-0.0493515723813632
2018-11-05,-0.3453563096798174
2018-11-06,-0.1301225711296045
2018-11-07,0.0003112600134061
2018-11-08,-0.4836577396869289
2018-11-09,-0.0407487606597426
2018-11-12,-0.2814236588597643
2018-11-13,-0.0340918533750001
2018-11-14,-0.3000114341314983
2018-11-15,-0.5073203209531274
2018-11-16,-0.4706740971152394
2018-11-19,-0.1342090487371847
2018-11-20,-0.0903821743434222
2018-11-21,-0.3215325102193246
2018-11-22,-0.0111369193306297
2018-11-23,-0.4691913799224696
2018-11-26,-0.1479832005882896
2018-11-27,-0.3747006266871635
2018-11-28,-0.260447548483269
2018-11-29,-0.1180390125333928
2018-11-30,-0.2968981653495902
2018-12-03,-0.1988846755951883
2018-12-04,0.0822624342742624
2018-12-05,-0.231264856615084
2018-12-06,0.0544903353972769
2018-12-07,-0.3352259093003237
2018-12-10,0.0001612618832128
2018-12-11,0.1861166592982551
2018-12-12,-0.5928099142117171
2018-12-13,-0.2540346014156091
2018-12-14,0.0246895020751654
2018-12-17,-0.1273025774720627
2018-12-18,-0.0083365852990747
2018-12-19,-0.1991433257871738
2018-12-20,-0.0567218160485182
2018-12-21,-0.1007864469225327
2018-12-24,0.1683715690211769
2018-12-25,-0.0097620972195416
2018-12-26,0.0114802224670256
2018-12-27,-0.1337474859949353
2018-12-28,-0.1441680455892884
2019-01-02,-0.1163781524198888
2019-01-03,0.0306742617687929
2019-01-04,0.3927303058569579
2019-01-07,0.1568307734242555
2019-01-08,-0.0776238620225484
2019-01-09,0.2328124383010338
2019-01-10,-0.0840483561031049
2019-01-11,-0.4050584205056231
2019-01-14,-0.1940538590124591
2019-01-15,-0.361606467396277
2019-01-16,-0.0527762116444261
2019-01-17,0.0261652572873531
2019-01-18,0.3626991629679971
2019-01-21,0.0976968397042852
2019-01-22,-0.0066449745643288
2019-01-23,0.2078787118032624
2019-01-24,-0.395453661540385
2019-01-25,0.0986201509446975
2019-01-28,0.2103369033052408
2019-01-29,-0.2349491579392167
2019-01-30,0.2940556126973198
2019-01-31,0.1374682442189556
2019-02-01,-0.0089019752880261
2019-02-11,-0.0713874092290419
2019-02-12,0.2683617063190694
2019-02-13,-0.0653227939048541
2019-02-14,0.1236889979134496
2019-02-15,0.0172045229497988
2019-02-18,0.2117669886473856
2019-02-19,0.1858096109887393
2019-02-20,0.3295590494776456
2019-02-21,0.022886051816476
2019-02-22,0.073613862414346
2019-02-25,-0.0656061280602114
2019-02-26,0.0437011347432244
2019-02-27,0.2102857820149929
2019-02-28,0.2883395109382145
2019-03-01,-0.0455273164769077
2019-03-04,0.3146365676990095
2019-03-05,0.4134962548081743
2019-03-06,0.2265507902820643
2019-03-07,0.520558264861958
2019-03-08,-0.0083847621556683
2019-03-11,-0.1015465093770956
2019-03-12,-0.2075120101922865
2019-03-13,0.4481238231732226
2019-03-14,0.280305567685277
2019-03-15,0.1386669571041313
2019-03-18,0.2059626602853644
2019-03-19,-0.0751104474247893
2019-03-20,0.6389895477774806
2019-03-21,0.1753687055368654
2019-03-22,0.1709226224340626
2019-03-25,0.2935505939266588
2019-03-26,0.243787850540135
2019-03-27,0.1913875748285705
2019-03-28,-0.0126222411090376
2019-03-29,0.2384665801025166
2019-04-01,0.5191178893769208
2019-04-02,0.4101785254123892
2019-04-03,0.4579566104394654
2019-04-04,0.035146133882591
2019-04-05,-0.0626143514349922
2019-04-08,0.107916245283923
2019-04-09,0.1418377825508002
2019-04-10,0.3470050737993976
2019-04-11,-0.2129945801625554
2019-04-12,0.4286005556521833
2019-04-16,0.0312929102806799
2019-04-17,-0.0889585744625554
2019-04-18,-0.2208419150145954
2019-04-19,0.2713083002282803
2019-04-22,0.117764025054736
2019-04-23,-0.1585800455784798
2019-04-24,-0.1634023649901874
2019-04-25,0.0245514773543612
2019-04-26,0.4215058612534419
2019-05-02,0.0162011365145953
2019-05-03,-0.4730789199446312
2019-05-06,0.0509183354417532
2019-05-07,0.0110006677065054
2019-05-08,0.1917755758485187
2019-05-09,0.4176138849694102
2019-05-10,0.2683709036087107
2019-05-13,-0.0155324463718831
2019-05-14,-0.1879149868033707
2019-05-15,0.5431699620192878
2019-05-16,0.0354178330823848
2019-05-17,0.0214099585016151
2019-05-20,0.0088283450079765
2019-05-21,0.0482844078964138
2019-05-22,0.0482844078964138
2019-05-23,-0.0252001629437798
2019-05-24,-0.1160600977696078
2019-05-27,-0.1156976253945824
2019-05-28,-0.0178676038854881
2019-05-29,-0.1249804435403649
2019-05-30,-0.163825080897559
2019-05-31,-0.0049066983652683
2019-06-03,-0.0820959065751848
2019-06-04,0.2648249683087408
2019-06-05,-0.5710007904046936
2019-06-06,0.1727066790628353
2019-06-07,0.1988851406598004
2019-06-10,-0.4696912316864781
2019-06-11,-0.1281708712842847
2019-06-12,-0.1384754397851115
2019-06-13,-0.3501722070655435
2019-06-14,-0.2286395143872515
2019-06-17,-0.2995164664751094
2019-06-18,0.2688136642686481
2019-06-19,0.1013468303630576
2019-06-20,0.1644690589988713
2019-06-21,0.0505391562325026
2019-06-24,-0.3234547000933829
2019-06-25,-0.2062890047074163
2019-06-26,-0.0071380052915092
2019-06-27,-0.3529497751850258
2019-06-28,0.0306847480530089
2019-07-01,-0.1632464037702934
2019-07-02,-0.1932839044062319
2019-07-03,0.0208652861953731
2019-07-04,-0.0353462147261218
2019-07-05,-0.1991262937900915
2019-07-08,0.1023397401191842
2019-07-09,-0.3481881413034463
2019-07-10,-0.0110909837840995
2019-07-11,-0.0178112988882323
2019-07-12,-0.2003427070776655
2019-07-15,-0.0750548828307572
2019-07-16,-0.392196416733073
2019-07-17,0.0412972221599026
2019-07-18,-0.1818636504240083
2019-07-19,-0.2506419022392413
2019-07-22,0.0626527873331535
2019-07-23,-0.2889060718266492
2019-07-24,-0.4304533981779431
2019-07-25,-0.4606455039468837
2019-07-26,-0.0285103139277815
2019-07-29,-0.4060244780482392
2019-07-30,0.200960508523438
2019-07-31,-0.5662772803972386
2019-08-01,0.189673334468789
2019-08-02,-0.1069747593549867
2019-08-05,-0.1679154505086519
2019-08-06,-0.2567861551999811
2019-08-07,-0.0670404150570132
2019-08-08,-0.1532967073465491
2019-08-09,0.0761504320188624
2019-08-12,-0.1202440404367521
2019-08-13,-0.1114498699708078
2019-08-14,-0.2124960977778108
2019-08-15,-0.1492709234690993
2019-08-16,-0.0742764005225817
2019-08-19,-0.4756744726558825
2019-08-20,-0.400933442346558
2019-08-21,0.0198467684130535
2019-08-22,-0.0919995506493674
2019-08-23,-0.1601957145888956
2019-08-26,-0.1168015723910145
2019-08-27,-0.0479274660585056
2019-08-28,-0.2222207102826736
2019-08-29,-0.2666277328421466
2019-08-30,-0.0683724652680977
2019-09-03,-0.0186859219138092
2019-09-04,-0.437081427009749
2019-09-05,0.1131454723811555
2019-09-06,0.0058158670028399
2019-09-09,-0.0334171065500279
2019-09-10,0.1160897363524148
2019-09-11,0.2569104003339221
2019-09-12,0.1310381379172386
2019-09-13,-0.4355822976317737
2019-09-16,-0.318819530758125
2019-09-17,-0.1832946519810271
2019-09-18,-0.0484747192799326
2019-09-19,0.0545365351781162
2019-09-20,-0.1893919369928056
2019-09-23,-0.0020885723820742
2019-09-24,-0.1856734423597738
2019-09-25,-0.1520169097073455
2019-09-26,-0.3061290499229198
2019-09-27,-0.2044994117368468
2019-09-30,-0.2852235590166966
2019-10-01,-0.2050786246903808
2019-10-02,0.2058180524219411
2019-10-03,-0.1897909620793302
2019-10-04,0.5315642525662627
2019-10-07,0.1087447910549991
2019-10-08,0.0520306065895355
2019-10-09,-0.1516427387552147
2019-10-10,0.1650339764123721
2019-10-11,-0.085240125565651
2019-10-14,0.0591716365707189
2019-10-15,0.5516301858614294
2019-10-16,0.0252008921504898
2019-10-17,0.2790177881736986
2019-10-18,-0.0867765319218522
2019-10-21,0.0514968476725097
2019-10-22,0.4172254776455683
2019-10-23,-0.057827322416245
2019-10-24,0.4344814728821428
2019-10-25,0.217887837075717
2019-10-28,-0.0318950280278827
2019-10-29,0.2112512067232917
2019-10-30,0.2833577008096827
2019-10-31,0.2171872457614451
2019-11-01,-0.2173443778472005
2019-11-04,-0.044958991346427
2019-11-05,0.0546209731275353
2019-11-06,0.0927785874377626
2019-11-07,0.235220648782709
2019-11-08,0.1499239677585911
2019-11-11,-0.1495146471783514
2019-11-12,0.196633648045127
2019-11-13,0.2456170991674768
2019-11-14,0.2382267025021937
2019-11-15,0.3450531353635052
2019-11-18,0.2981665928814142
2019-11-19,0.2255573828725877
2019-11-20,0.121878864250574
2019-11-21,-0.1942405400038953
2019-11-22,0.2257616652674064
2019-11-25,0.183106572421814
2019-11-26,0.1974585316129792
2019-11-27,-0.1107922545951168
2019-11-28,-0.0703997556466832
2019-11-29,0.3575342171321682
2019-12-02,0.1399214985640083
2019-12-03,0.2848973085222325
2019-12-04,0.1548603913077679
2019-12-05,0.1555817322347011
2019-12-06,0.3375548130622142
2019-12-09,0.0467901157850783
2019-12-10,0.1691575761859093
2019-12-11,0.0572461451607662
2019-12-12,0.0624034202502707
2019-12-13,0.0869038273869342
2019-12-16,0.1924353433285213
2019-12-17,0.0513647628290774
2019-12-18,0.397208165029855
2019-12-19,-0.0340843382382888
2019-12-20,0.1060820604284036
2019-12-23,0.0539700634311777
2019-12-24,0.4296140676319002
2019-12-25,0.1776758778407778
2019-12-26,0.3427265376412258
2019-12-27,-0.1629132321003138
2019-12-30,0.1853010124214604
2019-12-31,0.3073627031710749
2020-01-02,0.337195260102377
2020-01-03,0.0177644811631233
2020-01-06,0.4000799664838447
2020-01-07,0.5748470776191796
2020-01-08,0.0392288743683357
2020-01-09,0.0193010088089362
2020-01-10,0.3955629001718048
2020-01-13,0.4171683963386469
2020-01-14,-0.0070625697852116
2020-01-15,0.0096192068932872
2020-01-16,0.0333427299865644
2020-01-17,-0.1832470260536972
2020-01-20,-0.1022390389120024
2020-01-21,-0.1235790662951966
2020-01-22,-0.0806385136670361
2020-01-30,0.00262766408832
2020-01-31,0.0307431263156937
2020-02-03,0.1707650552080317
2020-02-04,-0.1936177343891905
2020-02-05,0.1024997725236939
2020-02-06,0.0543705122772008
2020-02-07,0.1146091506518709
2020-02-10,0.0689735456192178
2020-02-11,0.4972083873790108
2020-02-12,-0.12639792577217
2020-02-13,-0.1100488859794474
2020-02-14,-0.1334728895005938
2020-02-17,-0.1249256706561556
2020-02-18,-0.1462777693757679
2020-02-19,0.2140537525535817
2020-02-20,0.2554284721262637
2020-02-21,-0.1477126047779147
2020-02-24,-0.2048881400513708
2020-02-25,0.0510550880758398
2020-02-26,-0.1584356031388239
2020-02-27,0.0738857165771027
2020-02-28,-0.0167671446423706
2020-03-02,-0.3650879553855274
2020-03-03,0.2430433391925844
2020-03-04,0.2882730999114528
2020-03-05,-0.1978261332499633
2020-03-06,-0.1570910437789222
2020-03-09,-0.0265716087673219
2020-03-10,-0.0209542429987396
2020-03-11,0.0398599366406298
2020-03-12,0.3062907178656307
2020-03-13,-0.134934528130755
2020-03-16,-0.2628888288774573
2020-03-17,-0.3826628342193288
2020-03-18,-0.2564359506957004
2020-03-19,-0.1202038027787941
2020-03-20,0.2421308855495534
2020-03-23,-0.2233754816061763
2020-03-24,-0.078035008199779
2020-03-25,-0.1288801308826549
2020-03-26,0.1094196875730562
2020-03-27,0.3746065993782927
2020-03-30,-0.2393292615303714
2020-03-31,-0.2332710797351722
2020-04-01,0.0713717117373048
2020-04-03,0.2281867538957637
2020-04-06,-0.025981944976727
2020-04-07,-0.2160802550305739
2020-04-08,-0.0273848939176159
2020-04-09,0.0750925021963262
2020-04-10,0.0164787958282453
2020-04-13,-0.0469682562667207
2020-04-14,0.0642713525972765
2020-04-15,0.0843206208069263
2020-04-16,0.126584527465463
2020-04-17,-0.0202475851322717
2020-04-20,-0.1833888309825712
2020-04-21,-0.1204315173129076
2020-04-22,0.0918848994518681
2020-04-23,-0.3122806638980764
2020-04-24,-0.074470081839349
2020-04-27,-0.2260190633021895
2020-04-28,-0.1405851849639831
2020-04-29,0.110535952701389
2020-05-04,-0.412624989241026
2020-05-05,0.0104121055526506
2020-05-06,-0.007772367195994
2020-05-07,0.2979032082774888
2020-05-08,-0.1940322104889272
2020-05-11,-0.0862281425273693
2020-05-12,-0.0776186201397481
2020-05-13,0.19069979864038
2020-05-14,-0.1410068205500865
2020-05-15,-0.0631647807645249
2020-05-18,0.0057210198128967
2020-05-19,-0.0752969342055036
2020-05-20,-0.1985408380848446
2020-05-21,-0.0669500907114553
2020-05-22,0.1125617957825848
2020-05-25,-0.3037505733088806
2020-05-26,-0.0680271618365321
2020-05-27,-0.2307137180754504
2020-05-28,0.1523520691181087
2020-05-29,-0.3871660622771436
2020-06-01,-0.1900927853837249
2020-06-02,0.0014412257693874
2020-06-03,0.2434931391753969
2020-06-04,-0.0782948971791509
2020-06-05,-0.1716455521370994
2020-06-08,0.3202322986283879
2020-06-09,-0.3409331483260848
2020-06-10,-0.4863657840881722
2020-06-11,0.0461758508115057
2020-06-12,-0.1374138603197222
2020-06-15,-0.2363844444705258
2020-06-16,0.1144342482707769
2020-06-17,0.0264542019974729
2020-06-18,-0.1301657843879312
2020-06-19,-0.2684357794010135
2020-06-22,0.1671054731783738
2020-06-23,0.1276513562017169
2020-06-24,-0.0172242849935785
2020-06-25,0.3769351534063414
2020-06-26,-0.2014207849114684
2020-06-29,-0.2875344461209931
2020-06-30,-0.1158561272701221
2020-07-01,0.0183381560759886
2020-07-02,0.0810226187222782
2020-07-03,-0.0110290595730523
2020-07-06,0.1124513047682123
2020-07-07,-0.2034922929422583
2020-07-08,0.3402918666328712
2020-07-09,0.0397748038689055
2020-07-10,0.2842678553325001
2020-07-13,0.1338898488036609
2020-07-14,0.1611589152840001
2020-07-15,0.1881476618604035
2020-07-16,0.1680394218045508
2020-07-17,0.2112585541597623
2020-07-20,0.3526689046603873
2020-07-21,0.130170550845911
2020-07-22,0.2365940334687352
2020-07-23,0.0806677920222027
2020-07-24,0.3903504608979294
2020-07-27,-0.0293530418348037
2020-07-28,0.4695942219159709
2020-07-29,0.104733710844462
2020-07-30,-0.1701558369886765
2020-07-31,0.14472507283073
2020-08-03,-0.0141334609684225
2020-08-04,0.2930426325939118
2020-08-05,-0.0029126011914984
2020-08-06,0.0409320016997674
2020-08-07,-0.2453275826572316
2020-08-10,0.0443838767734232
2020-08-11,-0.3478159616727709
2020-08-12,-0.1778580615950654
2020-08-13,0.2928136897351269
2020-08-14,0.2995426926091074
2020-08-17,0.228967887299955
2020-08-18,-0.0481849874561372
2020-08-19,0.1368405063944137
2020-08-20,0.1466721737865072
2020-08-21,-0.083434106735009
2020-08-24,0.4495999463938144
2020-08-25,0.3249087474283638
2020-08-26,0.1055934328722172
2020-08-27,0.1553469999852512
2020-08-28,0.1916633406056005
2020-08-31,-0.2585098843855405
2020-09-01,0.100085452838416
2020-09-03,-0.0519332136852202
2020-09-04,0.0913580042205924
2020-09-07,0.5061386822287433
2020-09-08,0.2736303878364519
2020-09-09,0.0299248470758181
2020-09-10,0.2572158670892491
2020-09-11,0.420950523811515
2020-09-14,0.3242295583375353
2020-09-15,0.1492975144176576
2020-09-16,0.005900082769675
2020-09-17,0.2726977934527186
2020-09-18,0.2093680771097263
2020-09-21,0.3071823367692912
2020-09-22,0.2525083771406768
2020-09-23,0.3325754812428333
2020-09-24,0.0126725354851637
2020-09-25,0.3801200211057183
2020-09-28,0.1529531697563893
2020-09-29,0.5251514389085437
2020-09-30,-0.0311946048581584
2020-10-01,0.4502609325637615
2020-10-02,0.1389610322064914
2020-10-05,-0.0347044323746845
2020-10-06,-0.0051038948714749
2020-10-07,0.0235960641317232
2020-10-08,0.1683935717611754
2020-10-09,0.1839295005251034
2020-10-12,-0.0396637497156336
2020-10-13,0.0658357704408246
2020-10-14,0.4947126427227563
2020-10-15,0.4072454733099163
2020-10-16,0.1444112513771625
2020-10-19,0.0600934009771393
2020-10-20,0.0717868387604204
2020-10-21,0.1657189514256165
2020-10-22,-0.1663561631130758
2020-10-23,-0.0181284076363293
2020-10-26,-0.3052624136857614
2020-10-27,0.1033749137783173
2020-10-28,0.1480192230201953
2020-10-29,-0.0830281541298094
2020-10-30,0.3234204743737452
2020-11-02,-0.2415256078582874
2020-11-03,-0.2942470784832008
2020-11-04,0.0385201585044516
2020-11-05,0.1980584298990217
2020-11-06,0.320445904673072
2020-11-09,-0.1130767357198882
2020-11-10,0.1894996983581255
2020-11-11,-0.0388455984779578
2020-11-12,-0.0705421996812301
2020-11-13,0.1358824275833878
2020-11-16,0.0848275797452882
2020-11-17,-0.3656521602794212
2020-11-18,0.2402535737450113
2020-11-19,0.2163441733103366
2020-11-20,-0.1893399407263285
2020-11-23,0.010451360528527
2020-11-24,0.0256910820124133
2020-11-25,-0.0253045798472076
2020-11-26,-0.1917387058122956
2020-11-27,-0.2201499460925159
2020-11-30,-0.0949883315804288
2020-12-01,0.1407158962543865
2020-12-02,0.0110419789060144
2020-12-03,-0.1755405417253858
2020-12-04,0.0492951193985781
2020-12-07,-0.6782633888392121
2020-12-08,0.1178086387276832
2020-12-09,-0.4631525224731212
2020-12-10,-0.1908352213694014
2020-12-11,-0.3452867938570148
2020-12-14,-0.3831600679423378
2020-12-15,0.1052086404456458
2020-12-16,-0.2230888515663217
2020-12-17,-0.0626957996577895
2020-12-18,-0.143682007196924
2020-12-21,-0.0410418353304049
2020-12-22,-0.1230861348424934
2020-12-23,-0.3968956505117321
2020-12-24,0.0572653369466839
2020-12-25,-0.2422724149766325
2020-12-28,-0.4562110963558949
2020-12-29,-0.2317303878734314
2020-12-30,0.1529942898655561
2020-12-31,0.0219998609615084
2021-01-04,-0.2191754282645189
2021-01-05,-0.214042056960201
2021-01-06,0.2654097253292478
2021-01-07,-0.0736110211710549
2021-01-08,-0.0638813732764661
2021-01-11,0.0564419256883212
2021-01-12,-0.1014157724800982
2021-01-13,-0.2003751395141995
2021-01-14,-0.1870647273931762
2021-01-15,-0.1611788554924668
2021-01-18,-0.1532037358272133
2021-01-19,0.0010278750563318
2021-01-20,-0.13268706315018
2021-01-21,0.0050325273720141
2021-01-22,-0.1559008491999222
2021-01-25,-0.1221372684519305
2021-01-26,-0.5354580483787633
2021-01-27,0.049644913328967
2021-01-28,-0.0619771829602403
2021-01-29,0.0708187347743471
2021-02-01,-0.7053996926015531
2021-02-02,0.2943011463802844
2021-02-03,-0.1483798285182757
2021-02-04,0.1042203863149051
2021-02-05,-0.3222211862635419
2021-02-08,0.0116178779498536
2021-02-09,-0.3181936661088299
2021-02-17,0.0145499941069815
2021-02-18,-0.0503271950935316
2021-02-19,-0.0031540310071124
2021-02-22,0.4088862292593928
2021-02-23,-0.0788915365493577
2021-02-24,-0.022644010998896
2021-02-25,0.1518408578824209
2021-02-26,0.1674537249889452
2021-03-01,0.1884527664414943
2021-03-02,0.0835453041807982
2021-03-03,-0.2680000609392417
2021-03-04,0.292132662599486
2021-03-05,-0.2589388985492069
2021-03-08,0.0357740604318696
2021-03-09,-0.1706639144672158
2021-03-10,-0.0276701179511419
2021-03-11,0.0558928193416008
2021-03-12,0.0594055204508755
2021-03-15,0.0845173743679146
2021-03-16,0.327874475480194
2021-03-17,0.1008323781783337
2021-03-18,-0.0337237625092546
2021-03-19,0.2128902602512714
2021-03-22,0.2629098853476215
2021-03-23,-0.2155906072415803
2021-03-24,0.154292884440577
2021-03-25,0.1798906562318222
2021-03-26,-0.0150574138655905
2021-03-29,0.3243464383157985
2021-03-30,0.0238890798498184
2021-03-31,0.0836507259905003
2021-04-01,0.0284912751286758
2021-04-02,0.0707215433053488
2021-04-05,-0.1472243003133015
2021-04-06,-0.2116345028962174
2021-04-07,0.3995367888222465
2021-04-08,-0.0845859779431121
2021-04-09,-0.1093958831158245
2021-04-12,-0.3378178901762136
2021-04-13,-0.0310578395961703
2021-04-14,-0.1641165441796515
2021-04-15,0.4325596931901743
2021-04-16,0.3096596067842734
2021-04-19,-0.026514003719636
2021-04-20,0.5648996519214082
2021-04-22,0.0556542044336958
2021-04-23,-0.3763559942213801
2021-04-26,0.5844810934319941
2021-04-27,-0.1489947963734624
2021-04-28,-0.1976761651916131
2021-04-29,0.3382555673581441
2021-05-04,0.2526359063404003
2021-05-05,0.2605345754867282
2021-05-06,0.3138391430689903
2021-05-07,0.2963550258999662
2021-05-10,0.2020602516746267
2021-05-11,0.1677528372033245
2021-05-12,0.1353214192386904
2021-05-13,-0.0021896960562419
2021-05-14,0.0930662838392711
2021-05-17,-0.1889577500029063
2021-05-18,0.1302317569247819
2021-05-19,-0.0477190094802209
2021-05-20,-0.0707857721865704
2021-05-21,0.1856772250059343
2021-05-24,0.4276988394135622
2021-05-25,0.3323958189825837
2021-05-26,-0.1660987503347738
2021-05-27,-0.050819815057651
2021-05-28,0.3342010559518898
2021-05-31,-0.0516719134733644
2021-06-01,0.0985167797194359
2021-06-02,0.2519123071989466
2021-06-03,-0.0534661800688477
2021-06-04,0.1594228692766341
2021-06-07,-0.1304659793021288
2021-06-08,0.0139054686407213
2021-06-09,0.1958261880379124
2021-06-10,-0.189184650153482
2021-06-11,0.2149095593614779
2021-06-14,0.120146675122708
2021-06-15,0.2316940014334773
2021-06-16,0.1629659632393026
2021-06-17,0.3878670458597404
2021-06-18,0.1368118746014837
2021-06-21,0.02248970602527
2021-06-22,0.1293137541682089
2021-06-23,0.2098808047413576
2021-06-24,0.1072477007860509
2021-06-25,0.1017402164579292
2021-06-28,-0.0507342825255628
2021-06-29,-0.0469735691592272
2021-06-30,-0.1990669903472536
2021-07-01,0.4271263661759636
2021-07-02,-0.1758904580900528
2021-07-05,-0.0701086518334449
2021-07-06,-0.0796949400371535
2021-07-07,0.2384144242736137
2021-07-08,-0.0041833776838111
2021-07-09,0.2996710910620098
2021-07-12,-0.0893150164751871
2021-07-13,0.09639195165757
2021-07-14,-0.1313113798896176
2021-07-15,0.4599130403999176
2021-07-16,-0.2115455963837499
2021-07-19,0.0830002446194662
2021-07-20,0.142830122629213
2021-07-21,0.0938553506261639
2021-07-22,-0.0309535431730619
2021-07-23,-0.0248584754591903
2021-07-26,0.0048684063659831
2021-07-27,-0.0382895147312056
2021-07-28,0.1789013584571046
2021-07-29,0.4232601995647744
2021-07-30,-0.135291757322273
2021-08-02,-0.302676561140055
2021-08-03,-0.0512630361242056
2021-08-04,0.477481917085911
2021-08-05,-0.2040054587082632
2021-08-06,0.2797902952370551
2021-08-09,0.2827979413577657
2021-08-10,-0.1681104283625518
2021-08-11,0.0518170411038622
2021-08-12,0.2591818149981595
2021-08-13,-0.1467671134386475
2021-08-16,-0.1160228762120891
2021-08-17,-0.1959245594522592
2021-08-18,-0.286732871930194
2021-08-19,-0.2177371019688793
2021-08-20,-0.3366720762987718
2021-08-23,-0.0889676753790272
2021-08-24,-0.2535729441044466
2021-08-25,-0.056504412087501
2021-08-26,-0.4180092957575961
2021-08-27,-0.0441040029505313
2021-08-30,0.0530983820947603
2021-08-31,-0.5155556808066813
2021-09-01,-0.0450686051248122
2021-09-06,0.2062324890968679
2021-09-07,-0.046997826697682
2021-09-08,-0.2741783183363939
2021-09-09,-0.1465561217561469
2021-09-10,-0.0258128496830005
2021-09-13,-0.12420034041961
2021-09-14,-0.0334185306035202
2021-09-15,-0.3269159173679179
2021-09-16,-0.1103618725165682
2021-09-17,-0.4282695300733913
2021-09-20,-0.1689027550457432
2021-09-21,-0.3284070454149278
2021-09-22,-0.29553546682078
2021-09-23,0.0981501019310056
2021-09-24,0.0687200525672726
2021-09-27,-0.0280216434488832
2021-09-28,-0.3684526328733363
2021-09-29,-0.2132459419724131
2021-09-30,0.0928477273866061
2021-10-01,-0.1210695927399581
2021-10-04,0.3149777687157418
2021-10-05,-0.0695343192656556
2021-10-06,-0.1089331626375388
2021-10-07,-0.2081476782964253
2021-10-08,-0.1184350364227335
2021-10-11,-0.1742947612689076
2021-10-12,-0.0006768714024704
2021-10-13,0.0507021387951511
2021-10-14,-0.2960196841522895
2021-10-15,-0.4030976180951252
2021-10-18,-0.5019692947188089
2021-10-19,-0.030857463268304
2021-10-20,-0.3507093990330445
2021-10-21,-0.5580500743830377
2021-10-22,-0.0470504904880969
2021-10-25,0.3766780527787365
2021-10-26,-0.1201562161492585
2021-10-27,0.0518680834945873
2021-10-28,-0.0962235490775934
2021-10-29,-0.1290016130431149
2021-11-01,0.0780787009854165
2021-11-02,-0.160186943428731
2021-11-03,-0.0449355412240711
2021-11-04,-0.0302470734778464
2021-11-05,-0.2242722695942337
2021-11-08,0.111787464432295
2021-11-09,-0.1174835467731338
2021-11-10,-0.229419568449879
2021-11-11,0.0333394502561222
2021-11-12,-0.2492659237557815
2021-11-15,-0.0594686094347485
2021-11-16,-0.0623888217340742
2021-11-17,0.1612211975030223
2021-11-18,0.0436510073597115
2021-11-19,-0.0515677724178
2021-11-22,0.1217688689071248
2021-11-23,0.241081531408758
2021-11-24,0.0794675582542302
2021-11-25,-0.0251228464117781
2021-11-26,-0.284629272156387
2021-11-29,-0.2303286803134826
2021-11-30,-0.073375583531
2021-12-01,-0.1292440786080524
2021-12-02,-0.0397387376689464
2021-12-03,0.0139852737452334
2021-12-06,0.1135906554271443
2021-12-07,-0.0014593368172037
2021-12-08,0.1149150181893047
2021-12-09,0.0354642729505441
2021-12-10,-0.3675942974959179
2021-12-13,-0.1554689888355172
2021-12-14,0.008443658392602
2021-12-15,-0.1998560968887785
2021-12-16,0.1668435254264645
2021-12-17,0.3577308142649618
2021-12-20,0.2999985799802532
2021-12-21,0.0181607072972587
2021-12-22,0.3635299766430244
2021-12-23,0.0995810655083532
2021-12-24,0.0068156034092863
2021-12-27,-0.0441449847597529
2021-12-28,0.0222571073258978
2021-12-29,0.0092392404983948
2021-12-30,0.1249848898642333
2021-12-31,0.1269424903050685
2022-01-04,0.1897471175864673
2022-01-05,0.3440861115504067
2022-01-06,0.2993473376971928
2022-01-07,-0.1841850139296779
2022-01-10,-0.3947568937756081
2022-01-11,0.3059951615745275
2022-01-12,-0.1512730699557107
2022-01-13,0.0799854226780453
2022-01-14,-0.1063870765317541
2022-01-17,-0.2302053373356986
2022-01-18,0.2408938743259758
2022-01-19,0.2866956180822166
2022-01-20,0.0216759275474319
2022-01-21,-0.3792692127595772
2022-01-24,0.0314972313495365
2022-01-25,0.2207574273117988
2022-01-26,-0.1518933861165541
2022-01-27,0.1818933512176595
2022-01-28,0.1433304949159674
2022-02-07,0.1445098083049023
2022-02-08,-0.0366674089632314
2022-02-09,0.061178563373451
2022-02-10,-0.0274431663671851
2022-02-11,0.114444412243564
2022-02-14,0.4907259904630713
2022-02-15,-0.1268101201182668
2022-02-16,-0.1761203086795809
2022-02-17,0.4396850339355098
2022-02-18,0.1022836333238206
2022-02-21,0.0088710713149751
2022-02-22,0.3490452819212661
2022-02-23,0.0181632382415345
2022-02-24,0.5025555423676145
2022-02-25,0.2708534264151752
2022-02-28,0.035450338865305
2022-03-01,0.5621108311578751
2022-03-02,0.0069776195902074
2022-03-03,0.2738687512326024
2022-03-04,0.1824978899279608
2022-03-07,0.3800410753881542
2022-03-08,0.428915520809664
2022-03-09,0.1198050169174144
2022-03-10,-0.0406144743106806
2022-03-11,0.1986061533245039
2022-03-14,-0.0325071707396667
2022-03-15,0.502023057453261
2022-03-16,0.1228520051131978
2022-03-17,0.0185738083690854
2022-03-18,0.1245655488349745
2022-03-21,-0.1859017582958175
2022-03-22,-0.1149980914397017
2022-03-23,0.3151205840906731
2022-03-24,-0.060711334669592
2022-03-25,-0.1431634689866663
2022-03-28,0.1690269149286423
2022-03-29,0.2942462870603506
2022-03-30,0.1962417653333514
2022-03-31,0.2469480138265365
2022-04-01,-0.1083862054241512
2022-04-04,-0.2462027285825624
2022-04-05,0.3335703322200597
2022-04-06,-0.0361251694521713
2022-04-07,-0.0266801731183326
2022-04-08,0.2841747967815952
2022-04-12,0.099756341349165
2022-04-13,0.4365835987056276
2022-04-14,-0.1301201544446798
2022-04-15,0.1791534529059956
2022-04-18,-2.8854293361319644e-06
2022-04-19,0.0373346792813782
2022-04-20,0.2843498452193032
2022-04-21,0.0752869608048526
2022-04-22,0.0764718724749758
2022-04-25,0.178441620640382
2022-04-26,-0.1138828334300381
2022-04-27,-0.2135212300209908
2022-04-28,-0.2593773943145198
2022-04-29,-0.448367120245329
2022-05-04,-0.1129995428909192
2022-05-05,-0.1285163871886713
2022-05-06,-0.0159960222928911
2022-05-09,0.0814325239963127
2022-05-10,0.0862330084508963
2022-05-11,-0.2065285546006141
2022-05-12,-0.1272888931522033
2022-05-13,-0.0411957595169623
2022-05-16,-0.1511886155126261
2022-05-17,0.2163927964857531
2022-05-18,-0.0103905161776017
2022-05-19,0.035001502309553
2022-05-20,0.0173380545349325
2022-05-23,0.1163204585885866
2022-05-24,-0.0851746000412993
2022-05-25,-0.3836150472763161
2022-05-26,-0.0470427719559402
2022-05-27,-0.2598423694580439
2022-05-30,-0.2377410010052506
2022-05-31,-0.017044862147401
2022-06-01,0.1111881751780071
2022-06-02,-0.1342132794122412
2022-06-03,-0.0785463092524383
2022-06-06,0.1984406489423917
2022-06-07,-0.0953833665303595
2022-06-08,0.3754304254231828
2022-06-09,-0.033015471292889
2022-06-10,-0.4993188176216281
2022-06-13,0.0026166959922742
2022-06-14,-0.0725408271121865
2022-06-15,0.1086224583447718
2022-06-16,-0.0150815058604778
2022-06-17,-0.1776323188718379
2022-06-20,-0.3948575294722898
2022-06-21,-0.191692644928693
2022-06-22,-0.3197156687754553
2022-06-23,-0.2652736326616218
2022-06-24,-0.0308448986600005
2022-06-27,0.1861937365098739
2022-06-28,-0.0679152504555732
2022-06-29,-0.3849254098205877
2022-06-30,-0.0555655766488435
2022-07-01,0.0962633994152094
2022-07-04,-0.2634373223412464
2022-07-05,-0.1665448321066313
2022-07-06,-0.1349091632761833
2022-07-07,-0.2927787193561103
2022-07-08,-0.0039443506182872
2022-07-11,-0.1554430165699733
2022-07-12,-0.0448540239348064
2022-07-13,-0.3036230201545514
2022-07-14,-0.2108401910847057
2022-07-15,0.0240408353532863
2022-07-18,-0.1919551670615372
2022-07-19,0.2311815528033999
2022-07-20,-0.1908342457632742
2022-07-21,-0.0625426360872115
2022-07-22,0.0825854232395636
2022-07-25,-0.3839435814856937
2022-07-26,-0.4486584877804488
2022-07-27,-0.3977470701270382
2022-07-28,0.163884828568128
2022-07-29,-0.1949213353270253
2022-08-01,0.4312663723736232
2022-08-02,-0.1889574874996122
2022-08-03,-0.034847633557951
2022-08-04,0.2410938934983194
2022-08-05,0.3383950798688538
2022-08-08,0.3540516142399126
2022-08-09,0.1880632569378118
2022-08-10,0.1559011890274447
2022-08-11,0.0743470876263332
2022-08-12,0.1163159871777382
2022-08-15,-0.1447475720695426
2022-08-16,-0.1932660648659739
2022-08-17,-0.0253841239912602
2022-08-18,-0.0538016491808329
2022-08-19,-0.1054438679362169
2022-08-22,0.129462139012237
2022-08-23,0.1862395037618553
2022-08-24,0.0178590086013486
2022-08-25,0.3006826194993728
2022-08-26,-0.2181679988419171
2022-08-29,-0.0235801459328854
2022-08-30,-0.1232476299737124
2022-08-31,-0.3482477510123575
2022-09-05,0.3423888825043023
2022-09-06,0.1706600345319806
2022-09-07,-0.1555903407881305
2022-09-08,0.4247601499519702
2022-09-09,0.3027830587950985
2022-09-12,0.1795654646151388
2022-09-13,0.0223485527413992
2022-09-14,-0.1198181808092502
2022-09-15,0.0019725353523537
2022-09-16,0.2984229420768896
2022-09-19,0.4617601782828276
2022-09-20,0.3975670605306847
2022-09-21,-0.0048748807251115
2022-09-22,-0.1271550413837189
2022-09-23,0.128711625758747
2022-09-26,-0.249499260153622
2022-09-27,0.1723606379714336
2022-09-28,0.0816253743605242
2022-09-29,0.0212339037315955
2022-09-30,-0.201331241983229
2022-10-03,0.2233668951688304
2022-10-04,0.0170101686369702
2022-10-05,-0.107666833299514
2022-10-06,-0.4455100502498179
2022-10-07,0.1259220139006443
2022-10-10,0.4882119024974457
2022-10-11,0.4682014041054735
2022-10-12,0.0465672468291147
2022-10-13,0.0194277188888252
2022-10-14,0.2353532181237726
2022-10-17,-0.0565078019328977
2022-10-18,0.204939522609113
2022-10-19,0.2990484242226189
2022-10-20,0.392308218260727
2022-10-21,0.1278167320481281
2022-10-24,0.107874511326464
2022-10-25,-0.0263906480847773
2022-10-26,-0.015739362586115
2022-10-27,0.1046055211818912
2022-10-28,0.2234724506876315
2022-10-31,0.3326476738210115
2022-11-01,-0.0109402166079768
2022-11-02,0.4478317992589046
2022-11-03,0.0945020102391138
2022-11-04,0.1437206799363855
2022-11-07,-0.0023452113718829
2022-11-08,-0.3388113680618068
2022-11-09,0.3216230748416712
2022-11-10,0.2907991970231134
2022-11-11,0.0856219758411469
2022-11-14,0.1535850622032366
2022-11-15,0.2415184449714786
2022-11-16,-0.1761885737114933
2022-11-17,0.0283486051252064
2022-11-18,0.2907015675375783
2022-11-21,-0.1214662469172874
2022-11-22,0.1855024750782899
2022-11-23,-0.1472670870726294
2022-11-24,0.2144558357811398
2022-11-25,0.1110274875881209
2022-11-28,-0.2080159064293037
2022-11-29,0.3446852227829345
2022-11-30,-0.0385782094464328
2022-12-01,-0.057227994217793
2022-12-02,0.1413022612501133
2022-12-05,0.3271693991386724
2022-12-06,-0.1095771858795071
2022-12-07,0.1019644204237232
2022-12-08,0.1713334451117213
2022-12-09,0.2200378919539597
2022-12-12,0.112461252310067
2022-12-13,-0.0005621955819476
2022-12-14,-0.0970851705012965
2022-12-15,0.0811751221453565
2022-12-16,-0.1550390298698462
2022-12-19,-0.5295048785957535
2022-12-20,0.1373927799023298
2022-12-21,0.226127748053298
2022-12-22,-0.4320361204867916
2022-12-23,-0.1662312393261132
2022-12-26,0.1546706092614297
2022-12-27,0.4374294432232101
2022-12-28,0.0251508742048638
2022-12-29,-0.1295699946193836
2022-12-30,-0.0255280437593839
2023-01-03,-0.1281315780249174
2023-01-04,-0.1637766820693562
2023-01-05,-0.105482148252678
2023-01-06,-0.2045844034153388
2023-01-09,0.0056456072580874
2023-01-10,0.3010984468058469
2023-01-11,0.0358563041633009
2023-01-12,-0.0841206043596274
2023-01-13,-0.0968651258715905
2023-01-16,-0.3559512249739929
2023-01-17,0.1285468222184964
2023-01-18,-0.068351230720909
2023-01-19,-0.0935297889170967
2023-01-27,-0.0611642752201895
2023-01-30,-0.3755731728761285
2023-01-31,0.0919266669696916
2023-02-01,-0.2294473568866953
2023-02-02,0.2750480508177544
2023-02-03,0.1127158132719612
2023-02-06,-0.1963257141857283
2023-02-07,0.1458931259332049
2023-02-08,-0.100065300187188
2023-02-09,0.0537183278315833
2023-02-10,-0.0229600424237051
2023-02-13,-0.2921149183440357
2023-02-14,-0.2543540550355465
2023-02-15,0.0776871653349749
2023-02-16,-0.1977784263022927
2023-02-17,-0.2139260683990488
2023-02-20,-0.3264459252199521
2023-02-21,-0.0527761755299383
2023-02-22,0.2730871750770166
2023-02-23,-0.3546913174119006
2023-02-24,-0.1379509116132786
2023-02-27,0.1381978859503562
2023-02-28,-0.161465666822888
2023-03-01,-0.0561924995277149
2023-03-02,-0.360112086523159
2023-03-03,-0.0627744616665498
2023-03-06,-0.1865023208371144
2023-03-07,0.047600566421919
2023-03-08,0.0876259589281894
2023-03-09,0.3679221443224578
2023-03-10,-0.0340366413610778
2023-03-13,-0.0846100941754103
2023-03-14,-0.1105321836750134
2023-03-15,-0.2195159943731084
2023-03-16,-0.0804942489936972
2023-03-17,-0.2064149401480129
2023-03-20,-0.1126224132820917
2023-03-21,0.118387504904646
2023-03-22,-0.3450966661042874
2023-03-23,0.0856911581680628
2023-03-24,0.1228001377120067
2023-03-27,-0.1624186696795119
2023-03-28,-0.5612038191500719
2023-03-29,-0.2562730894230625
2023-03-30,0.1269640271182665
2023-03-31,-0.1345875485988903
2023-04-03,-0.3273089899896351
2023-04-04,-0.2256965387865276
2023-04-05,0.0462280286440444
2023-04-06,-0.009568257698783
2023-04-07,-0.1635882703428557
2023-04-10,-0.1859249552322533
2023-04-11,-0.1875448698706727
2023-04-12,-0.2901871295653668
2023-04-13,0.2209756318528191
2023-04-14,-0.1628445798668134
2023-04-17,0.1488795396871408
2023-04-18,0.2136444156864212
2023-04-19,0.1130774329385009
2023-04-20,-0.1687785648611866
2023-04-21,0.0025133677542851
2023-04-24,-0.0787630024679938
2023-04-25,-0.2502733541718985
2023-04-26,-0.0001929748020319
2023-04-27,-0.2963323509356282
2023-04-28,0.1816191665299974
2023-05-04,-0.0886979328415954
2023-05-05,0.08528763812014
2023-05-08,-0.1221304285129021
2023-05-09,0.1520413508267034
2023-05-10,-0.2864577716887671
2023-05-11,0.0129895313367279
2023-05-12,0.3804885165803938
2023-05-15,-0.202366339469329
2023-05-16,-0.1328493045683718
2023-05-17,0.1104780241758879
2023-05-18,0.048601024515491
2023-05-19,0.0877848090950112
2023-05-22,0.120450717322308
2023-05-23,0.1544869635047741
2023-05-24,0.2543814165503766
2023-05-25,0.1192679151955101
2023-05-26,-0.0061260567186093
2023-05-29,0.1814147030922218
2023-05-30,0.4315987322323802
2023-05-31,0.0297606255278354
2023-06-01,-0.1340159923156567
2023-06-02,0.2868408471445683
2023-06-05,0.0458106377699698
2023-06-06,-0.3602625262572608
2023-06-07,0.2480577146424641
2023-06-08,-0.0242775573828701
2023-06-09,0.0688041457042514
2023-06-12,0.1573330320192047
2023-06-13,0.1329620338836127
2023-06-14,0.2405722008060876
2023-06-15,0.0152946663808919
2023-06-16,0.2086094449576468
2023-06-19,0.0575575407754871
2023-06-20,0.2605859448386717
2023-06-21,0.2391289696077986
2023-06-22,-0.0679295820456315
2023-06-23,0.3393248814612716
2023-06-26,0.017770383343706
2023-06-27,0.2892704111606177
2023-06-28,0.2036702632873313
2023-06-29,0.5002588175750814
2023-06-30,0.090190823125293
2023-07-03,0.0671327405031852
2023-07-04,0.1350720548815805
2023-07-05,0.0801255145909727
2023-07-06,0.3023989594914151
2023-07-07,-0.1793606539651643
2023-07-10,-0.0655040032035316
2023-07-11,-0.0671584452683711
2023-07-12,0.3374706618819155
2023-07-13,0.4903750496710986
2023-07-14,0.1280410535051862
2023-07-17,0.115679611179506
2023-07-18,0.1638014135794979
2023-07-19,0.3823472476045919
2023-07-20,-0.0354850532972235
2023-07-21,0.1975067213385611
2023-07-24,0.3445533363855957
2023-07-25,0.2492474189800617
2023-07-26,0.1862941108897575
2023-07-27,0.3477713597175813
2023-07-28,-0.3940639065154938
2023-07-31,0.2810151724483711
2023-08-01,0.0133209432163582
2023-08-02,-0.2234546646013535
2023-08-03,0.2432897599309209
2023-08-04,0.4140015674473983
2023-08-07,0.1098460439186669
2023-08-08,0.3258239635685885
2023-08-09,0.4554677501967133
2023-08-10,0.393610256249977
2023-08-11,0.4560904102629021
2023-08-14,0.2738508240762931
2023-08-15,0.1377005265457071
2023-08-16,-0.2007271156506337
2023-08-17,0.0673728471029442
2023-08-18,-0.0552742036121593
2023-08-21,0.5442274689859609
2023-08-22,0.071403318882945
2023-08-23,0.1276445868169106
2023-08-24,0.2096094068826623
2023-08-25,0.1042311903453614
2023-08-28,0.4306131653779732
2023-08-29,-0.0369364304739508
2023-08-30,0.1224081004663175
2023-08-31,-0.0692070944853261
2023-09-05,0.0587715188855056
2023-09-06,-0.0242045607543541
2023-09-07,-0.081419806166744
2023-09-08,-0.228853996274371
2023-09-11,0.0310752612041055
2023-09-12,-0.2580138108726874
2023-09-13,0.1901276489983728
2023-09-14,0.0497482514775249
2023-09-15,-0.2631431068403523
2023-09-18,-0.0383992463803939
2023-09-19,-0.131939380998818
2023-09-20,0.0773555886395559
2023-09-21,0.2766245406026736
2023-09-22,-0.3714957595345575
2023-09-25,0.0215443016575693
2023-09-26,-0.0384854987640721
2023-09-27,0.1228182260956557
2023-09-28,0.0262114077194826
2023-09-29,-0.1717816614573479
2023-10-02,-0.0901346974079562
2023-10-03,-0.1904359507193057
2023-10-04,0.1790984769301663
2023-10-05,-0.036672681810503
2023-10-06,0.334516543985269
2023-10-09,-0.0625895404822074
2023-10-10,-0.1968184570932021
2023-10-11,-0.3624984504492638
2023-10-12,-0.4249355864610226
2023-10-13,-0.3856154727640465
2023-10-16,-0.0197671625636419
2023-10-17,0.0242296207392082
2023-10-18,-0.3979902952242427
2023-10-19,0.093109564403541
2023-10-20,-0.186560818847594
2023-10-23,-0.0645405825683034
2023-10-24,0.2246986869988516
2023-10-25,0.0778847668212574
2023-10-26,-0.1588141350769464
2023-10-27,-0.2868545838631749
2023-10-30,-0.5423666789057574
2023-10-31,-0.259097285427804
2023-11-01,-0.1606276301185715
2023-11-02,-0.3188409034240381
2023-11-03,-0.1505249251005791
2023-11-06,-0.1116336198616822
2023-11-07,-0.1745645551005246
2023-11-08,-0.2620392579004092
2023-11-09,-0.1006064942098699
2023-11-10,-0.0480987355674845
2023-11-13,-0.3565644798166673
2023-11-14,0.1418578703768117
2023-11-15,-0.1617342670373451
2023-11-16,-0.1397769693424868
2023-11-17,-0.0032747808499474
2023-11-20,-0.099484206098699
2023-11-21,0.043452476361703
2023-11-22,-0.0906339229794334
2023-11-23,-0.2712656420496454
2023-11-24,-0.0770315794133464
2023-11-27,-0.3784657338540379
2023-11-28,-0.1282304184700564
2023-11-29,-0.1566436377935002
2023-11-30,-0.1915096425455756
2023-12-01,-0.1753158799239282
2023-12-04,-0.5255340771412759
2023-12-05,-0.2582994172654941
2023-12-06,-0.1292105779633144
2023-12-07,-0.1148692179602862
2023-12-08,-0.351273321712608
2023-12-11,0.10866739392203
2023-12-12,-0.3162845126200725
2023-12-13,0.0524254576220675
2023-12-14,-0.0542863797436432
2023-12-15,-0.2670747478158036
2023-12-18,0.2192819884172955
2023-12-19,-0.372307607804211
2023-12-20,0.052598950668966
2023-12-21,0.071378736659223
2023-12-22,-0.2602245829863384
2023-12-25,0.1551698033598049
2023-12-26,-0.1704182619012851
2023-12-27,-0.0596221601090494
2023-12-28,-0.0621180562836147
2023-12-29,-0.1377388527914929
2024-01-02,0.0547970257250807
2024-01-03,-0.4499437972838684
2024-01-04,0.1644053262682377
2024-01-05,-0.4250792687069051
2024-01-08,0.1179130790863116
2024-01-09,0.1408280059665103
2024-01-10,-0.2985292723963558
2024-01-11,-0.1582325549561967
2024-01-12,-0.2928598280142789
2024-01-15,-0.1102726170445132
2024-01-16,-0.124390026514912
2024-01-17,0.0977239307035916
2024-01-18,0.2084932371636938
2024-01-19,0.2302674288458069
2024-01-22,-0.1565494656480883
2024-01-23,-0.0811577490174851
2024-01-24,-0.3711548491663933
2024-01-25,-0.1907567671201401
2024-01-26,0.1683048963829771
2024-01-29,0.3033958615536153
2024-01-30,-0.2616238405879412
2024-01-31,-0.128263889209411
2024-02-01,-0.0100583042345079
2024-02-02,0.0562542709134542
2024-02-05,-0.1566997195298655
2024-02-06,0.0950263380954926
2024-02-07,-0.0795719434449475
2024-02-15,0.0268675126944861
2024-02-16,-0.0247132377908324
2024-02-19,0.0022238588527009
2024-02-20,0.3783466330507714
2024-02-21,0.1753700919110795
2024-02-22,0.0085889416989311
2024-02-23,0.2114994905906129
2024-02-26,0.0096882028618403
2024-02-27,0.3153355805414172
2024-02-28,0.1588079734746517
2024-02-29,0.0674936863827877
2024-03-01,0.1824732517398481
2024-03-04,-0.2173728582887249
2024-03-05,-0.1247861643423301
2024-03-06,-0.1345644456566302
2024-03-07,0.1363466108639953
2024-03-08,0.4576787080800245
2024-03-11,0.5607299365660441
2024-03-12,0.2452471497505635
2024-03-13,0.2208421509889119
2024-03-14,-0.2366360332739901
2024-03-15,0.0178057177531763
2024-03-18,-0.0285916738492899
2024-03-19,0.0072768744525518
2024-03-20,0.1001529099300221
2024-03-21,0.0415502051107447
2024-03-22,-0.2578560563456389
2024-03-25,0.2894682185567478
2024-03-26,-0.0729355908947644
2024-03-27,0.1910319007704685
2024-03-28,0.5594094986257225
2024-03-29,-0.0380341608884395
2024-04-01,-0.3591269868717146
2024-04-02,0.0906541925352313
2024-04-03,0.3688072149811841
2024-04-04,0.5408799170871202
2024-04-05,-0.0962701283981441
2024-04-08,0.249242748349571
2024-04-09,0.0569373821958303
2024-04-10,0.1287397218903369
2024-04-11,0.6785614085639894
2024-04-12,-0.1513042899748465
2024-04-15,0.1994688823766019
2024-04-16,0.2415255286041332
2024-04-17,0.3642456887541995
2024-04-19,0.2064125211129378
2024-04-22,0.0650876994348127
2024-04-23,0.1956984629485562
2024-04-24,0.0715326592262049
2024-04-25,0.262627800660828
2024-04-26,0.0623799964933045
2024-05-02,0.1164884096899951
2024-05-03,-0.2305821917178608
2024-05-06,0.3735279575614512
2024-05-07,-0.0630180388596543
2024-05-08,-0.015771324171457
2024-05-09,-0.0074245388910402
2024-05-10,0.383197006714515
2024-05-13,-0.3223441191746995
2024-05-14,0.7287053425369092
2024-05-15,0.3086195250576701
2024-05-16,0.138200252238392
2024-05-17,0.0786140378935502
2024-05-20,0.1426444832118187
2024-05-21,0.1856039555299113
2024-05-22,0.2061779753967053
2024-05-23,0.1839254422974175
2024-05-24,0.0863094897842732
2024-05-27,0.0244384883293096
2024-05-28,0.0290933342338775
2024-05-29,0.0157422173612001
2024-05-30,0.2767929765983102
2024-05-31,0.1640097917807219
2024-06-03,-0.5475701164566312
2024-06-04,0.1668519246450629
2024-06-05,0.0697435355162851
2024-06-06,0.0221448575776932
2024-06-07,-0.0567555296921701
2024-06-10,0.240808983402263
2024-06-11,0.2005122492432675
2024-06-12,-0.1485602881520479
2024-06-13,0.0824273084443742
2024-06-14,-0.1983140200118522
2024-06-17,-0.2849014054018309
2024-06-18,-0.139306342323377
2024-06-19,0.1535461850038202
2024-06-20,0.1667439217090556
2024-06-21,0.0738139508445757
2024-06-24,0.1113259789041252
2024-06-25,0.0646898670656398
2024-06-26,-0.1716518966033367
2024-06-27,0.0382673125783163
2024-06-28,0.1072565484927009
2024-07-01,0.0933834386196236
2024-07-02,0.1757222311680207
2024-07-03,0.0750836601928261
2024-07-04,-0.0007301661429614
2024-07-05,0.1386464451992123
2024-07-08,-0.0849678973236142
2024-07-09,-0.260230111762982
2024-07-10,-0.1205669465526761
2024-07-11,-0.2409347378492352
2024-07-12,-0.2308883571235925
2024-07-15,-0.1285484363712491
2024-07-16,-0.261809980442891
2024-07-17,-0.1684848001528208
2024-07-18,-0.489063167156619
2024-07-19,-0.0710066429238389
2024-07-22,-0.1166231567805292
2024-07-23,-0.2833510083750613
2024-07-24,0.0089800680806536
2024-07-25,0.0618456870187043
2024-07-26,-0.4498399697200932
2024-07-29,-0.2833900354380495
2024-07-30,-0.2870452625997875
2024-07-31,-0.3234211208280543
2024-08-01,0.0283812353275401
2024-08-02,-0.1781994143761448
2024-08-05,-0.1941026959170066
2024-08-06,-0.5435808675094352
2024-08-07,-0.0171747942570856
2024-08-08,-0.3933998126698781
2024-08-09,-0.1346896358711493
2024-08-12,-0.0921658441343398
2024-08-13,0.1236894482643528
2024-08-14,-0.4108424693193123
2024-08-15,-0.7534513119334875
2024-08-16,-0.1130833130544562
2024-08-19,0.2101111612246812
2024-08-20,0.0978269837575806
2024-08-21,-0.1078350061927015
2024-08-22,-0.2477323365441818
2024-08-23,0.0125472000352379
2024-08-26,-0.342893375179941
2024-08-27,-0.0520547635201888
2024-08-28,-0.0452107869587472
2024-08-29,0.0669212071654537
2024-08-30,0.4081565082808917
2024-09-04,-0.1439029867844573
2024-09-05,-0.4906298202979759
2024-09-06,-0.2736317783212053
2024-09-09,-0.2142705117522031
2024-09-10,-0.2348094626715497
2024-09-11,-0.096954145691542
2024-09-12,-0.2892008732306996
2024-09-13,0.1023360415427963
2024-09-16,-0.1188464854306612
2024-09-17,-0.1176336837001337
2024-09-18,-0.1781096583885603
2024-09-19,-0.0781246513766788
2024-09-20,0.0593460724790624
2024-09-23,-0.2754930116846055
2024-09-24,-0.2299702572029391
2024-09-25,-0.1552628917069901
2024-09-26,-0.3597575872826937
2024-09-27,-0.2504000522625809
2024-09-30,-0.1776615766831473
2024-10-01,0.0966830789246357
2024-10-02,-0.0213729716420736
2024-10-03,-0.0307756482863078
2024-10-04,0.1051547767521986
2024-10-07,-0.0879581153772007
2024-10-08,0.0222174682253717
2024-10-09,-0.0718495182674408
2024-10-10,0.006594525641379
2024-10-11,-0.1582508149397074
2024-10-14,-0.5246373262264833
2024-10-15,-0.0588635709617647
2024-10-16,0.2574436056032365
2024-10-17,0.1630688907525336
2024-10-18,0.175861774850756
2024-10-21,0.2349840189530645
2024-10-22,0.0104785905455407
2024-10-23,0.0372074696581428
2024-10-24,-0.1207862890161046
2024-10-25,-0.0554737679475691
2024-10-28,0.1358831463029851
2024-10-29,0.2584797749425594
2024-10-30,-0.0052320645211567
2024-10-31,-0.0624515315743308
2024-11-01,0.0325903953179552
2024-11-04,0.1575885445989144
2024-11-05,-0.2466028701881231
2024-11-06,-0.4122940484619598
2024-11-07,-0.0584433317124059
2024-11-08,-0.187813950148338
2024-11-11,-0.0406975891126326
2024-11-12,0.0359086078035404
2024-11-13,-0.0207235208765268
2024-11-14,0.3648034686426863
2024-11-15,0.1439601565100703
2024-11-18,0.1429199796583477
2024-11-19,0.2113884213147395
2024-11-20,-0.1367943451048361
2024-11-21,0.3027188509301809
2024-11-22,0.0835624203482232
2024-11-25,0.2365205118264233
2024-11-26,-0.1083517418458607
2024-11-27,-0.2012545208220394
2024-11-28,0.2764310392783777
2024-11-29,0.1913655074531867
2024-12-02,-0.0612251839154519
2024-12-03,-0.0517783802339717
2024-12-04,0.3500745876067687
2024-12-05,-0.1102002154337172
2024-12-06,0.4587694302722567
2024-12-09,-0.0474813228064011
2024-12-10,0.2625818264771412
2024-12-11,0.0712904846037834
2024-12-12,0.2596101804862476
2024-12-13,0.0319540085554677
2024-12-16,0.1098659382784064
2024-12-17,0.1520978302726517
2024-12-18,-0.0551939098958311
2024-12-19,0.2945766695966902
2024-12-20,0.0447746417545868
2024-12-23,0.1025391446218064
2024-12-24,-0.049933691702654
2024-12-25,-0.3630189623367114
2024-12-26,0.1115877654031987
2024-12-27,0.6324955291370471
2024-12-30,0.3069058086641987
2024-12-31,0.1459787468921745
2025-01-02,0.0969320654739388
2025-01-03,0.1535167112564424
2025-01-06,0.2577950907355939
2025-01-07,-0.0886084020548415
2025-01-08,0.3694374593591983
2025-01-09,0.2885054989884554
2025-01-10,0.2877609234379885
2025-01-13,0.2303533457501016
2025-01-14,0.1449574547860588
2025-01-15,0.2738256056274897
2025-01-16,0.2556807087413972
2025-01-17,0.0644217020663058
2025-01-20,0.0182712104660354
2025-01-21,0.150976790164865
2025-01-22,0.4378784236580511
2025-01-23,-0.1224204512308408
2025-01-24,-0.1709168402131002
2025-02-03,0.4009440264017327
2025-02-04,-0.2209017489985258
2025-02-05,-0.0702229500821807
2025-02-06,0.0709168358936069
2025-02-07,-0.2410803738242469
2025-02-10,0.0482788310238538
2025-02-11,0.4115433552424741
2025-02-12,0.0791381832932558
2025-02-13,0.116729348153806
2025-02-14,-0.1858939297942387
2025-02-17,-0.0616568831368362
2025-02-18,-0.0180159575780049
2025-02-19,-0.0111751342251269
2025-02-20,0.3039830296146268
2025-02-21,0.1544259239596015
2025-02-24,-0.1842180869731009
2025-02-25,0.0825179527235236
2025-02-26,0.1279679350020713
2025-02-27,0.2514285135360639
2025-02-28,0.3345559675197294
2025-03-03,-0.1895423794765361
2025-03-04,-0.1536813871268415
2025-03-05,-0.2480212330293115
2025-03-06,-0.0483092916685274
2025-03-07,0.0867683688641381
2025-03-10,0.1859728363412379
2025-03-11,-0.0316622626534845
2025-03-12,-0.0854012529323585
2025-03-13,0.0039839706607659
2025-03-14,-0.1983027929709876
2025-03-17,0.3817616927457395
2025-03-18,-0.362509937404103
2025-03-19,-0.0088157699909705
2025-03-20,0.3542220483401106
2025-03-21,-0.0538184313074908
2025-03-24,-0.0978041082764632
2025-03-25,-0.1358368527118273
2025-03-26,-0.1049060804755302
2025-03-27,0.201338443029417
2025-03-28,-0.5199257814307578
2025-03-31,0.2248973563005083
2025-04-01,-0.3707259305636327
2025-04-02,-0.143314608098146
2025-04-03,-0.179782695365659
2025-04-04,0.0199315348313904
2025-04-08,-0.0127051498445271
2025-04-09,0.2962151631222637
2025-04-10,-0.3846679334811685
2025-04-11,-0.0773538003352409
2025-04-14,-0.250825276979369
2025-04-15,-0.0362536323261753
2025-04-16,-0.1204688393037415
2025-04-17,-0.2553250012777494
2025-04-18,-0.2553250012777494
2025-04-21,-0.2553250012777494
2025-04-22,-0.0320412584454594
2025-04-23,0.2288098147140087
2025-04-24,-0.1725379378792026
2025-04-25,0.0074463085382837
2025-04-28,-0.3971563133332145
2025-04-29,-0.3316315624368787
2025-05-05,-0.2087490575806054
2025-05-06,-0.1473251410673272
2025-05-07,-0.3981474176280067
2025-05-08,-0.027880751843345
2025-05-09,0.0271301491158473
2025-05-12,-0.2401412621094103
2025-05-13,-0.2439520135855461
2025-05-14,-0.0968217380375514
2025-05-15,-0.2372284827816893
2025-05-16,-0.1628316871511326
2025-05-19,0.2707847775242802
2025-05-20,-0.1979534190193345
2025-05-21,-0.2194399694744815
2025-05-22,-0.2763397845562708
2025-05-23,0.0031106174322248
2025-05-26,-0.1807070601898457
2025-05-27,-0.2729107831668504
2025-05-28,0.1228095953644772
2025-05-29,0.14421150768531
2025-05-30,-0.2578964705394849
2025-06-02,-0.509069301840953
2025-06-03,0.067942704156516
2025-06-04,-0.2681363349075755
2025-06-05,0.0294101899334918
2025-06-06,-0.5200972502379246
2025-06-09,0.0552214961826733
2025-06-10,-0.3626168570533967
2025-06-11,0.0288195988127735
2025-06-12,-0.1112990070574072
2025-06-13,-0.3016350745157007
2025-06-16,-0.1888248710918637
2025-06-17,0.0333950068622538
2025-06-18,-0.0790254709648258
2025-06-19,0.020453885318671
2025-06-20,0.3027421900310094
2025-06-23,-0.4014086460237575
2025-06-24,0.2389661857515572
2025-06-25,-0.0594272934007568
2025-06-26,-0.2557882299597724
2025-06-27,-0.3377426132986795
2025-06-30,-0.1050727972160581
2025-07-01,0.1215871862950904
2025-07-02,-0.0836770693869214
2025-07-03,0.2487039558049471
2025-07-04,-0.3390624842165846
2025-07-07,-0.0464912041535418
2025-07-08,-0.2897492059184955
2025-07-09,0.0383023869053696
2025-07-10,0.1478382611520075
2025-07-11,-0.1087739845383184
2025-07-14,-0.5405194512331828
2025-07-15,0.0250797562992953
2025-07-16,0.0776209869245453
2025-07-17,0.0761261836778443
2025-07-18,0.2474228853010563
2025-07-21,-0.2089453707668061
2025-07-22,0.146301654615419
2025-07-23,0.2537416071791324
2025-07-24,-0.3355126728413521
2025-07-25,0.089077500672149
2025-07-28,-0.070774477859374
2025-07-29,0.0186379080145574
2025-07-30,0.1093198722937855
2025-07-31,-0.0528632052764333
2025-08-01,-0.0858107078588743
2025-08-04,0.0608549848532616
2025-08-05,-0.1587911147005532
2025-08-06,-0.1539385505908682
2025-08-07,0.2035992887570759
2025-08-08,-0.1576112605103463
2025-08-11,0.2097528045405678
2025-08-12,0.1732663394088725
2025-08-13,-0.2602452002233923
2025-08-14,-0.0465230627726701
2025-08-15,0.3317866019878946
2025-08-18,-0.0993968157365042
2025-08-19,0.0077194212264565
2025-08-20,0.196664667803177
2025-08-21,0.2644669810998892
2025-08-22,0.060897737792642
2025-08-25,-0.0050034384214781
2025-08-26,0.4021384494838748
2025-08-27,0.4684795603280248
2025-08-28,0.3193722898691027
2025-08-29,0.1434280389970628
2025-09-03,0.238304573458057
2025-09-04,0.219666712364966
2025-09-05,0.4183410198063296
2025-09-08,0.2699922099519302
2025-09-09,-0.1589884111662884
2025-09-10,0.3535852809867864
2025-09-11,-0.0550073514297821
2025-09-12,0.0690588791388633
2025-09-15,0.1969794902435616
2025-09-16,0.5469960114761352
2025-09-17,0.7706050127764752
2025-09-18,0.2705595819688632
2025-09-19,0.1130035359032702
2025-09-22,0.2568056243999119
2025-09-23,0.3275306698070542
2025-09-24,0.0857944986756713
2025-09-25,0.5087321628554226
2025-09-26,0.1952996046948523
2025-09-29,0.2482637744910853
2025-09-30,0.2811644871363097
2025-10-01,0.2313970323060147
2025-10-02,0.3138044769656457
2025-10-03,0.0213401808538965
2025-10-06,0.031744044874408
2025-10-07,-0.0781721968948037
2025-10-08,0.228055543731584
2025-10-09,0.2940835325282476
2025-10-10,0.227838091022161
2025-10-13,0.4690178783167903
2025-10-14,0.1306870539884779
2025-10-15,0.2630950171421019
2025-10-16,-0.0915967661681982
2025-10-17,0.0465793786297458
2025-10-20,0.2602250164381525
2025-10-21,0.2879214703731507
2025-10-22,0.0561600307541591
2025-10-23,0.0973582277813603
2025-10-24,-0.1952960885816246
2025-10-27,0.0333531047110856
2025-10-28,0.2791994736438691
2025-10-29,0.2124153919197732
2025-10-30,0.1936508969855996
2025-10-31,0.0995119551631359
2025-11-03,0.0869098156638347
2025-11-04,-0.050722065820596
2025-11-05,0.2168624524386372
2025-11-06,0.1569603084555197
2025-11-07,0.1667575970420902
2025-11-10,-0.0413409748892301
2025-11-11,-0.3713613797740376
2025-11-12,0.2741130663146602
2025-11-13,-0.0457704002084441
2025-11-14,-0.1272990419658546
2025-11-17,0.1791606331633041
2025-11-18,-0.042773894048
2025-11-19,0.2427401101947925
2025-11-20,0.1492440560993317
2025-11-21,0.1576180519854824
2025-11-24,-0.2572488584575946
2025-11-25,0.2533514652883625
2025-11-26,0.0582209792717716
2025-11-27,-0.0728829836994186
2025-11-28,0.0246506283496359
2025-12-01,-0.3642691468646075
2025-12-02,0.0677234504727661
2025-12-03,-0.2248508629816308
2025-12-04,-0.2944589849198592
2025-12-05,-0.3333185506089308
2025-12-08,0.1888012249545126
2025-12-09,-0.1644413839863569
2025-12-10,0.2633474539004537
2025-12-11,-0.1553195478951413
2025-12-12,-0.3943385086759314
2025-12-15,-0.2808207314394504
2025-12-16,0.1850614548349659
2025-12-17,-0.0977965358934597
2025-12-18,-0.1807163788191697
2025-12-19,-0.0434183465207095
2025-12-22,0.0206552778258378
2025-12-23,0.1395877648230082
2025-12-24,0.2017103233722544
2025-12-25,0.2017103233722544
2025-12-26,-0.1639430189288505
2025-12-29,-0.3610963932937439
2025-12-30,-0.1823709235216348
2025-12-31,-0.0513020822420408
2026-01-05,-0.3018004944259278
2026-01-06,-0.0449367802317825
2026-01-07,-0.1266225565843817
2026-01-08,-0.1134005488461396
2026-01-09,-0.274593600036706
2026-01-12,-0.1717727242678644
2026-01-13,-0.3131976131174399
2026-01-14,0.0471728941245031
2026-01-15,0.0738126690867913
2026-01-16,-0.5046971524391517
2026-01-19,-0.3234336374548083
2026-01-20,-0.4387564032685876
2026-01-21,-0.2712194952543741
2026-01-22,-0.1595095677496878
2026-01-23,-0.4341996067610268
2026-01-26,-0.3299308286928323
2026-01-27,-0.3474769266317473
2026-01-28,-0.1061956037380784
2026-01-29,-0.13457978028091
2026-01-30,-0.2934308087559569
2026-02-02,-0.1141881412892054
2026-02-03,-0.2591911964089021
2026-02-04,-0.2043225749926617
2026-02-05,0.1847291335466266
2026-02-06,0.1183278024812737
2026-02-09,-0.4093173891356798
2026-02-10,0.0170745938510029
2026-02-11,0.0141020710941493
2026-02-12,-0.3769706215004771
2026-02-13,0.0174605125260152
2026-02-23,-0.026501172252659
2026-02-24,-0.0665517571174166
2026-02-25,-0.0542539702738928
2026-02-26,-0.3952640442989784
2026-02-27,0.0820618558267962
2026-03-02,0.1092257904489762
2026-03-03,-0.1677223453193919
2026-03-04,-0.1275562050321517
2026-03-05,-0.4219668787998432
2026-03-06,-0.0096503962360947
2026-03-09,0.0052791616755752
2026-03-10,-0.1180802623811544
2026-03-11,0.1228362498761807
2026-03-12,-0.1651288703274063
2026-03-13,0.0184379860375519
2026-03-16,-0.2944808702770957
2026-03-17,-0.0912226365346082
2026-03-18,-0.1172511459877858
2026-03-19,-0.0330952728610591
2026-03-20,-0.1477519729859596
2026-03-23,-0.0957487921371889
2026-03-24,0.1002246397710892
2026-03-25,-0.1477959648374016
2026-03-26,-0.3771497076089156
2026-03-27,0.2987533556616064
2026-03-30,0.2298550958269891
2026-03-31,-0.3001089631966752
2026-04-01,0.101110713239311
2026-04-02,-0.1325593061789813
2026-04-03,0.0256350993968655
2026-04-06,0.0367145570193738
2026-04-07,-0.064055167049723
2026-04-08,-0.1689509982880978
2026-04-09,-0.1453167818897829
2026-04-10,-0.185449651996282
2026-04-13,-0.1635759512816689
2026-04-14,-0.0056505064167534
2026-04-15,-0.1303788343678601
2026-04-16,0.1541573973682115
2026-04-17,0.3201503190186623
2026-04-20,-0.0883806776923833
2026-04-21,0.0804090561940226
2026-04-22,0.1373272246035957
2026-04-23,0.1366111623600196
2026-04-24,0.0621753709481802
2026-04-28,0.1528194808637424
2026-04-29,-0.1865614575906414
