time,open,high,low,close,volume
2019-01-15 07:00:00,8.71,8.71,6.39,6.39,109570
2019-01-16 07:00:00,6.39,6.82,6.39,6.82,27940
2019-01-17 07:00:00,7.29,7.29,7.29,7.29,119080
2019-01-18 07:00:00,7.61,7.67,7.29,7.29,50480
2019-01-21 07:00:00,7.29,7.29,6.91,6.91,13560
2019-01-22 07:00:00,6.74,6.74,6.5,6.5,44240
2019-01-23 07:00:00,6.39,6.5,6.39,6.39,32640
2019-01-24 07:00:00,6.39,6.68,6.33,6.33,25700
2019-01-25 07:00:00,6.27,6.39,6.21,6.33,49630
2019-01-28 07:00:00,6.39,6.39,6.1,6.1,14490
2019-01-29 07:00:00,6.1,6.1,5.98,5.98,17290
2019-01-30 07:00:00,6.1,6.39,6.1,6.39,13100
2019-01-31 07:00:00,5.98,6.74,5.98,6.74,13540
2019-02-01 07:00:00,6.85,7.09,6.85,6.97,26280
2019-02-11 07:00:00,6.91,7.06,6.5,6.91,19240
2019-02-12 07:00:00,7.09,7.09,6.74,6.97,6110
2019-02-13 07:00:00,6.65,6.97,6.59,6.59,12030
2019-02-14 07:00:00,6.62,6.91,6.62,6.91,44960
2019-02-15 07:00:00,6.97,6.97,6.82,6.94,710
2019-02-18 07:00:00,6.82,6.88,6.71,6.79,8130
2019-02-19 07:00:00,6.68,6.82,6.68,6.68,10110
2019-02-20 07:00:00,6.68,6.85,6.68,6.79,240
2019-02-21 07:00:00,6.62,6.85,6.62,6.79,11650
2019-02-22 07:00:00,6.5,6.77,6.5,6.59,4700
2019-02-25 07:00:00,6.82,6.82,6.56,6.65,6120
2019-02-26 07:00:00,6.59,6.74,6.56,6.62,26740
2019-02-27 07:00:00,6.62,6.62,6.59,6.59,9660
2019-02-28 07:00:00,6.56,6.56,6.45,6.45,28330
2019-03-01 07:00:00,6.62,6.62,6.5,6.59,6140
2019-03-04 07:00:00,6.56,6.59,6.5,6.59,34570
2019-03-05 07:00:00,6.59,6.68,6.45,6.68,56010
2019-03-06 07:00:00,6.56,6.85,6.56,6.74,33470
2019-03-07 07:00:00,6.59,7.2,6.59,7.2,267080
2019-03-08 07:00:00,7.4,7.61,7.4,7.49,111620
2019-03-11 07:00:00,7.49,8.01,7.49,8.01,278650
2019-03-12 07:00:00,8.19,8.57,8.13,8.57,641940
2019-03-13 07:00:00,8.71,8.71,8.25,8.6,142590
2019-03-14 07:00:00,8.48,8.71,8.33,8.65,137890
2019-03-15 07:00:00,8.65,8.77,8.42,8.54,267670
2019-03-18 07:00:00,8.57,8.6,8.25,8.42,182310
2019-03-19 07:00:00,8.3,8.51,8.3,8.48,134560
2019-03-20 07:00:00,8.54,8.94,8.36,8.94,220550
2019-03-21 07:00:00,9.06,9.55,8.94,9.55,561890
2019-03-22 07:00:00,9.52,10.22,9.52,10.16,594160
2019-03-25 07:00:00,10.16,10.16,9.47,9.47,305200
2019-03-26 07:00:00,9.0,9.23,8.83,8.89,268880
2019-03-27 07:00:00,8.74,9.5,8.74,9.5,154760
2019-03-28 07:00:00,9.52,9.52,9.12,9.18,146440
2019-03-29 07:00:00,8.94,9.52,8.94,9.41,75910
2019-04-01 07:00:00,9.41,9.73,9.18,9.7,123850
2019-04-02 07:00:00,10.1,10.1,9.47,9.55,93040
2019-04-03 07:00:00,9.35,9.67,9.35,9.35,46680
2019-04-04 07:00:00,9.52,9.76,9.35,9.52,151510
2019-04-05 07:00:00,9.52,9.64,9.41,9.44,81910
2019-04-08 07:00:00,9.44,9.76,9.29,9.41,86590
2019-04-09 07:00:00,9.35,9.41,9.15,9.15,80070
2019-04-10 07:00:00,9.35,9.41,8.91,9.29,55540
2019-04-11 07:00:00,9.06,9.29,9.0,9.03,31730
2019-04-12 07:00:00,8.91,9.23,8.77,9.06,99700
2019-04-16 07:00:00,9.12,9.18,8.71,8.86,20500
2019-04-17 07:00:00,8.74,8.94,8.71,8.71,131610
2019-04-18 07:00:00,8.71,8.71,8.48,8.48,109570
2019-04-19 07:00:00,8.65,8.71,8.42,8.65,42830
2019-04-22 07:00:00,8.42,8.71,8.42,8.48,71150
2019-04-23 07:00:00,8.45,8.65,8.45,8.48,70640
2019-04-24 07:00:00,8.48,8.71,8.48,8.51,74430
2019-04-25 07:00:00,8.51,9.09,8.51,8.71,174610
2019-04-26 07:00:00,8.94,9.06,8.71,8.8,7330
2019-05-02 07:00:00,8.8,9.23,8.71,9.03,109090
2019-05-03 07:00:00,9.18,9.18,8.77,8.94,75440
2019-05-06 07:00:00,8.94,8.94,8.6,8.83,56300
2019-05-07 07:00:00,8.71,8.94,8.68,8.94,84600
2019-05-08 07:00:00,8.86,8.94,8.77,8.94,17710
2019-05-09 07:00:00,8.94,8.94,8.71,8.71,34800
2019-05-10 07:00:00,8.51,8.77,8.51,8.74,121480
2019-05-13 07:00:00,8.74,9.29,8.6,9.26,187140
2019-05-14 07:00:00,9.26,9.79,8.97,9.73,521800
2019-05-15 07:00:00,9.58,9.84,9.47,9.7,193830
2019-05-16 07:00:00,9.7,10.16,9.64,9.7,410160
2019-05-17 07:00:00,9.58,9.79,9.5,9.55,220960
2019-05-20 07:00:00,9.47,10.22,9.47,10.22,883300
2019-05-21 07:00:00,10.22,10.69,10.22,10.34,373120
2019-05-22 07:00:00,10.4,10.63,10.34,10.4,375670
2019-05-23 07:00:00,10.22,10.42,10.19,10.22,395790
2019-05-24 07:00:00,10.19,10.86,10.16,10.63,623620
2019-05-27 07:00:00,10.63,11.15,10.63,11.15,308580
2019-05-28 07:00:00,11.27,11.61,11.15,11.47,504660
2019-05-29 07:00:00,11.38,11.38,11.12,11.24,272840
2019-05-30 07:00:00,11.09,11.21,10.86,10.92,365660
2019-05-31 07:00:00,10.86,11.27,10.57,10.57,369550
2019-06-03 07:00:00,10.57,10.98,10.45,10.57,175170
2019-06-04 07:00:00,10.83,10.92,10.63,10.92,160300
2019-06-05 07:00:00,11.09,11.5,10.95,10.95,293910
2019-06-06 07:00:00,10.95,11.32,10.95,11.15,243990
2019-06-07 07:00:00,11.18,11.91,11.18,11.91,1007580
2019-06-10 07:00:00,12.14,12.43,11.85,12.17,346910
2019-06-11 07:00:00,12.31,12.49,11.91,12.08,328710
2019-06-12 07:00:00,12.08,12.14,11.5,11.5,356370
2019-06-13 07:00:00,11.59,12.02,11.56,11.73,287650
2019-06-14 07:00:00,11.93,11.93,11.21,11.21,372210
2019-06-17 07:00:00,11.21,11.5,11.12,11.21,197970
2019-06-18 07:00:00,11.15,11.56,11.15,11.5,230990
2019-06-19 07:00:00,11.79,11.79,11.44,11.79,161740
2019-06-20 07:00:00,11.79,11.85,11.5,11.5,255020
2019-06-21 07:00:00,11.41,11.67,11.41,11.41,154830
2019-06-24 07:00:00,11.32,11.56,11.32,11.38,165280
2019-06-25 07:00:00,11.44,11.53,11.03,11.03,245610
2019-06-26 07:00:00,11.03,11.03,10.63,10.8,516810
2019-06-27 07:00:00,10.86,10.98,10.71,10.8,111790
2019-06-28 07:00:00,10.8,10.83,10.51,10.63,182890
2019-07-01 07:00:00,10.86,11.27,10.74,11.15,181060
2019-07-02 07:00:00,11.27,11.3,11.01,11.12,238240
2019-07-03 07:00:00,11.12,11.21,11.01,11.12,127700
2019-07-04 07:00:00,11.12,11.88,11.12,11.88,701070
2019-07-05 07:00:00,12.2,12.25,11.93,12.2,741210
2019-07-08 07:00:00,12.2,12.4,12.08,12.2,390280
2019-07-09 07:00:00,12.14,12.25,11.99,12.25,323330
2019-07-10 07:00:00,12.37,13.1,12.37,13.1,649580
2019-07-11 07:00:00,13.36,13.42,12.83,13.07,382990
2019-07-12 07:00:00,13.24,13.68,12.89,13.07,344230
2019-07-15 07:00:00,13.24,13.53,13.07,13.07,454610
2019-07-16 07:00:00,13.12,13.33,12.6,12.6,378030
2019-07-17 07:00:00,12.6,12.83,12.37,12.57,185740
2019-07-18 07:00:00,12.34,12.78,12.34,12.72,178530
2019-07-19 07:00:00,12.34,13.04,12.43,12.78,279030
2019-07-22 07:00:00,13.01,13.36,12.66,13.27,280430
2019-07-23 07:00:00,13.36,13.76,13.27,13.3,451420
2019-07-24 07:00:00,13.36,13.47,12.72,12.98,486280
2019-07-25 07:00:00,12.98,13.07,12.54,12.78,228620
2019-07-26 07:00:00,12.75,13.36,12.66,13.04,336050
2019-07-29 07:00:00,13.15,13.47,13.1,13.36,583590
2019-07-30 07:00:00,13.36,13.53,13.07,13.07,402380
2019-07-31 07:00:00,13.18,13.36,13.12,13.24,204960
2019-08-01 07:00:00,13.12,14.14,13.12,14.14,1236520
2019-08-02 07:00:00,14.4,14.58,14.23,14.46,747950
2019-08-05 07:00:00,14.46,15.07,14.14,15.07,705760
2019-08-06 07:00:00,14.52,16.09,14.52,15.36,976630
2019-08-07 07:00:00,14.52,15.8,14.58,14.81,694890
2019-08-08 07:00:00,14.81,15.07,14.46,14.63,632370
2019-08-09 07:00:00,14.63,14.87,14.55,14.69,307110
2019-08-12 07:00:00,14.69,15.04,14.55,14.69,445620
2019-08-13 07:00:00,14.63,14.81,13.68,13.88,1116880
2019-08-14 07:00:00,13.88,14.34,13.82,13.88,213010
2019-08-15 07:00:00,13.65,14.11,13.24,14.08,473350
2019-08-16 07:00:00,14.35,14.47,14.17,14.17,424650
2019-08-19 07:00:00,14.17,14.47,14.11,14.29,230620
2019-08-20 07:00:00,14.29,15.07,14.23,15.07,1063710
2019-08-21 07:00:00,15.1,15.31,14.71,14.71,483160
2019-08-22 07:00:00,14.71,14.95,14.68,14.68,270850
2019-08-23 07:00:00,14.68,14.89,14.47,14.53,290990
2019-08-26 07:00:00,14.77,14.86,14.41,14.41,413740
2019-08-27 07:00:00,14.59,14.71,13.99,13.99,561370
2019-08-28 07:00:00,13.87,14.11,13.81,13.81,369730
2019-08-29 07:00:00,13.75,13.93,13.21,13.39,419740
2019-08-30 07:00:00,13.48,13.48,13.09,13.09,467360
2019-09-03 07:00:00,12.79,12.91,12.19,12.19,514610
2019-09-04 07:00:00,12.79,12.19,11.47,12.19,512630
2019-09-05 07:00:00,12.37,12.67,12.31,12.31,113390
2019-09-06 07:00:00,12.01,12.43,11.89,11.89,87960
2019-09-09 07:00:00,11.71,11.71,11.17,11.17,356620
2019-09-10 07:00:00,11.17,11.23,10.45,10.45,561260
2019-09-11 07:00:00,10.39,10.9,10.39,10.87,315750
2019-09-12 07:00:00,11.11,11.29,10.9,11.08,116680
2019-09-13 07:00:00,11.08,11.11,10.51,10.93,348450
2019-09-16 07:00:00,10.93,10.96,10.75,10.75,144610
2019-09-17 07:00:00,10.75,11.5,10.69,11.5,321190
2019-09-18 07:00:00,11.5,12.16,11.5,11.65,243010
2019-09-19 07:00:00,11.65,11.77,11.47,11.77,153530
2019-09-20 07:00:00,11.77,11.77,11.41,11.53,183980
2019-09-23 07:00:00,11.53,11.53,11.23,11.26,96980
2019-09-24 07:00:00,11.05,11.26,10.81,10.81,244560
2019-09-25 07:00:00,10.66,11.29,10.66,11.23,153340
2019-09-26 07:00:00,11.35,11.35,11.17,11.17,54250
2019-09-27 07:00:00,11.26,11.29,11.11,11.23,91060
2019-09-30 07:00:00,10.99,11.23,10.99,10.99,119220
2019-10-01 07:00:00,11.29,11.35,11.08,11.11,117760
2019-10-02 07:00:00,11.17,11.41,11.11,11.23,143700
2019-10-03 07:00:00,10.99,11.35,10.93,11.35,60330
2019-10-04 07:00:00,11.41,11.41,11.17,11.2,111140
2019-10-07 07:00:00,11.17,11.17,10.93,10.99,94440
2019-10-08 07:00:00,10.81,11.05,10.69,10.81,165920
2019-10-09 07:00:00,10.87,10.93,10.69,10.69,183110
2019-10-10 07:00:00,10.93,10.99,10.69,10.81,125970
2019-10-11 07:00:00,10.69,10.96,10.69,10.84,39400
2019-10-14 07:00:00,10.9,10.93,10.3,10.39,135830
2019-10-15 07:00:00,10.39,10.63,10.09,10.39,296720
2019-10-16 07:00:00,10.39,10.63,10.03,10.09,188660
2019-10-17 07:00:00,10.09,10.18,10.06,10.09,114890
2019-10-18 07:00:00,10.42,10.78,10.42,10.78,360490
2019-10-21 07:00:00,11.23,11.29,10.93,10.99,212920
2019-10-22 07:00:00,10.99,11.02,10.81,10.81,123680
2019-10-23 07:00:00,10.75,11.35,10.69,11.26,256130
2019-10-24 07:00:00,11.26,11.41,10.93,11.17,117930
2019-10-25 07:00:00,11.23,11.32,11.14,11.17,96680
2019-10-28 07:00:00,11.23,11.23,10.9,10.93,160350
2019-10-29 07:00:00,10.93,10.96,10.57,10.63,222120
2019-10-30 07:00:00,10.75,10.99,10.57,10.81,161260
2019-10-31 07:00:00,10.87,11.05,10.63,10.75,68360
2019-11-01 07:00:00,10.66,10.81,10.63,10.66,72960
2019-11-04 07:00:00,10.78,10.81,10.48,10.51,194560
2019-11-05 07:00:00,10.69,10.69,10.27,10.45,90710
2019-11-06 07:00:00,10.21,10.81,10.21,10.48,143500
2019-11-07 07:00:00,10.54,10.81,10.51,10.57,87030
2019-11-08 07:00:00,10.6,10.72,10.54,10.63,94890
2019-11-11 07:00:00,10.57,10.63,10.45,10.45,66530
2019-11-12 07:00:00,10.45,10.51,10.36,10.51,104130
2019-11-13 07:00:00,10.66,10.66,10.33,10.39,75890
2019-11-14 07:00:00,10.39,10.45,10.3,10.39,84450
2019-11-15 07:00:00,10.27,10.39,10.24,10.24,102430
2019-11-18 07:00:00,10.39,10.39,10.21,10.24,86720
2019-11-19 07:00:00,10.24,10.48,10.21,10.42,104450
2019-11-20 07:00:00,10.48,10.93,10.33,10.9,317730
2019-11-21 07:00:00,10.9,11.35,10.75,10.96,608260
2019-11-22 07:00:00,11.11,11.11,10.33,10.51,271480
2019-11-25 07:00:00,10.39,10.57,10.33,10.42,33960
2019-11-26 07:00:00,10.45,10.45,10.36,10.45,99710
2019-11-27 07:00:00,10.45,10.57,10.3,10.45,100850
2019-11-28 07:00:00,10.51,10.51,10.3,10.39,122990
2019-11-29 07:00:00,10.45,10.45,10.27,10.27,85900
2019-12-02 07:00:00,10.36,10.36,9.61,9.91,362930
2019-12-03 07:00:00,9.79,9.97,9.61,9.85,107990
2019-12-04 07:00:00,9.79,9.97,9.64,9.91,58690
2019-12-05 07:00:00,10.06,10.21,9.88,9.88,74150
2019-12-06 07:00:00,9.88,9.94,9.79,9.79,52190
2019-12-09 07:00:00,9.76,9.97,9.73,9.82,88530
2019-12-10 07:00:00,9.91,9.91,9.76,9.85,29920
2019-12-11 07:00:00,9.79,9.97,9.79,9.85,54800
2019-12-12 07:00:00,9.85,10.27,9.76,10.15,125370
2019-12-13 07:00:00,10.27,10.27,10.09,10.21,57850
2019-12-16 07:00:00,10.27,10.27,9.97,9.97,45560
2019-12-17 07:00:00,9.97,10.39,9.85,9.97,231790
2019-12-18 07:00:00,9.91,10.15,9.91,10.03,29410
2019-12-19 07:00:00,10.03,10.21,10.03,10.06,113910
2019-12-20 07:00:00,10.06,10.27,9.85,9.97,60080
2019-12-23 07:00:00,9.97,10.09,9.97,10.03,45750
2019-12-24 07:00:00,10.03,10.72,9.97,10.72,278600
2019-12-25 07:00:00,10.87,11.02,10.54,10.87,351420
2019-12-26 07:00:00,11.02,11.05,10.69,10.87,249200
2019-12-27 07:00:00,10.75,10.99,10.69,10.87,266690
2019-12-30 07:00:00,10.93,10.99,10.51,10.51,359200
2019-12-31 07:00:00,10.45,10.69,10.21,10.63,210020
2020-01-02 07:00:00,10.54,10.93,10.54,10.81,165900
2020-01-03 07:00:00,10.81,11.35,10.66,11.08,750030
2020-01-06 07:00:00,11.05,11.05,10.57,10.75,360360
2020-01-07 07:00:00,10.75,10.93,10.45,10.75,295630
2020-01-08 07:00:00,10.51,10.57,10.03,10.12,482480
2020-01-09 07:00:00,10.21,10.39,10.03,10.03,276620
2020-01-10 07:00:00,10.21,10.27,9.64,9.7,354110
2020-01-13 07:00:00,9.7,9.76,9.13,9.31,271350
2020-01-14 07:00:00,9.31,9.61,9.31,9.61,108490
2020-01-15 07:00:00,9.55,9.61,9.4,9.4,50600
2020-01-16 07:00:00,9.55,9.58,9.22,9.22,133780
2020-01-17 07:00:00,9.19,9.55,9.19,9.43,90430
2020-01-20 07:00:00,9.61,9.61,9.25,9.43,101560
2020-01-21 07:00:00,9.31,9.58,9.31,9.49,78060
2020-01-22 07:00:00,9.49,9.64,9.37,9.64,71950
2020-01-30 07:00:00,9.34,9.58,9.31,9.37,62050
2020-01-31 07:00:00,9.28,9.37,8.77,8.83,122410
2020-02-03 07:00:00,8.29,8.71,8.23,8.41,396390
2020-02-04 07:00:00,8.41,8.59,8.41,8.59,129770
2020-02-05 07:00:00,8.53,9.19,8.53,8.89,149510
2020-02-06 07:00:00,9.37,9.37,9.01,9.34,167030
2020-02-07 07:00:00,9.52,9.52,9.13,9.31,41520
2020-02-10 07:00:00,9.13,9.25,9.07,9.25,53300
2020-02-11 07:00:00,9.28,9.46,9.13,9.37,170210
2020-02-12 07:00:00,9.61,10.0,9.49,10.0,336460
2020-02-13 07:00:00,10.21,10.39,10.15,10.27,414530
2020-02-14 07:00:00,10.33,10.33,10.09,10.15,122330
2020-02-17 07:00:00,10.15,10.72,10.09,10.57,258130
2020-02-18 07:00:00,10.69,10.99,10.51,10.75,430240
2020-02-19 07:00:00,10.69,11.02,10.69,10.87,529310
2020-02-20 07:00:00,11.05,11.05,10.66,10.81,270790
2020-02-21 07:00:00,10.81,10.81,10.54,10.57,169150
2020-02-24 07:00:00,10.27,10.39,9.85,9.85,554700
2020-02-25 07:00:00,9.61,10.36,9.52,10.33,427900
2020-02-26 07:00:00,9.91,10.3,9.91,10.21,92610
2020-02-27 07:00:00,10.3,10.57,10.21,10.54,224770
2020-02-28 07:00:00,10.54,10.75,10.03,10.72,532740
2020-03-02 07:00:00,10.75,11.05,10.63,10.75,242530
2020-03-03 07:00:00,10.93,10.93,10.51,10.75,380310
2020-03-04 07:00:00,10.75,10.75,10.51,10.63,303040
2020-03-05 07:00:00,10.69,10.81,10.63,10.63,315830
2020-03-06 07:00:00,10.63,10.72,10.42,10.66,116470
2020-03-09 07:00:00,9.94,10.15,9.94,9.94,471760
2020-03-10 07:00:00,9.94,9.94,9.37,9.73,571650
2020-03-11 07:00:00,9.85,9.85,9.07,9.55,311780
2020-03-12 07:00:00,9.07,9.25,8.89,8.89,561630
2020-03-13 07:00:00,8.29,9.01,8.29,8.47,395690
2020-03-16 07:00:00,8.47,8.83,8.29,8.38,197440
2020-03-17 07:00:00,8.17,8.95,8.17,8.95,162570
2020-03-18 07:00:00,9.01,9.19,8.77,8.83,151800
2020-03-19 07:00:00,8.77,8.98,8.47,8.59,76080
2020-03-20 07:00:00,8.77,8.86,8.47,8.68,118560
2020-03-23 07:00:00,8.53,8.53,8.08,8.08,465030
2020-03-24 07:00:00,8.08,8.38,8.08,8.2,399890
2020-03-25 07:00:00,8.2,8.65,8.2,8.62,194710
2020-03-26 07:00:00,8.59,8.71,8.23,8.41,156890
2020-03-27 07:00:00,8.41,8.41,8.11,8.17,156750
2020-03-30 07:00:00,8.05,8.05,7.6,7.6,379630
2020-03-31 07:00:00,7.69,7.9,7.15,7.57,176980
2020-04-01 07:00:00,7.39,7.84,7.39,7.78,87570
2020-04-03 07:00:00,7.78,8.11,7.78,8.02,218510
2020-04-06 07:00:00,8.11,8.5,8.11,8.35,228990
2020-04-07 07:00:00,8.59,8.59,8.32,8.35,76750
2020-04-08 07:00:00,8.29,8.35,8.17,8.35,65460
2020-04-09 07:00:00,8.41,8.71,8.38,8.53,234170
2020-04-10 07:00:00,8.59,8.83,8.41,8.59,182530
2020-04-13 07:00:00,8.59,8.77,8.41,8.47,134300
2020-04-14 07:00:00,8.38,8.59,8.11,8.41,159560
2020-04-15 07:00:00,8.53,8.83,8.5,8.83,349720
2020-04-16 07:00:00,8.83,9.25,8.68,9.13,307450
2020-04-17 07:00:00,9.37,9.55,9.25,9.31,359660
2020-04-20 07:00:00,9.94,9.94,9.82,9.94,962840
2020-04-21 07:00:00,9.94,10.48,9.49,9.61,737770
2020-04-22 07:00:00,9.49,10.03,9.49,10.0,399940
2020-04-23 07:00:00,10.33,10.33,9.73,9.79,229600
2020-04-24 07:00:00,9.79,9.97,9.61,9.97,232110
2020-04-27 07:00:00,10.39,10.66,10.18,10.66,2207750
2020-04-28 07:00:00,10.99,11.02,10.57,10.69,491330
2020-04-29 07:00:00,10.81,11.05,10.66,10.81,514170
2020-05-04 07:00:00,10.51,10.81,10.45,10.48,601610
2020-05-05 07:00:00,10.57,10.93,10.39,10.81,522250
2020-05-06 07:00:00,10.87,11.56,10.87,11.56,1835550
2020-05-07 07:00:00,11.59,11.77,11.35,11.5,668540
2020-05-08 07:00:00,11.47,11.71,11.29,11.29,951950
2020-05-11 07:00:00,11.47,11.86,11.17,11.47,1065140
2020-05-12 07:00:00,11.47,11.92,11.32,11.71,995290
2020-05-13 07:00:00,11.71,11.92,11.41,11.47,1181530
2020-05-14 07:00:00,11.29,11.5,10.96,10.96,1605030
2020-05-15 07:00:00,10.87,11.2,10.66,10.84,1052180
2020-05-18 07:00:00,10.87,11.23,10.81,11.23,770990
2020-05-19 07:00:00,11.41,11.53,11.23,11.23,1064760
2020-05-20 07:00:00,11.23,11.41,11.08,11.41,595200
2020-05-21 07:00:00,11.53,11.77,11.29,11.41,1336290
2020-05-22 07:00:00,11.41,11.47,11.17,11.32,878530
2020-05-25 07:00:00,11.32,12.1,11.29,12.1,4346420
2020-05-26 07:00:00,12.91,12.91,12.43,12.61,2052830
2020-05-27 07:00:00,12.61,12.67,12.07,12.07,1677730
2020-05-28 07:00:00,12.07,12.58,11.65,12.31,2368910
2020-05-29 07:00:00,12.31,12.85,12.19,12.73,1282510
2020-06-01 07:00:00,13.03,13.51,13.03,13.42,1469570
2020-06-02 07:00:00,13.42,13.45,12.61,12.61,2343230
2020-06-03 07:00:00,12.61,13.36,12.55,13.21,1692480
2020-06-04 07:00:00,13.45,13.45,12.67,12.73,1577010
2020-06-05 07:00:00,12.73,13.03,12.55,13.0,1263050
2020-06-08 07:00:00,13.09,13.24,12.82,13.0,1734330
2020-06-09 07:00:00,12.94,13.45,12.82,13.15,1822080
2020-06-10 07:00:00,13.12,13.45,12.82,13.21,1574060
2020-06-11 07:00:00,13.33,13.36,12.31,12.31,1857260
2020-06-12 07:00:00,11.47,12.01,11.47,12.01,1889800
2020-06-15 07:00:00,12.01,12.01,11.2,11.2,1168850
2020-06-16 07:00:00,11.5,11.71,11.41,11.68,662710
2020-06-17 07:00:00,11.77,11.98,11.65,11.92,543700
2020-06-18 07:00:00,11.77,12.49,11.62,12.28,1168880
2020-06-19 07:00:00,12.31,12.58,12.31,12.43,579010
2020-06-22 07:00:00,12.43,12.52,12.19,12.34,691320
2020-06-23 07:00:00,12.22,12.49,11.89,12.25,977000
2020-06-24 07:00:00,12.19,12.37,11.65,11.89,831600
2020-06-25 07:00:00,11.59,11.86,11.59,11.77,674080
2020-06-26 07:00:00,11.89,11.95,11.62,11.8,343690
2020-06-29 07:00:00,11.65,11.65,11.23,11.32,729730
2020-06-30 07:00:00,11.41,11.53,10.54,11.05,779690
2020-07-01 07:00:00,11.11,11.8,10.99,11.8,646720
2020-07-02 07:00:00,11.77,11.89,11.59,11.59,278980
2020-07-03 07:00:00,11.71,11.86,11.56,11.62,284290
2020-07-06 07:00:00,11.71,11.83,11.59,11.71,300780
2020-07-07 07:00:00,11.8,12.07,11.8,11.83,771130
2020-07-08 07:00:00,11.77,12.04,11.77,11.95,675820
2020-07-09 07:00:00,12.01,12.37,12.01,12.28,808180
2020-07-10 07:00:00,12.28,12.49,12.13,12.25,877370
2020-07-13 07:00:00,12.49,12.49,12.01,12.13,595500
2020-07-14 07:00:00,12.19,12.25,12.07,12.16,530540
2020-07-15 07:00:00,12.31,12.49,12.16,12.34,545910
2020-07-16 07:00:00,12.34,12.49,12.22,12.31,336260
2020-07-17 07:00:00,12.34,12.88,12.34,12.79,1633730
2020-07-20 07:00:00,13.33,13.66,13.21,13.45,3357980
2020-07-21 07:00:00,13.45,13.9,13.24,13.81,2148000
2020-07-22 07:00:00,13.87,14.11,13.51,13.57,1423990
2020-07-23 07:00:00,13.57,14.17,13.33,14.17,1711410
2020-07-24 07:00:00,14.11,14.65,13.18,13.69,3074120
2020-07-27 07:00:00,13.21,14.11,12.97,12.97,2505830
2020-07-28 07:00:00,13.33,13.87,13.09,13.87,1795190
2020-07-29 07:00:00,13.81,14.83,13.57,14.83,3470290
2020-07-30 07:00:00,15.13,15.4,14.77,14.83,1932120
2020-07-31 07:00:00,14.41,15.01,14.38,14.56,1222540
2020-08-03 07:00:00,14.53,15.55,14.53,15.49,2458950
2020-08-04 07:00:00,15.61,16.09,15.1,15.34,1876970
2020-08-05 07:00:00,15.31,15.85,15.1,15.52,1266930
2020-08-06 07:00:00,15.37,16.4,15.25,16.09,2767230
2020-08-07 07:00:00,16.03,16.31,15.85,16.09,1298990
2020-08-10 07:00:00,16.16,17.12,16.09,16.4,1960140
2020-08-11 07:00:00,16.58,16.73,15.64,15.91,3555920
2020-08-12 07:00:00,15.85,16.28,15.64,16.16,1389540
2020-08-13 07:00:00,16.16,16.82,16.13,16.82,1614400
2020-08-14 07:00:00,16.82,17.03,16.34,16.55,2033900
2020-08-17 07:00:00,16.55,17.06,16.28,16.73,1303680
2020-08-18 07:00:00,16.76,17.0,16.52,16.76,964150
2020-08-19 07:00:00,16.76,16.88,16.61,16.73,1361070
2020-08-20 07:00:00,16.73,16.73,16.16,16.28,2248010
2020-08-21 07:00:00,16.4,16.55,16.28,16.46,1215220
2020-08-24 07:00:00,16.64,16.94,16.49,16.7,1584120
2020-08-25 07:00:00,16.61,16.94,16.52,16.67,1591290
2020-08-26 07:00:00,16.64,17.51,16.46,17.12,3303430
2020-08-27 07:00:00,17.49,17.49,17.18,17.21,1471870
2020-08-28 07:00:00,17.18,17.43,16.96,16.96,1485300
2020-08-31 07:00:00,16.77,16.77,15.81,16.15,3624570
2020-09-01 07:00:00,16.06,16.59,16.06,16.43,688880
2020-09-03 07:00:00,16.74,16.74,16.28,16.43,1036590
2020-09-04 07:00:00,15.93,16.68,15.93,16.49,1197840
2020-09-07 07:00:00,16.49,16.62,16.06,16.06,1083620
2020-09-08 07:00:00,16.18,16.31,16.0,16.21,711970
2020-09-09 07:00:00,16.0,16.62,15.96,16.4,1294810
2020-09-10 07:00:00,16.8,17.43,16.8,17.24,3154650
2020-09-11 07:00:00,17.24,17.24,16.96,17.12,839390
2020-09-14 07:00:00,16.8,17.08,16.8,16.93,1690640
2020-09-15 07:00:00,16.8,17.43,16.74,17.05,1729250
2020-09-16 07:00:00,17.18,17.3,16.8,16.93,940110
2020-09-17 07:00:00,17.05,17.21,16.9,16.96,1062990
2020-09-18 07:00:00,16.96,17.08,16.84,16.96,851820
2020-09-21 07:00:00,17.05,17.12,16.87,16.87,1311870
2020-09-22 07:00:00,16.68,16.87,16.43,16.56,1905190
2020-09-23 07:00:00,16.56,16.74,16.31,16.71,804240
2020-09-24 07:00:00,16.71,16.99,16.68,16.74,631230
2020-09-25 07:00:00,16.74,16.87,16.52,16.56,731590
2020-09-28 07:00:00,16.56,16.68,16.34,16.43,998290
2020-09-29 07:00:00,16.43,16.49,16.0,16.12,1760780
2020-09-30 07:00:00,16.12,16.52,15.9,16.4,1220270
2020-10-01 07:00:00,16.46,16.68,16.37,16.46,719060
2020-10-02 07:00:00,16.43,16.49,15.87,16.31,1269250
2020-10-05 07:00:00,16.31,17.3,16.28,17.3,3102060
2020-10-06 07:00:00,17.43,17.46,17.12,17.18,1562460
2020-10-07 07:00:00,17.15,17.43,16.99,16.99,1635170
2020-10-08 07:00:00,17.08,17.15,16.62,16.68,1668490
2020-10-09 07:00:00,16.8,16.93,16.62,16.77,605080
2020-10-12 07:00:00,16.93,16.96,16.52,16.52,1168990
2020-10-13 07:00:00,16.49,16.56,16.21,16.31,848610
2020-10-14 07:00:00,16.4,16.74,16.28,16.43,698230
2020-10-15 07:00:00,16.43,16.43,16.31,16.31,667210
2020-10-16 07:00:00,16.24,16.34,15.87,15.87,1540720
2020-10-19 07:00:00,15.87,15.87,15.25,15.25,1887280
2020-10-20 07:00:00,15.0,15.22,14.78,15.06,1172360
2020-10-21 07:00:00,15.06,15.68,15.0,15.31,1034960
2020-10-22 07:00:00,15.25,15.25,15.06,15.12,441530
2020-10-23 07:00:00,15.16,15.16,15.0,15.0,613590
2020-10-26 07:00:00,15.0,15.28,14.94,15.06,915550
2020-10-27 07:00:00,14.94,15.16,14.88,14.88,794090
2020-10-28 07:00:00,14.63,14.81,14.07,14.25,1093040
2020-10-29 07:00:00,13.75,14.63,13.75,14.25,1048780
2020-10-30 07:00:00,14.44,14.6,14.25,14.47,497020
2020-11-02 07:00:00,14.63,14.63,14.38,14.41,317450
2020-11-03 07:00:00,14.5,15.06,14.41,15.0,753740
2020-11-04 07:00:00,15.0,16.03,15.0,16.03,1707750
2020-11-05 07:00:00,15.87,16.15,15.44,15.5,1160660
2020-11-06 07:00:00,15.4,16.0,15.4,15.68,732500
2020-11-09 07:00:00,15.78,15.87,15.62,15.78,923140
2020-11-10 07:00:00,15.93,16.49,15.75,16.12,1560770
2020-11-11 07:00:00,16.12,16.43,16.0,16.31,1082800
2020-11-12 07:00:00,16.31,16.4,16.21,16.34,503040
2020-11-13 07:00:00,16.37,16.59,16.21,16.46,926190
2020-11-16 07:00:00,16.4,16.49,15.93,16.09,1085540
2020-11-17 07:00:00,16.09,16.43,16.09,16.4,801230
2020-11-18 07:00:00,16.43,17.3,16.34,17.24,2200930
2020-11-19 07:00:00,17.24,17.64,17.02,17.12,1587480
2020-11-20 07:00:00,17.12,17.68,16.8,17.55,1388480
2020-11-23 07:00:00,17.55,17.74,17.33,17.55,1193270
2020-11-24 07:00:00,17.58,17.61,17.12,17.36,1589960
2020-11-25 07:00:00,17.43,18.55,17.18,18.17,2629930
2020-11-26 07:00:00,18.21,18.64,18.11,18.36,1086680
2020-11-27 07:00:00,18.36,18.49,18.14,18.17,759450
2020-11-30 07:00:00,18.33,18.33,17.86,17.86,1090640
2020-12-01 07:00:00,17.43,18.39,17.36,18.14,1780510
2020-12-02 07:00:00,18.3,18.92,18.05,18.67,1624980
2020-12-03 07:00:00,18.61,19.01,18.58,18.67,788960
2020-12-04 07:00:00,18.7,18.89,18.3,18.39,972200
2020-12-07 07:00:00,18.33,18.61,18.3,18.39,867690
2020-12-08 07:00:00,18.45,18.67,18.17,18.42,844910
2020-12-09 07:00:00,18.55,18.95,18.39,18.42,906050
2020-12-10 07:00:00,18.42,18.55,17.93,17.93,1616470
2020-12-11 07:00:00,17.99,18.11,17.64,17.99,1190660
2020-12-14 07:00:00,18.05,18.55,18.02,18.49,994820
2020-12-15 07:00:00,18.42,19.73,18.3,19.48,2952380
2020-12-16 07:00:00,19.36,19.98,19.29,19.48,1038490
2020-12-17 07:00:00,19.42,19.92,19.17,19.42,1065140
2020-12-18 07:00:00,19.39,20.23,19.26,20.1,1787730
2020-12-21 07:00:00,20.1,21.01,19.98,20.29,1404260
2020-12-22 07:00:00,20.29,21.04,20.23,20.85,1205730
2020-12-23 07:00:00,20.85,20.97,19.42,19.92,1228790
2020-12-24 07:00:00,19.92,19.92,18.55,19.33,1953090
2020-12-25 07:00:00,19.26,20.04,18.55,20.04,1392730
2020-12-28 07:00:00,20.1,20.54,19.92,20.38,1176450
2020-12-29 07:00:00,20.23,20.41,19.95,20.29,910290
2020-12-30 07:00:00,20.29,20.29,19.79,19.92,1466940
2020-12-31 07:00:00,19.82,20.04,19.67,19.92,1167140
2021-01-04 07:00:00,20.23,21.29,20.23,21.29,1962000
2021-01-05 07:00:00,21.29,22.72,21.29,22.72,1950200
2021-01-06 07:00:00,23.65,23.65,22.78,23.03,1532800
2021-01-07 07:00:00,23.09,23.31,22.72,23.15,1247700
2021-01-08 07:00:00,23.15,23.65,23.03,23.31,904800
2021-01-11 07:00:00,23.4,24.9,23.0,24.52,1137300
2021-01-12 07:00:00,24.46,24.52,23.62,24.52,592700
2021-01-13 07:00:00,24.52,24.77,24.21,24.4,928500
2021-01-14 07:00:00,24.4,24.58,23.96,24.52,728500
2021-01-15 07:00:00,24.65,26.14,24.55,25.46,1023900
2021-01-18 07:00:00,25.7,26.14,24.96,25.21,1132600
2021-01-19 07:00:00,25.21,25.83,23.46,23.46,1324800
2021-01-20 07:00:00,23.53,23.84,21.85,23.46,1431000
2021-01-21 07:00:00,23.65,24.68,23.03,24.68,1285800
2021-01-22 07:00:00,24.65,25.27,24.09,24.24,1519600
2021-01-25 07:00:00,23.96,24.86,23.84,24.46,891800
2021-01-26 07:00:00,24.71,25.02,23.84,24.58,1389600
2021-01-27 07:00:00,24.58,26.3,24.46,26.3,4175400
2021-01-28 07:00:00,25.21,27.39,24.46,24.46,2179200
2021-01-29 07:00:00,24.49,26.17,24.49,26.14,1442700
2021-02-01 07:00:00,25.52,26.39,24.34,24.34,1823300
2021-02-02 07:00:00,22.66,24.27,22.66,22.97,3070800
2021-02-03 07:00:00,24.09,24.15,21.47,23.4,1633300
2021-02-04 07:00:00,23.22,24.46,22.9,23.62,865300
2021-02-05 07:00:00,23.62,23.65,23.09,23.59,1095200
2021-02-08 07:00:00,23.34,24.02,21.97,22.41,1360600
2021-02-09 07:00:00,22.28,23.25,22.16,23.06,841700
2021-02-17 07:00:00,23.34,24.65,23.34,24.4,906400
2021-02-18 07:00:00,24.4,25.49,23.96,24.99,1455200
2021-02-19 07:00:00,24.58,25.77,24.58,25.11,985200
2021-02-22 07:00:00,25.36,25.36,24.52,24.74,1216700
2021-02-23 07:00:00,24.74,25.7,24.58,25.3,1371000
2021-02-24 07:00:00,25.49,25.7,24.65,24.71,990900
2021-02-25 07:00:00,24.9,24.96,24.4,24.77,819800
2021-02-26 07:00:00,24.27,26.48,24.27,25.33,1078200
2021-03-01 07:00:00,25.39,26.83,25.33,26.76,2239000
2021-03-02 07:00:00,27.07,27.26,26.51,26.67,870700
2021-03-03 07:00:00,26.45,27.39,26.33,27.01,1194900
2021-03-04 07:00:00,27.07,27.39,25.58,26.33,1326500
2021-03-05 07:00:00,26.02,26.33,25.21,25.89,1025000
2021-03-08 07:00:00,26.08,26.51,25.64,26.17,902700
2021-03-09 07:00:00,26.17,26.17,25.52,25.77,586900
2021-03-10 07:00:00,25.77,26.08,25.52,26.02,536600
2021-03-11 07:00:00,26.45,27.07,26.14,26.67,1282200
2021-03-12 07:00:00,26.76,27.07,26.39,26.45,530100
2021-03-15 07:00:00,26.45,26.7,25.99,26.14,749300
2021-03-16 07:00:00,26.02,26.14,25.52,25.58,984000
2021-03-17 07:00:00,25.3,25.52,24.96,25.21,1107600
2021-03-18 07:00:00,25.52,25.83,25.02,25.64,797100
2021-03-19 07:00:00,25.64,25.83,25.27,25.52,499400
2021-03-22 07:00:00,25.39,25.52,25.02,25.27,660900
2021-03-23 07:00:00,25.21,25.83,25.14,25.27,710200
2021-03-24 07:00:00,25.02,25.27,23.71,23.96,973200
2021-03-25 07:00:00,24.27,24.3,23.65,23.65,1065500
2021-03-26 07:00:00,23.34,23.59,22.1,23.31,1033700
2021-03-29 07:00:00,23.31,23.78,23.31,23.71,580300
2021-03-30 07:00:00,23.78,24.12,23.65,24.06,457900
2021-03-31 07:00:00,24.12,24.15,23.93,23.99,423000
2021-04-01 07:00:00,23.99,24.27,23.84,24.27,485900
2021-04-02 07:00:00,24.9,24.9,24.34,24.58,569600
2021-04-05 07:00:00,24.58,24.83,24.49,24.49,385800
2021-04-06 07:00:00,24.21,24.27,23.84,23.99,434400
2021-04-07 07:00:00,23.84,24.27,23.53,24.27,574000
2021-04-08 07:00:00,24.27,25.21,23.87,24.52,697300
2021-04-09 07:00:00,24.52,24.83,24.52,24.58,292500
2021-04-12 07:00:00,24.65,25.08,24.46,24.71,499100
2021-04-13 07:00:00,24.71,24.86,23.84,24.02,743600
2021-04-14 07:00:00,23.65,23.93,23.59,23.9,605200
2021-04-15 07:00:00,23.9,23.93,23.34,23.4,702600
2021-04-16 07:00:00,23.03,23.78,22.1,22.84,806900
2021-04-19 07:00:00,22.84,23.22,22.84,22.9,467300
2021-04-20 07:00:00,23.03,23.09,22.28,22.66,626100
2021-04-22 07:00:00,22.41,22.41,21.1,21.75,1348700
2021-04-23 07:00:00,21.66,22.41,20.41,22.25,742000
2021-04-26 07:00:00,22.22,22.25,21.41,21.41,472600
2021-04-27 07:00:00,21.41,21.5,20.66,20.91,416100
2021-04-28 07:00:00,20.91,22.1,20.79,21.72,612700
2021-04-29 07:00:00,21.85,22.1,21.47,21.47,382900
2021-05-04 07:00:00,20.85,21.22,20.73,21.1,464300
2021-05-05 07:00:00,21.1,21.97,21.1,21.72,701100
2021-05-06 07:00:00,21.88,22.22,21.66,21.78,543200
2021-05-07 07:00:00,21.78,21.78,21.04,21.1,913300
2021-05-10 07:00:00,20.73,21.53,20.66,21.1,679300
2021-05-11 07:00:00,21.16,22.06,21.07,21.66,690800
2021-05-12 07:00:00,21.66,23.15,21.63,23.15,1808200
2021-05-13 07:00:00,23.15,23.59,22.72,22.72,838600
2021-05-14 07:00:00,22.78,23.34,22.41,22.41,579900
2021-05-17 07:00:00,22.41,22.66,21.85,22.0,683200
2021-05-18 07:00:00,22.0,22.0,21.22,21.47,503000
2021-05-19 07:00:00,21.16,21.47,21.01,21.04,873400
2021-05-20 07:00:00,20.91,20.91,19.64,20.04,1631600
2021-05-21 07:00:00,19.92,21.44,19.92,21.44,848500
2021-05-24 07:00:00,22.1,22.59,21.66,22.41,986000
2021-05-25 07:00:00,22.47,22.72,22.19,22.41,1140900
2021-05-26 07:00:00,22.28,22.9,21.78,22.53,1101600
2021-05-27 07:00:00,22.41,22.56,22.28,22.41,1140800
2021-05-28 07:00:00,22.72,22.72,22.34,22.72,987700
2021-05-31 07:00:00,22.72,23.53,22.53,23.46,1108900
2021-06-01 07:00:00,23.53,23.59,22.97,23.15,491700
2021-06-02 07:00:00,22.72,23.15,22.44,22.9,511700
2021-06-03 07:00:00,22.1,23.15,21.78,22.9,848600
2021-06-04 07:00:00,22.9,24.15,22.9,24.15,1695900
2021-06-07 07:00:00,24.58,24.58,23.65,24.34,1183300
2021-06-08 07:00:00,24.34,24.77,23.65,23.96,1185700
2021-06-09 07:00:00,23.65,24.15,22.78,23.71,1043000
2021-06-10 07:00:00,23.71,23.78,23.0,23.0,699900
2021-06-11 07:00:00,22.9,23.53,22.84,23.46,785400
2021-06-14 07:00:00,23.46,24.58,23.46,24.27,1294400
2021-06-15 07:00:00,24.34,25.7,24.15,25.46,2530100
2021-06-16 07:00:00,25.46,25.7,24.83,25.52,1385800
2021-06-17 07:00:00,24.83,26.02,24.77,25.61,1010100
2021-06-18 07:00:00,25.39,26.76,25.21,25.89,1745800
2021-06-21 07:00:00,25.52,25.8,24.9,25.46,1151300
2021-06-22 07:00:00,25.27,26.02,25.21,25.21,1057000
2021-06-23 07:00:00,25.21,25.21,23.78,24.12,1987300
2021-06-24 07:00:00,24.09,24.46,23.56,23.71,1043400
2021-06-25 07:00:00,23.71,24.21,23.59,23.78,604000
2021-06-28 07:00:00,23.78,24.4,23.78,24.27,762100
2021-06-29 07:00:00,24.27,24.74,23.84,24.24,850900
2021-06-30 07:00:00,24.24,24.24,23.9,24.02,625700
2021-07-01 07:00:00,24.02,24.09,23.62,23.96,826700
2021-07-02 07:00:00,23.96,24.27,23.71,23.96,735300
2021-07-05 07:00:00,23.62,23.9,23.03,23.22,1128400
2021-07-06 07:00:00,23.03,23.34,21.78,21.78,1425500
2021-07-07 07:00:00,21.53,22.34,21.16,22.34,1091200
2021-07-08 07:00:00,22.28,22.53,21.78,22.38,451700
2021-07-09 07:00:00,22.1,22.38,21.29,21.97,679600
2021-07-12 07:00:00,21.6,21.97,20.45,20.63,1206200
2021-07-13 07:00:00,20.91,21.16,20.63,21.1,443400
2021-07-14 07:00:00,21.1,21.44,20.41,20.85,500800
2021-07-15 07:00:00,20.85,21.38,20.73,21.38,413500
2021-07-16 07:00:00,22.1,22.87,21.97,22.87,1648500
2021-07-19 07:00:00,22.47,23.65,22.28,22.41,1005000
2021-07-20 07:00:00,22.72,23.34,22.16,23.34,558600
2021-07-21 07:00:00,23.15,23.4,22.72,23.03,748700
2021-07-22 07:00:00,22.84,24.62,22.66,24.62,2494000
2021-07-23 07:00:00,24.58,24.9,24.09,24.15,1009600
2021-07-26 07:00:00,23.84,25.33,23.84,24.83,1193200
2021-07-27 07:00:00,25.21,25.21,24.21,24.52,998000
2021-07-28 07:00:00,24.46,25.21,24.27,24.65,1287400
2021-07-29 07:00:00,24.9,24.99,24.46,24.9,507900
2021-07-30 07:00:00,24.9,25.77,24.9,25.49,2283300
2021-08-02 07:00:00,25.42,25.8,24.9,25.27,1743000
2021-08-03 07:00:00,25.21,26.76,24.9,26.76,3207500
2021-08-04 07:00:00,26.76,27.14,26.2,26.51,1296600
2021-08-05 07:00:00,26.39,27.39,26.02,27.14,1395600
2021-08-06 07:00:00,27.11,28.32,26.61,27.57,2873900
2021-08-09 07:00:00,27.88,28.32,27.7,28.32,1863100
2021-08-10 07:00:00,28.51,28.51,27.57,27.76,1858600
2021-08-11 07:00:00,27.63,28.26,27.01,27.01,2059100
2021-08-12 07:00:00,26.92,28.88,26.92,28.88,2482100
2021-08-13 07:00:00,29.0,29.88,28.32,29.56,2430300
2021-08-16 07:00:00,29.88,30.44,29.22,29.38,1562800
2021-08-17 07:00:00,29.0,29.13,28.63,28.91,1678900
2021-08-18 07:00:00,28.63,29.5,28.57,29.07,1381700
2021-08-19 07:00:00,28.88,29.88,28.72,29.63,1151100
2021-08-20 07:00:00,29.63,30.25,27.57,28.19,2890100
2021-08-23 07:00:00,27.7,28.94,26.76,26.76,1875100
2021-08-24 07:00:00,26.58,27.39,26.45,26.51,1276300
2021-08-25 07:00:00,26.51,27.07,26.42,27.07,683000
2021-08-26 07:00:00,27.35,27.95,27.14,27.63,970500
2021-08-27 07:00:00,27.6,28.69,27.2,28.69,1428200
2021-08-30 07:00:00,29.0,30.06,28.94,29.31,1379300
2021-08-31 07:00:00,29.35,30.9,29.07,30.12,2119000
2021-09-01 07:00:00,29.88,30.37,29.84,30.12,871500
2021-09-06 07:00:00,30.5,30.81,29.56,29.56,1548500
2021-09-07 07:00:00,29.31,30.4,29.0,29.44,1913900
2021-09-08 07:00:00,29.75,30.12,29.07,29.25,926000
2021-09-09 07:00:00,29.25,29.75,29.19,29.75,639000
2021-09-10 07:00:00,30.0,30.81,29.75,30.44,1846200
2021-09-13 07:00:00,30.5,30.56,29.47,29.47,1022300
2021-09-14 07:00:00,29.31,29.75,29.0,29.25,851900
2021-09-15 07:00:00,29.0,29.56,28.63,29.25,1050900
2021-09-16 07:00:00,29.41,29.81,29.25,29.5,547000
2021-09-17 07:00:00,29.82,30.07,29.25,29.44,913500
2021-09-20 07:00:00,29.44,30.14,29.37,29.44,1059600
2021-09-21 07:00:00,29.12,29.44,28.48,29.44,1242000
2021-09-22 07:00:00,29.82,31.47,29.63,31.44,3374700
2021-09-23 07:00:00,32.11,32.17,30.84,30.84,1139000
2021-09-24 07:00:00,30.9,31.47,30.77,31.09,981300
2021-09-27 07:00:00,31.09,31.41,28.99,28.99,1935800
2021-09-28 07:00:00,28.87,29.76,28.55,29.76,970000
2021-09-29 07:00:00,29.57,30.55,28.96,29.76,1004000
2021-09-30 07:00:00,30.2,30.2,29.88,29.88,397800
2021-10-01 07:00:00,29.88,30.52,29.57,29.95,681900
2021-10-04 07:00:00,29.95,31.03,29.88,30.71,1014900
2021-10-05 07:00:00,31.09,31.66,30.87,31.28,1044900
2021-10-06 07:00:00,31.38,31.54,31.15,31.35,831900
2021-10-07 07:00:00,31.6,33.51,31.28,33.51,2872600
2021-10-08 07:00:00,33.76,33.76,32.87,32.94,722500
2021-10-11 07:00:00,33.13,34.02,32.87,33.95,1087200
2021-10-12 07:00:00,34.14,34.91,33.76,34.91,1606800
2021-10-13 07:00:00,34.91,36.05,34.65,35.54,1327900
2021-10-14 07:00:00,35.73,35.99,34.78,34.78,1539000
2021-10-15 07:00:00,34.78,35.61,34.14,35.61,1780500
2021-10-18 07:00:00,36.18,37.39,36.05,36.69,1209900
2021-10-19 07:00:00,36.69,36.81,35.92,36.62,648700
2021-10-20 07:00:00,36.24,37.32,35.73,36.62,860900
2021-10-21 07:00:00,36.69,37.0,36.43,36.62,513200
2021-10-22 07:00:00,36.62,38.78,36.62,38.53,984400
2021-10-25 07:00:00,38.78,39.8,37.51,37.51,706800
2021-10-26 07:00:00,37.39,38.34,37.07,38.15,819000
2021-10-27 07:00:00,38.53,38.91,37.51,38.4,796100
2021-10-28 07:00:00,38.15,39.61,38.09,38.78,951300
2021-10-29 07:00:00,38.53,40.06,38.53,39.48,650400
2021-11-01 07:00:00,39.55,39.74,38.28,38.53,1069800
2021-11-02 07:00:00,38.59,39.74,38.15,39.55,1056500
2021-11-03 07:00:00,39.55,40.88,36.81,36.81,2003200
2021-11-04 07:00:00,36.3,37.51,36.3,36.75,998300
2021-11-05 07:00:00,36.81,37.51,35.35,36.88,1250200
2021-11-08 07:00:00,36.94,38.15,36.24,36.88,705600
2021-11-09 07:00:00,36.88,37.83,36.81,37.19,531100
2021-11-10 07:00:00,37.19,37.58,36.43,36.81,1124200
2021-11-11 07:00:00,37.13,38.53,36.62,37.83,1939200
2021-11-12 07:00:00,38.72,39.1,37.89,38.66,1032400
2021-11-15 07:00:00,38.98,38.98,37.19,37.89,1581300
2021-11-16 07:00:00,37.39,37.39,36.11,36.11,2098800
2021-11-17 07:00:00,36.11,37.13,35.61,36.88,1209600
2021-11-18 07:00:00,37.0,37.07,36.11,36.24,1188400
2021-11-19 07:00:00,36.24,36.43,33.76,34.14,2055300
2021-11-22 07:00:00,34.14,34.14,31.76,31.76,1533300
2021-11-23 07:00:00,31.15,33.95,31.15,33.95,1259900
2021-11-24 07:00:00,34.91,35.22,34.14,34.46,778300
2021-11-25 07:00:00,34.78,35.92,34.21,35.22,820000
2021-11-26 07:00:00,35.48,35.48,34.4,34.91,979700
2021-11-29 07:00:00,33.38,35.54,33.38,35.1,711600
2021-11-30 07:00:00,35.61,37.51,35.61,37.45,2717100
2021-12-01 07:00:00,37.83,39.23,37.7,38.66,1620400
2021-12-02 07:00:00,39.04,39.04,38.02,38.47,822200
2021-12-03 07:00:00,38.28,38.47,37.26,37.26,1408000
2021-12-06 07:00:00,36.56,37.26,34.65,35.61,2180000
2021-12-07 07:00:00,35.86,36.81,34.97,36.69,630600
2021-12-08 07:00:00,36.69,38.59,36.69,37.7,1237000
2021-12-09 07:00:00,37.7,38.02,37.07,37.96,830000
2021-12-10 07:00:00,38.15,40.37,37.96,40.18,3754400
2021-12-13 07:00:00,40.69,41.65,40.56,40.69,1244700
2021-12-14 07:00:00,40.63,42.15,40.37,41.45,1374900
2021-12-15 07:00:00,41.71,42.15,40.69,41.45,1383400
2021-12-16 07:00:00,41.33,42.92,41.33,42.54,1118600
2021-12-17 07:00:00,42.92,43.24,41.33,41.96,1548400
2021-12-20 07:00:00,41.33,41.39,40.06,40.44,1514600
2021-12-21 07:00:00,40.06,41.65,38.85,41.52,1248500
2021-12-22 07:00:00,41.52,43.11,41.52,41.96,1342600
2021-12-23 07:00:00,41.71,41.9,39.8,40.37,1386500
2021-12-24 07:00:00,40.44,41.65,40.25,41.2,1029400
2021-12-27 07:00:00,41.2,41.65,40.37,41.2,758200
2021-12-28 07:00:00,41.58,43.24,41.39,42.92,1768200
2021-12-29 07:00:00,42.92,43.87,42.22,43.68,1064100
2021-12-30 07:00:00,43.74,44.25,42.47,42.47,846800
2021-12-31 07:00:00,43.24,43.24,42.28,43.24,1282000
2022-01-04 07:00:00,43.43,45.46,43.24,44.82,1130600
2022-01-05 07:00:00,44.82,46.73,44.82,46.03,1071400
2022-01-06 07:00:00,45.97,47.05,45.46,46.1,1136300
2022-01-07 07:00:00,45.78,45.78,44.7,45.46,974300
2022-01-10 07:00:00,45.14,46.29,44.38,45.14,811800
2022-01-11 07:00:00,45.08,45.71,43.36,44.63,760800
2022-01-12 07:00:00,44.19,44.51,41.52,41.96,1686000
2022-01-13 07:00:00,42.92,43.36,40.69,42.41,1050200
2022-01-14 07:00:00,41.71,44.51,40.82,44.51,951600
2022-01-17 07:00:00,44.51,45.46,41.39,41.39,1020600
2022-01-18 07:00:00,41.33,41.45,38.78,41.01,1053700
2022-01-19 07:00:00,41.01,43.17,40.25,42.66,1976200
2022-01-20 07:00:00,42.73,45.59,42.73,45.59,1887300
2022-01-21 07:00:00,46.1,47.3,45.21,45.21,1204900
2022-01-24 07:00:00,45.08,47.24,44.25,45.78,1940000
2022-01-25 07:00:00,45.27,48.96,44.63,48.96,2106000
2022-01-26 07:00:00,50.1,51.5,49.08,49.59,989100
2022-01-27 07:00:00,49.08,50.23,46.86,47.37,1095100
2022-01-28 07:00:00,47.05,50.23,44.82,49.08,1977500
2022-02-07 07:00:00,49.34,50.17,48.39,48.96,625400
2022-02-08 07:00:00,48.32,51.5,48.26,49.85,1201800
2022-02-09 07:00:00,49.28,50.23,48.39,48.64,1049500
2022-02-10 07:00:00,48.64,49.72,48.64,49.59,805200
2022-02-11 07:00:00,49.53,51.76,49.34,50.74,1324000
2022-02-14 07:00:00,49.91,51.18,49.66,49.72,817900
2022-02-15 07:00:00,49.47,50.1,48.32,50.1,986000
2022-02-16 07:00:00,50.86,50.86,48.64,48.83,1695700
2022-02-17 07:00:00,48.7,49.59,48.39,49.59,1086900
2022-02-18 07:00:00,48.83,50.61,48.83,49.97,974600
2022-02-21 07:00:00,49.78,50.17,49.28,49.72,922700
2022-02-22 07:00:00,48.7,49.59,47.37,49.59,1690600
2022-02-23 07:00:00,49.59,53.03,49.47,53.03,3707900
2022-02-24 07:00:00,52.71,53.03,50.23,52.33,1411800
2022-02-25 07:00:00,52.33,53.98,52.14,52.14,1127800
2022-02-28 07:00:00,51.88,52.14,51.18,51.25,832000
2022-03-01 07:00:00,50.86,52.71,50.74,51.76,1161300
2022-03-02 07:00:00,51.76,52.65,51.06,52.14,841600
2022-03-03 07:00:00,52.14,52.77,51.82,52.2,802200
2022-03-04 07:00:00,52.2,53.41,51.5,51.56,1081100
2022-03-07 07:00:00,51.18,51.25,48.77,48.77,3422700
2022-03-08 07:00:00,48.0,48.45,46.29,46.35,2477900
2022-03-09 07:00:00,46.35,48.0,45.14,47.69,1683200
2022-03-10 07:00:00,47.75,48.58,46.8,46.8,974600
2022-03-11 07:00:00,46.41,46.41,44.76,45.02,1757900
2022-03-14 07:00:00,44.51,44.63,42.85,43.49,1226300
2022-03-15 07:00:00,43.55,46.1,43.55,46.1,951300
2022-03-16 07:00:00,46.41,46.73,46.03,46.1,459300
2022-03-17 07:00:00,46.41,47.18,46.29,47.05,593200
2022-03-18 07:00:00,46.86,47.75,46.48,46.99,656500
2022-03-21 07:00:00,47.24,47.88,46.54,47.18,722300
2022-03-22 07:00:00,47.37,48.19,47.05,47.37,873700
2022-03-23 07:00:00,47.18,48.0,47.18,47.24,613700
2022-03-24 07:00:00,47.05,47.37,46.73,47.24,552000
2022-03-25 07:00:00,47.69,49.53,47.11,49.21,1445500
2022-03-28 07:00:00,48.64,49.15,47.43,48.13,1034600
2022-03-29 07:00:00,48.32,49.91,48.32,49.47,1055000
2022-03-30 07:00:00,48.51,50.1,47.69,48.0,1179800
2022-03-31 07:00:00,48.07,49.78,48.07,48.64,1296900
2022-04-01 07:00:00,48.7,49.91,48.39,48.7,844800
2022-04-04 07:00:00,48.96,50.04,48.39,49.53,1186800
2022-04-05 07:00:00,49.59,50.17,49.28,49.47,858000
2022-04-06 07:00:00,49.02,49.28,47.37,47.37,1518400
2022-04-07 07:00:00,47.37,47.37,44.82,45.02,2014000
2022-04-08 07:00:00,45.02,46.1,44.51,44.51,888000
2022-04-12 07:00:00,44.82,45.97,43.55,44.13,700900
2022-04-13 07:00:00,44.63,45.52,43.24,45.52,761000
2022-04-14 07:00:00,45.97,45.97,44.51,44.89,388800
2022-04-15 07:00:00,44.63,46.35,43.87,44.82,898700
2022-04-18 07:00:00,44.95,45.59,41.96,42.6,1005700
2022-04-19 07:00:00,42.66,43.55,41.33,41.33,931800
2022-04-20 07:00:00,40.88,41.96,38.47,38.47,1307600
2022-04-21 07:00:00,37.19,38.28,35.8,35.8,1483500
2022-04-22 07:00:00,36.62,36.62,33.32,34.33,1179700
2022-04-25 07:00:00,34.59,34.97,31.98,31.98,1116700
2022-04-26 07:00:00,30.84,33.7,29.95,33.7,883200
2022-04-27 07:00:00,33.7,35.54,33.06,35.03,437000
2022-04-28 07:00:00,35.67,36.56,35.1,35.99,836700
2022-04-29 07:00:00,35.99,37.26,35.61,37.26,653800
2022-05-04 07:00:00,37.51,37.51,35.03,35.41,814500
2022-05-05 07:00:00,36.5,36.5,34.33,34.97,564800
2022-05-06 07:00:00,34.02,34.78,33.32,33.32,565300
2022-05-09 07:00:00,32.17,32.55,31.0,31.0,790100
2022-05-10 07:00:00,28.93,32.17,28.93,32.17,566900
2022-05-11 07:00:00,32.74,32.74,31.41,32.43,378000
2022-05-12 07:00:00,31.85,32.87,30.17,30.2,513100
2022-05-13 07:00:00,30.26,30.36,28.1,28.1,1124900
2022-05-16 07:00:00,28.36,29.44,27.98,27.98,292400
2022-05-17 07:00:00,29.12,29.91,27.98,29.91,510900
2022-05-18 07:00:00,30.46,31.35,30.2,30.81,487300
2022-05-19 07:00:00,29.25,31.03,29.25,30.58,426300
2022-05-20 07:00:00,30.9,31.79,30.84,31.15,458100
2022-05-23 07:00:00,31.6,31.66,30.33,30.33,560100
2022-05-24 07:00:00,30.33,30.84,29.37,30.52,483700
2022-05-25 07:00:00,30.9,32.62,30.84,32.62,904100
2022-05-26 07:00:00,33.06,33.51,32.55,33.0,549700
2022-05-27 07:00:00,33.0,34.02,33.0,33.44,640400
2022-05-30 07:00:00,33.57,33.83,33.06,33.25,663300
2022-05-31 07:00:00,32.87,33.89,32.74,33.7,787100
2022-06-01 07:00:00,33.7,34.52,33.7,34.14,605300
2022-06-02 07:00:00,34.14,35.99,33.83,35.54,1522100
2022-06-03 07:00:00,35.35,35.99,35.03,35.48,797900
2022-06-06 07:00:00,35.54,36.37,34.91,35.29,743800
2022-06-07 07:00:00,34.97,35.22,33.7,34.97,961900
2022-06-08 07:00:00,34.97,37.13,34.97,36.62,1443700
2022-06-09 07:00:00,36.62,37.0,35.99,36.37,601800
2022-06-10 07:00:00,35.99,37.51,35.61,35.99,1154000
2022-06-13 07:00:00,33.7,34.91,33.51,33.51,1080500
2022-06-14 07:00:00,32.55,34.02,32.04,32.74,568500
2022-06-15 07:00:00,33.06,33.25,30.46,30.96,1053200
2022-06-16 07:00:00,31.79,33.06,31.79,31.79,469900
2022-06-17 07:00:00,31.03,31.03,29.57,29.57,819300
2022-06-20 07:00:00,30.39,30.52,27.5,27.5,1354300
2022-06-21 07:00:00,27.34,27.34,25.59,25.59,787200
2022-06-22 07:00:00,25.69,26.74,25.11,26.48,492500
2022-06-23 07:00:00,26.42,28.29,26.39,28.29,439100
2022-06-24 07:00:00,28.93,28.93,27.72,27.72,363300
2022-06-27 07:00:00,27.98,29.12,27.85,29.09,597400
2022-06-28 07:00:00,28.93,30.26,28.77,29.57,636600
2022-06-29 07:00:00,29.18,30.14,29.12,29.88,397300
2022-06-30 07:00:00,29.82,30.01,28.61,28.61,462400
2022-07-01 07:00:00,28.29,29.25,27.34,28.77,479400
2022-07-04 07:00:00,28.8,29.53,28.29,28.64,291400
2022-07-05 07:00:00,28.64,28.9,26.67,26.67,487000
2022-07-06 07:00:00,26.64,27.34,26.13,26.51,505600
2022-07-07 07:00:00,26.58,26.77,25.43,26.07,515400
2022-07-08 07:00:00,26.45,27.82,26.45,27.82,611100
2022-07-11 07:00:00,27.94,29.25,27.94,28.61,685800
2022-07-12 07:00:00,28.74,30.61,28.58,30.61,1149700
2022-07-13 07:00:00,31.15,31.47,30.42,30.58,549600
2022-07-14 07:00:00,30.52,31.41,30.04,31.31,663600
2022-07-15 07:00:00,31.54,32.04,30.84,31.28,933900
2022-07-18 07:00:00,31.7,31.98,31.19,31.6,497300
2022-07-19 07:00:00,31.25,33.0,30.26,32.24,1051700
2022-07-20 07:00:00,32.3,32.68,31.54,31.54,1146300
2022-07-21 07:00:00,31.35,32.24,31.22,31.35,571700
2022-07-22 07:00:00,31.41,32.55,31.19,31.85,920200
2022-07-25 07:00:00,31.7,32.17,31.54,31.7,457500
2022-07-26 07:00:00,31.79,32.04,31.35,31.41,399900
2022-07-27 07:00:00,31.22,31.25,30.26,30.84,1060400
2022-07-28 07:00:00,31.66,32.94,31.35,32.94,1741300
2022-07-29 07:00:00,33.38,33.89,32.74,32.87,764900
2022-08-01 07:00:00,33.0,34.21,32.94,33.95,791100
2022-08-02 07:00:00,33.57,34.02,33.0,33.44,1419000
2022-08-03 07:00:00,33.38,34.78,33.38,33.7,1213900
2022-08-04 07:00:00,33.76,33.83,32.87,32.94,1344900
2022-08-05 07:00:00,32.87,33.7,32.87,33.38,777900
2022-08-08 07:00:00,33.44,33.89,33.06,33.32,707900
2022-08-09 07:00:00,33.51,34.4,33.13,33.83,1345000
2022-08-10 07:00:00,34.14,34.72,33.89,34.27,1166000
2022-08-11 07:00:00,34.65,34.65,33.06,33.25,1205300
2022-08-12 07:00:00,33.25,34.91,33.25,34.59,1589300
2022-08-15 07:00:00,35.16,35.16,34.33,34.72,695600
2022-08-16 07:00:00,34.33,34.72,34.21,34.27,679300
2022-08-17 07:00:00,34.33,35.35,33.89,34.27,1466700
2022-08-18 07:00:00,34.33,34.33,33.44,33.57,898100
2022-08-19 07:00:00,33.7,34.08,33.19,33.57,624400
2022-08-22 07:00:00,33.51,33.57,32.11,33.0,1233000
2022-08-23 07:00:00,32.62,34.21,32.62,34.21,885300
2022-08-24 07:00:00,34.33,35.73,34.14,35.61,1679000
2022-08-25 07:00:00,35.92,35.92,35.35,35.41,857700
2022-08-26 07:00:00,35.54,35.73,34.65,35.29,1206400
2022-08-29 07:00:00,34.4,35.29,33.57,35.29,1575600
2022-08-30 07:00:00,35.74,36.58,35.22,35.29,1449100
2022-08-31 07:00:00,35.22,35.55,34.64,34.9,643000
2022-09-05 07:00:00,34.96,35.16,34.25,34.64,841000
2022-09-06 07:00:00,34.7,35.09,34.64,34.9,654400
2022-09-07 07:00:00,34.83,34.83,32.7,32.7,1693900
2022-09-08 07:00:00,33.02,33.35,31.53,31.92,1071100
2022-09-09 07:00:00,32.05,32.37,30.98,32.37,1169800
2022-09-12 07:00:00,32.63,32.76,32.34,32.37,492100
2022-09-13 07:00:00,32.76,32.76,31.92,32.18,522400
2022-09-14 07:00:00,31.4,32.7,31.4,32.63,638800
2022-09-15 07:00:00,32.7,33.6,32.5,32.89,789200
2022-09-16 07:00:00,32.89,32.89,31.89,32.02,513100
2022-09-19 07:00:00,31.79,31.82,29.78,29.78,854000
2022-09-20 07:00:00,30.3,30.43,29.65,30.43,483400
2022-09-21 07:00:00,29.98,30.5,29.98,30.11,185300
2022-09-22 07:00:00,29.78,30.69,29.78,30.5,431700
2022-09-23 07:00:00,30.5,31.08,30.37,30.43,365400
2022-09-26 07:00:00,29.59,29.91,28.33,28.33,876700
2022-09-27 07:00:00,28.33,28.62,27.52,27.84,438700
2022-09-28 07:00:00,27.58,28.17,27.13,27.39,535600
2022-09-29 07:00:00,27.97,27.97,25.96,25.96,568200
2022-09-30 07:00:00,25.58,26.48,24.31,26.48,777400
2022-10-03 07:00:00,25.77,26.22,24.64,24.64,477300
2022-10-04 07:00:00,24.93,25.12,23.96,23.96,572300
2022-10-05 07:00:00,24.6,25.15,24.47,25.09,473700
2022-10-06 07:00:00,25.22,25.25,23.37,23.37,477500
2022-10-07 07:00:00,21.95,23.18,21.76,21.76,1029200
2022-10-10 07:00:00,20.4,22.53,20.4,22.31,730800
2022-10-11 07:00:00,21.92,22.31,20.75,20.75,673200
2022-10-12 07:00:00,20.72,22.18,20.46,21.88,745200
2022-10-13 07:00:00,22.01,22.69,22.01,22.53,647200
2022-10-14 07:00:00,22.99,23.15,22.53,22.66,626400
2022-10-17 07:00:00,22.14,22.89,22.01,22.89,489100
2022-10-18 07:00:00,23.5,23.57,22.4,22.4,569500
2022-10-19 07:00:00,22.47,23.05,22.4,22.66,744400
2022-10-20 07:00:00,22.53,22.66,21.98,22.01,604800
2022-10-21 07:00:00,22.01,22.01,20.49,20.49,928800
2022-10-24 07:00:00,20.07,20.4,19.07,19.07,852100
2022-10-25 07:00:00,18.13,19.55,17.74,17.74,801100
2022-10-26 07:00:00,17.74,18.26,16.51,16.54,704500
2022-10-27 07:00:00,16.19,17.68,15.54,17.68,930000
2022-10-28 07:00:00,18.06,18.42,17.81,17.84,517200
2022-10-31 07:00:00,17.84,18.06,16.83,17.84,495500
2022-11-01 07:00:00,17.97,18.36,17.97,18.13,703700
2022-11-02 07:00:00,18.13,18.61,17.94,18.03,509700
2022-11-03 07:00:00,17.48,18.06,17.48,17.81,391400
2022-11-04 07:00:00,17.77,17.77,16.58,16.74,879700
2022-11-07 07:00:00,16.58,16.77,15.57,15.57,1224400
2022-11-08 07:00:00,14.63,15.57,14.57,15.47,696800
2022-11-09 07:00:00,15.35,15.93,15.31,15.35,243600
2022-11-10 07:00:00,14.92,15.86,14.89,14.89,1313600
2022-11-11 07:00:00,15.15,15.73,15.02,15.44,647800
2022-11-14 07:00:00,15.28,15.47,14.96,15.22,565300
2022-11-15 07:00:00,14.92,15.28,14.18,14.18,1342600
2022-11-16 07:00:00,13.27,15.15,13.24,15.15,873600
2022-11-17 07:00:00,15.47,15.83,15.25,15.54,607300
2022-11-18 07:00:00,15.35,16.58,15.28,16.58,769100
2022-11-21 07:00:00,16.83,17.71,16.83,17.26,652800
2022-11-22 07:00:00,17.29,18.0,16.51,17.06,596700
2022-11-23 07:00:00,17.16,17.16,16.38,16.41,339700
2022-11-24 07:00:00,15.96,16.77,15.86,16.7,423400
2022-11-25 07:00:00,17.16,17.84,16.9,17.81,448200
2022-11-28 07:00:00,18.45,18.97,18.13,18.78,615400
2022-11-29 07:00:00,18.97,19.1,18.03,18.78,827600
2022-11-30 07:00:00,18.94,19.94,18.45,19.62,1038000
2022-12-01 07:00:00,20.07,20.07,18.97,19.2,998100
2022-12-02 07:00:00,18.84,20.01,18.52,20.01,840700
2022-12-05 07:00:00,20.65,20.65,19.42,19.62,1151000
2022-12-06 07:00:00,19.42,19.62,18.52,18.52,1117400
2022-12-07 07:00:00,18.32,18.55,17.81,17.81,652900
2022-12-08 07:00:00,18.39,18.68,17.87,18.39,769700
2022-12-09 07:00:00,18.52,19.1,18.23,18.91,575300
2022-12-12 07:00:00,19.13,19.81,18.91,18.97,1209800
2022-12-13 07:00:00,18.97,19.17,18.49,19.17,464400
2022-12-14 07:00:00,19.39,20.49,19.36,20.49,3197900
2022-12-15 07:00:00,20.98,21.72,20.49,21.37,1761400
2022-12-16 07:00:00,20.95,21.27,20.78,21.01,2159900
2022-12-19 07:00:00,20.98,21.63,19.55,19.55,2916400
2022-12-20 07:00:00,19.17,19.29,18.19,18.19,3188100
2022-12-21 07:00:00,18.19,18.32,16.93,17.22,2227000
2022-12-22 07:00:00,17.42,17.68,16.58,17.26,1094500
2022-12-23 07:00:00,17.29,17.81,17.09,17.42,975000
2022-12-26 07:00:00,17.16,17.42,16.22,16.22,1238200
2022-12-27 07:00:00,16.19,16.8,15.99,16.8,728100
2022-12-28 07:00:00,16.83,17.45,16.64,17.42,924100
2022-12-29 07:00:00,17.29,17.48,16.96,17.09,463300
2022-12-30 07:00:00,17.09,17.22,16.9,16.96,429400
2023-01-03 07:00:00,16.96,18.13,16.96,18.1,1605000
2023-01-04 07:00:00,18.0,19.07,18.0,18.58,1418800
2023-01-05 07:00:00,18.68,18.84,18.19,18.52,1229600
2023-01-06 07:00:00,18.52,19.04,17.87,18.06,1283000
2023-01-09 07:00:00,18.26,18.26,17.94,18.0,731200
2023-01-10 07:00:00,17.94,18.16,17.48,18.16,771400
2023-01-11 07:00:00,18.26,18.58,18.16,18.29,632500
2023-01-12 07:00:00,18.42,18.87,18.42,18.74,1080000
2023-01-13 07:00:00,18.91,19.1,18.36,18.65,807000
2023-01-16 07:00:00,18.84,18.91,18.39,18.91,706900
2023-01-17 07:00:00,19.1,19.33,18.94,19.2,1124600
2023-01-18 07:00:00,19.29,19.68,18.97,19.49,1102200
2023-01-19 07:00:00,19.68,19.81,19.39,19.49,947700
2023-01-27 07:00:00,19.49,20.72,19.49,20.72,1596100
2023-01-30 07:00:00,20.62,21.04,20.36,20.43,1584800
2023-01-31 07:00:00,20.23,20.72,19.78,20.72,1351000
2023-02-01 07:00:00,20.95,20.98,19.29,19.29,2067600
2023-02-02 07:00:00,19.23,19.29,18.39,18.84,1283500
2023-02-03 07:00:00,18.84,19.04,18.42,18.91,787400
2023-02-06 07:00:00,18.78,18.81,18.13,18.65,497500
2023-02-07 07:00:00,18.65,19.04,18.13,18.13,1011800
2023-02-08 07:00:00,18.39,18.45,17.64,18.26,937300
2023-02-09 07:00:00,18.45,18.45,18.23,18.23,482600
2023-02-10 07:00:00,18.19,18.52,18.06,18.32,588700
2023-02-13 07:00:00,18.26,18.32,17.26,17.55,841900
2023-02-14 07:00:00,17.71,17.94,17.45,17.45,490900
2023-02-15 07:00:00,17.48,18.32,17.48,18.13,734100
2023-02-16 07:00:00,18.39,18.71,18.19,18.68,779000
2023-02-17 07:00:00,18.65,19.07,18.61,18.78,798700
2023-02-20 07:00:00,18.78,19.88,18.78,19.88,1451600
2023-02-21 07:00:00,19.97,20.07,19.42,19.42,1067800
2023-02-22 07:00:00,19.13,19.39,18.06,18.06,2230200
2023-02-23 07:00:00,18.06,18.26,17.55,18.26,1112000
2023-02-24 07:00:00,18.39,18.42,17.77,17.81,638900
2023-02-27 07:00:00,17.19,17.61,17.19,17.22,922000
2023-02-28 07:00:00,17.48,17.58,17.03,17.22,630300
2023-03-01 07:00:00,17.22,17.81,17.03,17.81,491900
2023-03-02 07:00:00,17.81,17.94,17.55,17.61,391300
2023-03-03 07:00:00,17.77,17.81,17.16,17.16,480800
2023-03-06 07:00:00,17.45,17.71,17.19,17.22,348500
2023-03-07 07:00:00,17.38,17.51,17.26,17.35,221200
2023-03-08 07:00:00,17.29,17.74,17.22,17.74,453800
2023-03-09 07:00:00,17.94,18.52,17.81,18.36,1488600
2023-03-10 07:00:00,18.13,18.36,18.0,18.1,799700
2023-03-13 07:00:00,17.81,17.9,17.68,17.71,732300
2023-03-14 07:00:00,17.55,17.74,17.22,17.26,898700
2023-03-15 07:00:00,17.74,18.03,17.48,18.0,606000
2023-03-16 07:00:00,17.77,17.94,17.48,17.58,316700
2023-03-17 07:00:00,17.71,17.81,17.48,17.55,228000
2023-03-20 07:00:00,17.51,17.68,17.22,17.29,432600
2023-03-21 07:00:00,17.42,17.45,17.22,17.45,257700
2023-03-22 07:00:00,17.61,17.74,17.55,17.55,428100
2023-03-23 07:00:00,17.45,17.71,17.45,17.71,253700
2023-03-24 07:00:00,17.81,18.42,17.81,18.29,1198000
2023-03-27 07:00:00,18.39,18.81,18.23,18.71,1000600
2023-03-28 07:00:00,18.74,19.0,18.49,18.49,1178500
2023-03-29 07:00:00,18.55,18.74,18.49,18.58,400600
2023-03-30 07:00:00,18.87,18.91,18.26,18.26,704800
2023-03-31 07:00:00,18.36,19.52,18.29,19.1,2904000
2023-04-03 07:00:00,19.81,20.14,19.55,19.97,1577200
2023-04-04 07:00:00,19.94,20.01,19.65,19.85,1314100
2023-04-05 07:00:00,19.88,20.59,19.78,20.4,1386500
2023-04-06 07:00:00,20.33,20.36,19.42,19.49,1784400
2023-04-07 07:00:00,19.68,20.27,19.36,20.27,1333100
2023-04-10 07:00:00,20.72,21.04,20.49,20.72,2265800
2023-04-11 07:00:00,20.78,20.98,20.2,20.98,1132500
2023-04-12 07:00:00,21.11,21.98,20.78,21.69,2218300
2023-04-13 07:00:00,21.88,21.88,21.24,21.27,1138800
2023-04-14 07:00:00,21.3,21.33,19.88,19.88,1961300
2023-04-17 07:00:00,20.07,20.36,19.81,20.33,733200
2023-04-18 07:00:00,20.43,20.82,20.2,20.78,843500
2023-04-19 07:00:00,20.85,20.88,20.04,20.04,1273800
2023-04-20 07:00:00,19.88,20.59,19.88,20.43,882300
2023-04-21 07:00:00,20.43,21.01,19.75,20.04,1413600
2023-04-24 07:00:00,20.04,20.53,20.01,20.4,758900
2023-04-25 07:00:00,20.59,21.01,20.07,20.43,1665100
2023-04-26 07:00:00,20.46,21.17,20.07,21.17,937300
2023-04-27 07:00:00,21.37,21.69,20.85,20.88,1503800
2023-04-28 07:00:00,20.91,21.5,20.78,21.08,1152600
2023-05-04 07:00:00,21.04,21.66,21.04,21.43,1101200
2023-05-05 07:00:00,21.3,21.56,20.82,21.01,1089500
2023-05-08 07:00:00,21.33,21.98,21.17,21.98,1716000
2023-05-09 07:00:00,22.21,22.95,22.21,22.4,1855100
2023-05-10 07:00:00,22.44,22.6,22.11,22.34,817400
2023-05-11 07:00:00,22.4,22.79,22.27,22.34,1065200
2023-05-12 07:00:00,22.4,22.76,22.08,22.44,1030000
2023-05-15 07:00:00,22.79,22.79,21.85,22.01,1149000
2023-05-16 07:00:00,22.01,22.27,21.69,21.76,1054800
2023-05-17 07:00:00,21.88,22.05,21.11,21.14,1407000
2023-05-18 07:00:00,21.33,21.33,20.91,21.14,811000
2023-05-19 07:00:00,21.37,21.59,21.11,21.43,859800
2023-05-22 07:00:00,21.56,21.92,21.56,21.85,582300
2023-05-23 07:00:00,21.92,22.14,21.53,21.53,789500
2023-05-24 07:00:00,21.63,21.88,21.46,21.63,689400
2023-05-25 07:00:00,21.63,22.44,21.63,22.24,1671600
2023-05-26 07:00:00,22.37,22.4,22.14,22.21,613200
2023-05-29 07:00:00,22.63,23.31,22.47,23.31,1962900
2023-05-30 07:00:00,23.28,23.31,22.92,23.31,956400
2023-05-31 07:00:00,23.31,23.63,22.99,23.31,1121800
2023-06-01 07:00:00,23.24,23.5,22.99,23.44,1073900
2023-06-02 07:00:00,23.83,23.83,23.34,23.41,1203300
2023-06-05 07:00:00,23.63,23.63,22.92,22.92,1161500
2023-06-06 07:00:00,22.76,23.31,22.47,23.24,1431700
2023-06-07 07:00:00,23.63,23.89,23.31,23.41,707700
2023-06-08 07:00:00,23.47,24.47,23.41,23.41,2436400
2023-06-09 07:00:00,23.44,23.63,22.92,23.57,1015500
2023-06-12 07:00:00,23.63,23.79,22.99,23.7,1200100
2023-06-13 07:00:00,23.96,24.02,23.44,23.57,682300
2023-06-14 07:00:00,23.57,23.57,23.05,23.05,882000
2023-06-15 07:00:00,22.89,23.02,22.56,22.6,1634900
2023-06-16 07:00:00,22.95,23.15,22.6,22.6,1045200
2023-06-19 07:00:00,22.6,22.76,22.4,22.44,728900
2023-06-20 07:00:00,22.5,23.02,22.5,23.02,569400
2023-06-21 07:00:00,23.15,23.44,23.05,23.34,998600
2023-06-22 07:00:00,23.63,24.15,23.47,24.12,2638100
2023-06-23 07:00:00,24.35,24.44,23.73,23.83,973100
2023-06-26 07:00:00,23.79,24.41,23.34,24.22,1673500
2023-06-27 07:00:00,24.28,24.86,24.12,24.25,917500
2023-06-28 07:00:00,24.25,24.35,23.86,23.96,772700
2023-06-29 07:00:00,23.89,23.96,23.31,23.31,1408300
2023-06-30 07:00:00,23.37,23.6,23.31,23.41,595500
2023-07-03 07:00:00,23.83,24.09,23.67,23.86,739000
2023-07-04 07:00:00,24.02,24.15,23.67,23.83,858800
2023-07-05 07:00:00,24.02,24.41,23.83,24.02,1717900
2023-07-06 07:00:00,24.8,24.8,24.14,24.53,1183100
2023-07-07 07:00:00,24.45,25.42,24.25,25.19,1274100
2023-07-10 07:00:00,25.58,25.62,24.95,25.03,1121200
2023-07-11 07:00:00,25.23,25.46,24.92,24.95,1302500
2023-07-12 07:00:00,25.03,25.19,24.57,24.88,775600
2023-07-13 07:00:00,25.07,25.5,24.92,25.19,955400
2023-07-14 07:00:00,25.34,25.42,24.72,25.07,862100
2023-07-17 07:00:00,25.19,25.65,25.03,25.19,995000
2023-07-18 07:00:00,25.3,25.96,25.11,25.65,1341800
2023-07-19 07:00:00,26.59,27.44,26.59,27.44,1679800
2023-07-20 07:00:00,27.52,28.18,27.52,28.1,1854100
2023-07-21 07:00:00,28.37,28.41,27.6,28.41,1148400
2023-07-24 07:00:00,28.3,29.0,28.26,28.41,952200
2023-07-25 07:00:00,28.41,28.41,27.6,27.91,1416100
2023-07-26 07:00:00,27.91,29.0,27.83,28.57,929900
2023-07-27 07:00:00,28.57,28.76,27.99,28.76,771100
2023-07-28 07:00:00,28.76,29.04,28.22,28.76,1004400
2023-07-31 07:00:00,28.84,29.0,28.3,28.3,714800
2023-08-01 07:00:00,28.34,29.27,28.26,28.45,1576600
2023-08-02 07:00:00,28.45,29.15,28.45,28.92,983300
2023-08-03 07:00:00,28.92,29.15,28.26,28.76,1233900
2023-08-04 07:00:00,28.8,29.0,28.37,29.0,664700
2023-08-07 07:00:00,29.15,30.43,29.15,30.16,1347900
2023-08-08 07:00:00,30.16,30.4,29.54,29.66,842300
2023-08-09 07:00:00,29.46,29.7,28.76,29.11,923800
2023-08-10 07:00:00,29.19,29.35,28.8,28.84,818400
2023-08-11 07:00:00,28.84,29.0,28.3,28.92,964000
2023-08-14 07:00:00,29.15,29.77,28.92,29.77,820700
2023-08-15 07:00:00,30.16,30.16,29.39,29.42,679700
2023-08-16 07:00:00,29.15,29.31,29.07,29.07,749100
2023-08-17 07:00:00,29.15,29.15,28.49,28.49,976200
2023-08-18 07:00:00,28.26,28.3,26.51,26.51,2574500
2023-08-21 07:00:00,26.31,26.47,25.46,26.16,1101800
2023-08-22 07:00:00,26.16,27.13,25.58,27.13,1064300
2023-08-23 07:00:00,27.13,27.44,26.9,26.98,339800
2023-08-24 07:00:00,26.82,27.44,26.74,27.36,721200
2023-08-25 07:00:00,27.29,27.79,27.17,27.44,576100
2023-08-28 07:00:00,27.68,27.91,27.44,27.6,554000
2023-08-29 07:00:00,27.91,28.45,27.79,28.14,794800
2023-08-30 07:00:00,28.18,28.49,28.14,28.45,755700
2023-08-31 07:00:00,28.76,29.31,28.49,29.19,1478500
2023-09-05 07:00:00,29.58,29.58,28.96,29.23,845600
2023-09-06 07:00:00,29.04,29.93,28.65,29.93,2030800
2023-09-07 07:00:00,30.16,30.16,29.74,29.93,1484100
2023-09-08 07:00:00,29.77,31.76,29.58,31.06,2206500
2023-09-11 07:00:00,31.72,31.72,29.93,29.93,1859300
2023-09-12 07:00:00,29.93,30.75,29.54,30.75,1166900
2023-09-13 07:00:00,30.94,31.37,30.32,30.55,1546900
2023-09-14 07:00:00,30.32,30.55,29.66,29.66,1322100
2023-09-15 07:00:00,29.7,30.36,29.5,30.36,1553700
2023-09-18 07:00:00,30.43,31.1,30.12,30.32,1532800
2023-09-19 07:00:00,30.47,30.51,29.19,30.05,1228000
2023-09-20 07:00:00,30.05,31.29,29.74,31.25,2258100
2023-09-21 07:00:00,31.48,32.26,31.1,31.52,1895400
2023-09-22 07:00:00,30.86,31.48,29.7,30.05,1976300
2023-09-25 07:00:00,30.47,30.63,27.95,27.95,2508500
2023-09-26 07:00:00,27.64,28.76,26.43,26.43,2264000
2023-09-27 07:00:00,26.74,27.83,26.2,27.83,1178900
2023-09-28 07:00:00,27.6,27.99,27.21,27.56,769900
2023-09-29 07:00:00,28.06,28.3,27.48,27.48,977200
2023-10-02 07:00:00,27.99,28.53,27.6,28.1,806900
2023-10-03 07:00:00,27.91,28.06,26.2,26.47,2079900
2023-10-04 07:00:00,26.04,27.52,26.04,27.05,926900
2023-10-05 07:00:00,27.6,28.69,27.29,27.68,1963100
2023-10-06 07:00:00,27.99,28.41,27.48,28.34,1120400
2023-10-09 07:00:00,28.34,29.0,28.34,28.84,1309000
2023-10-10 07:00:00,29.62,29.77,29.19,29.19,1632300
2023-10-11 07:00:00,29.27,30.32,29.27,30.32,2022400
2023-10-12 07:00:00,30.86,30.86,29.7,30.24,1436700
2023-10-13 07:00:00,29.81,31.06,29.7,31.06,2055600
2023-10-16 07:00:00,31.25,31.52,30.32,30.32,1930100
2023-10-17 07:00:00,30.94,30.94,28.22,28.22,2027100
2023-10-18 07:00:00,28.61,29.54,28.18,29.46,2935800
2023-10-19 07:00:00,29.46,29.46,28.37,28.45,1282000
2023-10-20 07:00:00,28.45,29.7,27.36,29.7,1330900
2023-10-23 07:00:00,29.62,29.62,28.45,29.07,1320700
2023-10-24 07:00:00,29.15,30.2,28.37,30.16,1451500
2023-10-25 07:00:00,30.28,30.55,29.46,29.54,1042700
2023-10-26 07:00:00,28.88,29.23,27.48,27.99,2453500
2023-10-27 07:00:00,28.61,29.04,27.68,28.57,1009200
2023-10-30 07:00:00,28.45,28.53,26.59,26.59,816700
2023-10-31 07:00:00,26.59,26.59,24.76,24.76,2019400
2023-11-01 07:00:00,24.88,25.62,23.71,25.5,891700
2023-11-02 07:00:00,26.12,27.09,25.81,26.9,924200
2023-11-03 07:00:00,26.98,27.01,26.28,26.63,788200
2023-11-06 07:00:00,27.09,27.09,26.63,26.82,612700
2023-11-07 07:00:00,26.66,27.56,26.35,27.13,697200
2023-11-08 07:00:00,27.13,29.0,27.13,29.0,1462800
2023-11-09 07:00:00,29.04,29.85,28.76,29.54,1462300
2023-11-10 07:00:00,29.46,29.93,29.15,29.23,1345600
2023-11-13 07:00:00,29.54,29.62,28.8,29.15,816900
2023-11-14 07:00:00,29.54,30.01,29.0,29.54,1090300
2023-11-15 07:00:00,30.32,30.32,29.42,29.54,1226100
2023-11-16 07:00:00,29.39,30.01,29.19,30.01,768400
2023-11-17 07:00:00,30.16,31.29,30.12,30.63,3620100
2023-11-20 07:00:00,30.24,32.77,30.2,32.77,3349600
2023-11-21 07:00:00,33.39,33.43,32.81,33.04,1491800
2023-11-22 07:00:00,33.04,34.21,32.92,33.78,2093700
2023-11-23 07:00:00,33.82,34.17,31.45,31.45,2414000
2023-11-24 07:00:00,31.76,33.62,31.29,33.62,4285300
2023-11-27 07:00:00,34.21,34.9,33.66,33.66,1532500
2023-11-28 07:00:00,33.43,33.82,32.46,33.66,1790200
2023-11-29 07:00:00,33.74,34.01,33.08,33.31,1680100
2023-11-30 07:00:00,33.31,34.83,33.27,33.51,2230100
2023-12-01 07:00:00,33.89,34.01,33.16,33.74,1160200
2023-12-04 07:00:00,34.36,35.37,34.05,34.94,1925000
2023-12-05 07:00:00,34.83,34.94,34.24,34.56,1624900
2023-12-06 07:00:00,34.59,34.71,33.97,34.32,1951400
2023-12-07 07:00:00,34.36,34.83,32.69,33.58,2633600
2023-12-08 07:00:00,33.66,33.93,33.23,33.43,1033300
2023-12-11 07:00:00,33.43,33.97,33.35,33.78,1114800
2023-12-12 07:00:00,34.09,34.48,33.82,33.82,1088600
2023-12-13 07:00:00,33.86,34.05,32.73,32.88,1374000
2023-12-14 07:00:00,33.27,33.35,32.49,32.61,1118900
2023-12-15 07:00:00,32.26,32.96,32.26,32.57,971900
2023-12-18 07:00:00,32.61,33.43,32.42,32.88,968900
2023-12-19 07:00:00,32.88,33.35,32.65,33.35,887500
2023-12-20 07:00:00,33.58,33.58,33.19,33.35,714700
2023-12-21 07:00:00,33.12,33.27,32.88,33.19,745800
2023-12-22 07:00:00,33.43,34.48,33.43,33.97,2120400
2023-12-25 07:00:00,34.21,34.36,33.97,34.21,929800
2023-12-26 07:00:00,34.09,35.64,34.09,35.06,2885800
2023-12-27 07:00:00,35.33,35.53,34.67,34.67,1332600
2023-12-28 07:00:00,34.67,35.06,33.89,34.24,1535800
2023-12-29 07:00:00,34.28,35.14,34.05,34.67,1795000
2024-01-02 07:00:00,34.98,34.98,33.43,33.43,2704500
2024-01-03 07:00:00,33.47,33.74,33.16,33.23,3367800
2024-01-04 07:00:00,33.43,33.89,33.35,33.58,3476900
2024-01-05 07:00:00,35.05,35.34,34.67,34.67,1793700
2024-01-08 07:00:00,34.77,34.96,34.58,34.58,928000
2024-01-09 07:00:00,34.58,35.05,34.58,34.63,854400
2024-01-10 07:00:00,34.67,34.72,33.63,33.73,2052300
2024-01-11 07:00:00,33.73,33.91,33.54,33.68,729700
2024-01-12 07:00:00,33.49,34.1,33.11,33.25,996500
2024-01-15 07:00:00,33.3,33.49,32.87,32.87,511200
2024-01-16 07:00:00,32.97,34.01,32.45,34.01,912200
2024-01-17 07:00:00,34.1,34.34,33.77,34.06,1009000
2024-01-18 07:00:00,34.25,34.53,34.06,34.44,1127100
2024-01-19 07:00:00,34.77,36.38,34.58,35.38,3514600
2024-01-22 07:00:00,35.53,35.76,34.63,34.86,1135800
2024-01-23 07:00:00,34.91,35.43,34.67,34.72,1058100
2024-01-24 07:00:00,34.77,34.81,34.48,34.58,1062700
2024-01-25 07:00:00,34.58,35.0,34.44,34.58,554400
2024-01-26 07:00:00,34.81,36.47,34.67,36.47,3791400
2024-01-29 07:00:00,36.47,37.7,36.47,36.47,1804900
2024-01-30 07:00:00,36.57,37.61,36.19,37.61,2390000
2024-01-31 07:00:00,37.8,37.8,36.95,36.95,2153100
2024-02-01 07:00:00,36.66,39.5,36.66,39.5,3486900
2024-02-02 07:00:00,39.79,39.98,39.31,39.6,1323400
2024-02-05 07:00:00,39.69,40.31,39.13,39.6,1109900
2024-02-06 07:00:00,39.98,41.11,39.74,40.31,1019400
2024-02-07 07:00:00,40.31,40.45,39.88,40.12,1256000
2024-02-15 07:00:00,40.36,40.36,37.33,39.22,3616400
2024-02-16 07:00:00,39.22,41.87,38.98,39.74,2078000
2024-02-19 07:00:00,39.79,40.17,39.13,39.55,1477800
2024-02-20 07:00:00,39.6,39.6,39.03,39.22,1381200
2024-02-21 07:00:00,39.13,40.07,39.13,39.79,1380200
2024-02-22 07:00:00,39.84,40.69,39.69,40.21,2100300
2024-02-23 07:00:00,40.45,40.55,38.94,39.03,2185200
2024-02-26 07:00:00,38.94,39.65,38.84,39.65,1559300
2024-02-27 07:00:00,39.88,41.73,39.6,41.59,3553400
2024-02-28 07:00:00,41.59,41.59,40.59,40.88,1763900
2024-02-29 07:00:00,40.97,41.26,39.93,40.88,2092600
2024-03-01 07:00:00,40.88,42.2,40.17,41.26,2610000
2024-03-04 07:00:00,41.3,41.78,41.21,41.4,1812700
2024-03-05 07:00:00,41.45,41.68,40.83,41.4,1622400
2024-03-06 07:00:00,41.54,41.54,40.45,40.64,1472200
2024-03-07 07:00:00,40.55,41.02,40.26,40.5,1304100
2024-03-08 07:00:00,40.69,42.3,40.45,40.83,3315000
2024-03-11 07:00:00,41.3,42.06,40.5,40.93,1591800
2024-03-12 07:00:00,41.3,43.1,40.83,42.54,3833100
2024-03-13 07:00:00,43.58,43.58,42.73,42.91,1434800
2024-03-14 07:00:00,43.01,44.05,42.11,42.63,2242700
2024-03-15 07:00:00,42.44,42.63,41.73,42.63,2592000
2024-03-18 07:00:00,42.58,42.58,39.65,39.98,3894200
2024-03-19 07:00:00,40.26,40.45,39.65,40.21,1408600
2024-03-20 07:00:00,40.17,41.21,39.84,40.88,1098300
2024-03-21 07:00:00,41.3,41.3,40.78,41.21,1366700
2024-03-22 07:00:00,41.07,41.59,40.88,41.02,1753500
2024-03-25 07:00:00,41.02,41.16,39.98,40.31,2000400
2024-03-26 07:00:00,40.31,41.16,40.31,41.07,867500
2024-03-27 07:00:00,41.3,41.3,40.78,40.97,848200
2024-03-28 07:00:00,41.21,41.21,40.64,40.78,1114200
2024-03-29 07:00:00,41.02,42.58,40.83,41.68,2945800
2024-04-01 07:00:00,41.68,42.01,41.3,41.45,1057400
2024-04-02 07:00:00,41.3,41.97,40.83,41.97,1358000
2024-04-03 07:00:00,41.78,42.58,41.45,41.92,4380800
2024-04-04 07:00:00,41.59,41.92,40.97,41.07,1319700
2024-04-05 07:00:00,40.88,40.88,38.98,38.98,2617900
2024-04-08 07:00:00,38.98,39.31,37.99,37.99,2039100
2024-04-09 07:00:00,37.89,39.22,37.89,39.03,1291700
2024-04-10 07:00:00,39.03,39.17,38.6,38.75,642500
2024-04-11 07:00:00,38.18,38.75,37.8,38.37,1082100
2024-04-12 07:00:00,38.6,39.22,38.6,39.03,795900
2024-04-15 07:00:00,38.98,39.74,36.33,36.33,2041600
2024-04-16 07:00:00,36.09,36.52,35.43,36.47,1954400
2024-04-17 07:00:00,36.57,37.99,36.19,37.14,2430400
2024-04-19 07:00:00,37.04,37.8,36.33,37.18,1780000
2024-04-22 07:00:00,37.89,37.89,36.95,37.42,967100
2024-04-23 07:00:00,37.14,38.51,37.09,37.42,2168100
2024-04-24 07:00:00,38.15,39.85,38.0,38.73,1385800
2024-04-25 07:00:00,38.68,39.66,38.39,38.88,1335800
2024-04-26 07:00:00,38.39,39.22,38.34,39.07,1248700
2024-05-02 07:00:00,39.12,40.34,38.78,39.85,1491500
2024-05-03 07:00:00,40.14,40.14,39.27,39.75,1293100
2024-05-06 07:00:00,39.95,40.92,39.75,40.48,2148300
2024-05-07 07:00:00,40.48,40.92,40.14,40.92,1333200
2024-05-08 07:00:00,40.34,41.16,39.85,40.82,1810900
2024-05-09 07:00:00,40.82,41.6,40.48,40.68,1808800
2024-05-10 07:00:00,40.72,40.77,40.04,40.58,1248400
2024-05-13 07:00:00,40.63,41.06,40.04,40.53,1277200
2024-05-14 07:00:00,40.82,42.43,40.53,41.79,3501400
2024-05-15 07:00:00,41.89,41.99,41.55,41.84,1255700
2024-05-16 07:00:00,42.57,42.57,41.5,41.6,2033700
2024-05-17 07:00:00,41.6,42.57,41.26,42.04,1984600
2024-05-20 07:00:00,42.09,43.2,42.04,42.47,2422700
2024-05-21 07:00:00,42.38,42.43,41.65,42.28,1531400
2024-05-22 07:00:00,42.77,42.77,41.06,41.16,2260100
2024-05-23 07:00:00,41.11,41.75,40.72,41.7,1844000
2024-05-24 07:00:00,41.31,42.18,40.34,41.11,2383000
2024-05-27 07:00:00,41.21,41.65,40.87,41.26,749300
2024-05-28 07:00:00,41.6,44.13,41.26,44.13,4937900
2024-05-29 07:00:00,44.22,44.52,43.06,43.35,2057400
2024-05-30 07:00:00,42.67,43.01,41.41,42.28,5529900
2024-05-31 07:00:00,42.28,42.38,41.31,41.31,2859000
2024-06-03 07:00:00,41.6,41.94,41.45,41.6,2092900
2024-06-04 07:00:00,41.79,42.28,41.5,41.6,2093600
2024-06-05 07:00:00,42.09,42.57,41.6,41.6,2808600
2024-06-06 07:00:00,41.65,41.75,40.82,41.06,2100200
2024-06-07 07:00:00,41.31,41.5,40.77,40.97,1816200
2024-06-10 07:00:00,41.02,41.65,40.97,41.26,1365300
2024-06-11 07:00:00,41.26,41.65,41.21,41.5,1832300
2024-06-12 07:00:00,41.65,42.09,41.65,41.79,1824600
2024-06-13 07:00:00,42.09,42.09,41.79,41.94,1422700
2024-06-14 07:00:00,42.09,42.52,40.82,40.82,2902600
2024-06-17 07:00:00,40.97,41.21,40.63,40.63,1728100
2024-06-18 07:00:00,40.82,41.02,40.63,40.68,834100
2024-06-19 07:00:00,40.77,40.92,40.63,40.63,1403000
2024-06-20 07:00:00,40.77,41.26,40.34,41.06,1487800
2024-06-21 07:00:00,41.26,42.04,41.02,41.7,1982500
2024-06-24 07:00:00,41.6,42.09,38.88,38.88,2952700
2024-06-25 07:00:00,39.02,39.46,37.95,38.73,1559100
2024-06-26 07:00:00,38.83,38.83,37.95,38.68,1202700
2024-06-27 07:00:00,38.68,39.56,38.54,39.27,986300
2024-06-28 07:00:00,39.27,39.36,37.27,37.66,1390500
2024-07-01 07:00:00,37.52,38.15,37.52,37.91,578300
2024-07-02 07:00:00,38.2,39.36,38.1,39.36,1326500
2024-07-03 07:00:00,38.88,39.36,38.83,39.02,733700
2024-07-04 07:00:00,39.02,39.12,38.49,38.73,808800
2024-07-05 07:00:00,38.73,38.83,38.2,38.29,1134400
2024-07-08 07:00:00,38.39,39.75,38.39,39.75,1620200
2024-07-09 07:00:00,39.7,40.09,39.46,39.75,875400
2024-07-10 07:00:00,39.75,39.85,39.22,39.22,1039300
2024-07-11 07:00:00,39.56,39.75,39.22,39.22,780600
2024-07-12 07:00:00,39.41,39.51,38.68,38.93,582600
2024-07-15 07:00:00,38.93,39.27,38.49,38.64,712800
2024-07-16 07:00:00,38.83,39.56,38.64,38.64,842800
2024-07-17 07:00:00,39.07,39.07,36.45,37.57,1304500
2024-07-18 07:00:00,37.71,38.1,37.37,38.1,932600
2024-07-19 07:00:00,38.1,38.34,37.23,37.57,748900
2024-07-22 07:00:00,37.57,37.71,36.16,36.35,1330200
2024-07-23 07:00:00,36.93,36.93,35.57,35.57,1119200
2024-07-24 07:00:00,35.57,37.13,34.94,36.64,1477100
2024-07-25 07:00:00,36.45,36.59,36.11,36.59,757000
2024-07-26 07:00:00,36.93,37.42,36.89,37.42,1004500
2024-07-29 07:00:00,37.91,37.91,37.52,37.71,622900
2024-07-30 07:00:00,37.71,38.1,37.03,37.23,762300
2024-07-31 07:00:00,37.13,37.42,36.89,37.37,563400
2024-08-01 07:00:00,37.37,37.37,35.48,35.57,1509500
2024-08-02 07:00:00,34.12,35.72,33.58,35.72,2281000
2024-08-05 07:00:00,34.7,34.99,33.24,33.24,1587900
2024-08-06 07:00:00,34.02,34.65,33.09,33.97,1080800
2024-08-07 07:00:00,33.92,34.46,33.58,34.31,680300
2024-08-08 07:00:00,33.73,34.36,33.68,34.21,1302900
2024-08-09 07:00:00,34.31,34.75,34.31,34.65,941600
2024-08-12 07:00:00,34.41,34.99,34.41,34.94,803400
2024-08-13 07:00:00,34.94,35.43,34.65,34.99,950100
2024-08-14 07:00:00,34.84,35.48,34.65,34.7,856800
2024-08-15 07:00:00,34.7,34.7,34.21,34.7,789600
2024-08-16 07:00:00,34.94,36.84,34.75,36.74,2064400
2024-08-19 07:00:00,36.93,37.23,36.74,36.89,761000
2024-08-20 07:00:00,36.89,37.37,36.21,37.37,1752300
2024-08-21 07:00:00,37.37,37.37,36.93,37.13,941000
2024-08-22 07:00:00,37.18,37.42,36.64,36.93,1009100
2024-08-23 07:00:00,36.89,36.93,36.45,36.93,1001000
2024-08-26 07:00:00,36.98,37.37,36.55,36.55,1000800
2024-08-27 07:00:00,36.55,36.55,35.96,36.25,925000
2024-08-28 07:00:00,36.25,36.45,35.77,36.16,1158700
2024-08-29 07:00:00,36.25,36.35,35.91,35.96,671300
2024-08-30 07:00:00,36.11,36.21,35.91,36.06,811800
2024-09-04 07:00:00,35.86,35.91,35.57,35.91,602300
2024-09-05 07:00:00,35.86,36.35,35.57,35.77,714200
2024-09-06 07:00:00,35.62,36.16,35.14,35.28,801500
2024-09-09 07:00:00,35.33,35.33,34.6,34.94,1157000
2024-09-10 07:00:00,35.04,35.09,34.41,34.55,910400
2024-09-11 07:00:00,34.26,34.55,34.02,34.26,689000
2024-09-12 07:00:00,34.5,34.8,34.41,34.41,637800
2024-09-13 07:00:00,34.41,34.75,34.36,34.55,549800
2024-09-16 07:00:00,34.7,34.84,34.41,34.46,532000
2024-09-17 07:00:00,34.16,35.09,34.07,35.09,730200
2024-09-18 07:00:00,35.04,35.43,35.04,35.23,653200
2024-09-19 07:00:00,35.33,36.06,35.14,35.96,1328400
2024-09-20 07:00:00,36.11,36.25,35.72,35.77,872300
2024-09-23 07:00:00,35.96,35.96,35.38,35.48,628300
2024-09-24 07:00:00,35.67,36.89,35.43,36.64,2505200
2024-09-25 07:00:00,36.93,36.93,36.59,36.69,723100
2024-09-26 07:00:00,36.79,36.79,36.25,36.35,1416000
2024-09-27 07:00:00,36.45,36.79,36.16,36.25,1160100
2024-09-30 07:00:00,36.35,36.93,36.25,36.59,1040800
2024-10-01 07:00:00,36.64,37.13,36.55,36.59,1104200
2024-10-02 07:00:00,36.25,36.55,36.11,36.11,853500
2024-10-03 07:00:00,36.16,36.5,35.09,35.09,1685600
2024-10-04 07:00:00,35.23,35.38,35.09,35.09,545700
2024-10-07 07:00:00,35.57,35.77,35.09,35.18,451400
2024-10-08 07:00:00,35.18,35.57,35.14,35.28,713200
2024-10-09 07:00:00,35.62,36.5,35.62,36.5,2053100
2024-10-10 07:00:00,36.69,36.79,36.21,36.25,837500
2024-10-11 07:00:00,36.25,37.03,36.25,36.79,1876900
2024-10-14 07:00:00,37.03,37.18,36.64,36.89,1341500
2024-10-15 07:00:00,36.93,37.37,36.16,36.21,1608700
2024-10-16 07:00:00,36.16,36.74,36.06,36.69,932800
2024-10-17 07:00:00,36.69,36.69,35.91,36.59,1316800
2024-10-18 07:00:00,36.59,38.29,36.59,37.91,3750800
2024-10-21 07:00:00,37.91,37.91,37.52,37.71,895200
2024-10-22 07:00:00,37.61,38.25,36.74,37.32,2397000
2024-10-23 07:00:00,37.42,37.81,36.93,37.81,848700
2024-10-24 07:00:00,37.81,37.91,36.93,36.93,1330700
2024-10-25 07:00:00,37.03,37.61,36.93,37.27,1047000
2024-10-28 07:00:00,37.27,37.71,37.27,37.61,782400
2024-10-29 07:00:00,37.86,38.59,37.61,37.71,2547800
2024-10-30 07:00:00,37.81,38.1,37.52,38.1,1192900
2024-10-31 07:00:00,38.1,38.1,37.71,37.86,885000
2024-11-01 07:00:00,37.57,37.71,36.93,37.18,1873400
2024-11-04 07:00:00,37.08,37.57,36.64,37.23,788900
2024-11-05 07:00:00,37.23,37.86,37.23,37.52,1067100
2024-11-06 07:00:00,38.1,40.14,37.86,40.14,9167400
2024-11-07 07:00:00,40.53,40.77,40.04,40.29,2032600
2024-11-08 07:00:00,40.58,41.41,39.9,41.41,4432100
2024-11-11 07:00:00,41.6,41.7,40.72,41.45,3340100
2024-11-12 07:00:00,41.55,41.55,40.58,40.63,2629900
2024-11-13 07:00:00,40.34,41.31,40.19,41.16,2938300
2024-11-14 07:00:00,41.21,41.5,40.14,40.14,2997000
2024-11-15 07:00:00,40.09,42.28,40.09,41.06,4962700
2024-11-18 07:00:00,41.11,41.21,38.88,40.43,2949800
2024-11-19 07:00:00,40.19,40.34,37.91,38.0,3508300
2024-11-20 07:00:00,37.91,39.07,37.03,38.49,2779600
2024-11-21 07:00:00,38.49,38.78,38.2,38.78,1283100
2024-11-22 07:00:00,38.83,39.17,38.25,38.64,1648600
2024-11-25 07:00:00,38.78,39.02,38.49,39.02,857600
2024-11-26 07:00:00,39.27,39.75,39.12,39.61,1961500
2024-11-27 07:00:00,39.56,39.56,38.83,39.27,1424900
2024-11-28 07:00:00,39.51,39.66,39.02,39.32,1062100
2024-11-29 07:00:00,39.17,39.95,39.12,39.56,1909500
2024-12-02 07:00:00,39.75,40.63,39.51,40.38,2004400
2024-12-03 07:00:00,40.34,40.87,40.09,40.09,1756700
2024-12-04 07:00:00,39.95,40.48,39.36,40.04,1997000
2024-12-05 07:00:00,40.09,41.99,39.7,41.36,3154300
2024-12-06 07:00:00,41.45,42.57,41.16,41.65,2211200
2024-12-09 07:00:00,41.36,41.79,40.87,41.7,1153700
2024-12-10 07:00:00,41.5,43.01,41.45,42.18,2557000
2024-12-11 07:00:00,42.33,42.47,41.45,41.79,1276300
2024-12-12 07:00:00,41.84,42.57,41.36,41.36,1495900
2024-12-13 07:00:00,41.36,41.75,41.11,41.75,1484400
2024-12-16 07:00:00,42.09,42.67,41.7,42.04,1041100
2024-12-17 07:00:00,42.13,42.13,41.5,41.55,973900
2024-12-18 07:00:00,41.55,41.79,41.11,41.79,982600
2024-12-19 07:00:00,41.21,41.79,40.72,41.79,2217000
2024-12-20 07:00:00,41.65,41.79,41.26,41.5,1026300
2024-12-23 07:00:00,41.5,43.11,41.5,42.28,2616600
2024-12-24 07:00:00,42.38,42.67,41.65,42.28,1240000
2024-12-25 07:00:00,42.47,42.91,41.99,42.28,1758400
2024-12-26 07:00:00,42.47,42.47,41.79,41.79,1047400
2024-12-27 07:00:00,41.99,41.99,41.02,41.41,1829300
2024-12-30 07:00:00,41.21,41.26,40.53,40.53,1863100
2024-12-31 07:00:00,40.43,41.21,40.43,41.21,956800
2025-01-02 07:00:00,41.31,41.41,40.92,41.31,586100
2025-01-03 07:00:00,41.06,41.21,40.63,40.72,1488900
2025-01-06 07:00:00,40.58,41.21,39.36,40.14,1472000
2025-01-07 07:00:00,40.14,41.21,39.85,40.48,1646500
2025-01-08 07:00:00,40.48,40.92,40.43,40.92,841400
2025-01-09 07:00:00,41.06,41.6,40.82,40.82,1087400
2025-01-10 07:00:00,40.77,41.11,39.85,39.85,1558600
2025-01-13 07:00:00,39.46,39.85,38.68,39.8,1218800
2025-01-14 07:00:00,39.95,40.48,39.61,39.66,1351900
2025-01-15 07:00:00,39.95,40.29,39.61,40.24,1151000
2025-01-16 07:00:00,40.72,40.72,40.0,40.24,617100
2025-01-17 07:00:00,40.34,41.11,40.24,40.82,1311500
2025-01-20 07:00:00,41.16,41.16,40.82,41.11,915000
2025-01-21 07:00:00,41.11,41.31,40.68,40.72,1034500
2025-01-22 07:00:00,40.63,41.5,40.58,41.06,1382100
2025-01-23 07:00:00,41.21,41.7,40.97,41.5,1303300
2025-01-24 07:00:00,41.7,41.7,41.06,41.11,813900
2025-02-03 07:00:00,41.16,41.99,40.77,41.31,1562700
2025-02-04 07:00:00,41.36,42.47,41.21,42.47,2381100
2025-02-05 07:00:00,42.77,43.35,42.47,42.57,1741000
2025-02-06 07:00:00,42.57,42.72,41.94,42.28,1829300
2025-02-07 07:00:00,42.09,42.57,41.6,41.6,1632300
2025-02-10 07:00:00,41.5,42.18,41.31,41.55,1657800
2025-02-11 07:00:00,41.89,42.77,41.45,42.77,2527200
2025-02-12 07:00:00,43.25,44.22,42.38,42.38,4248800
2025-02-13 07:00:00,42.38,42.52,41.65,42.33,2391700
2025-02-14 07:00:00,42.38,43.06,41.65,41.65,4293500
2025-02-17 07:00:00,41.75,42.09,41.45,41.55,2608500
2025-02-18 07:00:00,41.45,41.89,41.45,41.79,1014700
2025-02-19 07:00:00,41.89,43.74,41.79,43.25,4884200
2025-02-20 07:00:00,43.25,43.4,42.72,42.77,1649400
2025-02-21 07:00:00,42.77,43.49,42.28,42.72,1724000
2025-02-24 07:00:00,42.86,43.25,42.13,43.25,2348100
2025-02-25 07:00:00,43.54,44.22,42.81,43.35,2277700
2025-02-26 07:00:00,43.4,45.88,43.4,44.52,6751700
2025-02-27 07:00:00,44.47,44.9,43.88,44.9,1702300
2025-02-28 07:00:00,44.81,44.81,44.22,44.32,1555300
2025-03-03 07:00:00,44.47,44.86,43.93,44.66,1388700
2025-03-04 07:00:00,44.71,45.34,43.74,44.61,2272100
2025-03-05 07:00:00,44.61,44.81,43.4,43.4,1801100
2025-03-06 07:00:00,43.74,44.47,43.3,44.47,2042200
2025-03-07 07:00:00,44.61,44.9,43.83,43.83,2063100
2025-03-10 07:00:00,43.93,44.9,43.54,44.03,2994600
2025-03-11 07:00:00,43.74,44.81,43.59,44.42,1853800
2025-03-12 07:00:00,44.56,44.86,43.93,44.66,1935500
2025-03-13 07:00:00,44.66,45.49,43.4,43.54,4907300
2025-03-14 07:00:00,43.54,43.83,42.38,43.54,2835500
2025-03-17 07:00:00,43.74,43.83,42.77,43.3,1617200
2025-03-18 07:00:00,43.83,44.13,43.06,43.06,1499800
2025-03-19 07:00:00,43.15,43.64,42.47,42.77,1837400
2025-03-20 07:00:00,43.06,43.06,42.43,43.01,1133600
2025-03-21 07:00:00,43.06,43.15,42.77,42.96,844200
2025-03-24 07:00:00,42.77,43.06,42.47,42.91,1323300
2025-03-25 07:00:00,43.15,43.45,43.01,43.15,1810200
2025-03-26 07:00:00,43.3,43.49,42.57,42.86,1362300
2025-03-27 07:00:00,42.62,43.06,42.52,42.52,939400
2025-03-28 07:00:00,42.62,42.62,40.68,40.68,4594900
2025-03-31 07:00:00,40.14,40.77,39.95,40.34,1513000
2025-04-01 07:00:00,40.63,40.72,40.09,40.29,759400
2025-04-02 07:00:00,40.48,41.06,40.34,40.63,1021800
2025-04-03 07:00:00,37.81,38.2,37.81,37.81,1575500
2025-04-04 07:00:00,35.18,35.18,35.18,35.18,362500
2025-04-08 07:00:00,32.75,32.75,32.75,32.75,604200
2025-04-09 07:00:00,30.47,30.47,30.47,30.47,411000
2025-04-10 07:00:00,32.56,32.56,31.59,32.56,2438000
2025-04-11 07:00:00,30.32,32.27,30.32,31.98,7292500
2025-04-14 07:00:00,34.21,34.21,31.98,32.17,3137400
2025-04-15 07:00:00,31.73,32.95,29.94,29.94,4773700
2025-04-16 07:00:00,29.94,30.62,28.19,28.77,2968800
2025-04-17 07:00:00,28.19,29.89,28.19,29.84,2198900
2025-04-18 07:00:00,30.18,30.52,29.94,30.13,2162900
2025-04-21 07:00:00,30.23,30.32,28.87,29.06,1753500
2025-04-22 07:00:00,28.67,28.87,27.07,27.21,3947800
2025-04-23 07:00:00,27.75,28.58,26.92,28.38,2728100
2025-04-24 07:00:00,28.96,30.32,28.67,29.5,2620800
2025-04-25 07:00:00,29.35,29.69,28.87,29.16,1648600
2025-04-28 07:00:00,29.45,29.5,28.58,28.77,1438600
2025-04-29 07:00:00,28.87,29.21,28.77,28.87,1023400
2025-05-05 07:00:00,29.26,30.42,28.96,30.32,2404100
2025-05-06 07:00:00,30.42,30.47,29.79,29.79,1887400
2025-05-07 07:00:00,29.84,30.42,29.79,30.18,2018500
2025-05-08 07:00:00,30.47,31.88,30.47,31.59,3837400
2025-05-09 07:00:00,31.64,31.64,30.91,31.01,1943500
2025-05-12 07:00:00,31.1,32.56,30.81,32.56,3341300
2025-05-13 07:00:00,33.58,33.58,32.71,32.8,3090400
2025-05-14 07:00:00,32.85,32.9,32.07,32.75,2985200
2025-05-15 07:00:00,33.05,33.05,32.12,32.8,2507600
2025-05-16 07:00:00,32.75,32.95,32.41,32.66,1486400
2025-05-19 07:00:00,32.46,32.56,31.69,32.03,1867300
2025-05-20 07:00:00,32.03,32.56,31.69,32.46,1847800
2025-05-21 07:00:00,32.56,32.56,31.73,31.88,1816800
2025-05-22 07:00:00,31.93,32.8,31.73,32.22,2105400
2025-05-23 07:00:00,32.22,32.41,31.69,32.07,1351300
2025-05-26 07:00:00,32.07,34.31,31.2,34.31,5109100
2025-05-27 07:00:00,34.8,34.8,34.07,34.41,2193100
2025-05-28 07:00:00,34.46,34.6,33.68,33.97,2937400
2025-05-29 07:00:00,34.5,35.18,34.02,34.26,3237200
2025-05-30 07:00:00,34.02,34.12,33.39,34.02,2016900
2025-06-02 07:00:00,33.53,34.26,33.29,33.92,2251800
2025-06-03 07:00:00,34.21,34.75,33.97,34.5,2540000
2025-06-04 07:00:00,34.65,34.8,33.92,34.21,2068200
2025-06-05 07:00:00,34.31,34.94,34.07,34.21,2611200
2025-06-06 07:00:00,34.5,34.5,33.24,33.29,2545200
2025-06-09 07:00:00,33.34,33.34,31.83,31.98,2522300
2025-06-10 07:00:00,31.78,32.22,31.59,31.73,1822100
2025-06-11 07:00:00,32.22,32.22,31.69,31.83,669300
2025-06-12 07:00:00,31.88,32.75,31.88,32.51,1413800
2025-06-13 07:00:00,32.07,32.17,30.86,31.59,2538600
2025-06-16 07:00:00,31.59,32.07,31.54,32.07,791300
2025-06-17 07:00:00,32.46,32.75,32.12,32.32,1123600
2025-06-18 07:00:00,32.27,32.46,31.83,31.98,1352000
2025-06-19 07:00:00,31.98,32.61,31.98,32.51,1660500
2025-06-20 07:00:00,32.61,32.66,32.17,32.27,1119700
2025-06-23 07:00:00,32.03,34.5,31.69,34.16,4966100
2025-06-24 07:00:00,34.5,35.38,34.12,34.36,4744500
2025-06-25 07:00:00,34.5,35.72,34.36,35.28,4562600
2025-06-26 07:00:00,35.43,36.84,35.28,36.79,4443800
2025-06-27 07:00:00,36.93,36.93,36.3,36.45,2146900
2025-06-30 07:00:00,36.45,37.61,36.45,37.27,2097300
2025-07-01 07:00:00,36.89,37.61,36.64,37.27,2572800
2025-07-02 07:00:00,37.03,38.93,37.03,37.91,3369900
2025-07-03 07:00:00,35.77,36.79,35.28,35.96,7951500
2025-07-04 07:00:00,35.86,36.25,35.28,36.25,2478700
2025-07-07 07:00:00,36.5,36.55,35.67,36.16,2471200
2025-07-08 07:00:00,37.08,37.42,36.16,36.55,3451000
2025-07-09 07:00:00,36.55,36.64,35.86,36.11,3187600
2025-07-10 07:00:00,36.16,36.21,35.62,35.72,2531100
2025-07-11 07:00:00,35.77,36.11,35.28,35.57,3028600
2025-07-14 07:00:00,35.72,36.74,35.28,36.59,3133000
2025-07-15 07:00:00,36.69,36.74,35.96,36.16,2447800
2025-07-16 07:00:00,36.06,36.06,35.72,35.72,2726600
2025-07-17 07:00:00,36.11,36.55,35.67,36.3,3476900
2025-07-18 07:00:00,36.45,37.52,36.4,36.98,5229200
2025-07-21 07:00:00,37.08,37.42,36.35,36.45,2372400
2025-07-22 07:00:00,36.45,36.5,35.77,36.3,3144300
2025-07-23 07:00:00,36.45,37.23,36.25,36.69,3163500
2025-07-24 07:00:00,37.18,37.81,36.64,37.37,4241700
2025-07-25 07:00:00,37.37,37.71,36.89,37.03,3636100
2025-07-28 07:00:00,37.32,38.2,37.03,38.1,4315600
2025-07-29 07:00:00,38.54,38.59,35.48,35.48,6459700
2025-07-30 07:00:00,35.91,36.01,34.36,35.14,2696600
2025-07-31 07:00:00,35.96,37.13,35.23,36.55,3984600
2025-08-01 07:00:00,36.45,36.45,35.48,35.57,1612700
2025-08-04 07:00:00,35.38,35.96,35.14,35.48,1499600
2025-08-05 07:00:00,35.77,36.74,34.7,35.28,3675300
2025-08-06 07:00:00,35.57,35.91,35.33,35.72,1404100
2025-08-07 07:00:00,36.59,37.23,36.25,36.45,3569600
2025-08-08 07:00:00,36.55,36.64,35.77,36.01,2360200
2025-08-11 07:00:00,36.11,37.52,36.11,37.08,4571800
2025-08-12 07:00:00,37.61,37.61,36.45,37.03,2829300
2025-08-13 07:00:00,37.42,39.32,37.32,38.64,7440300
2025-08-14 07:00:00,38.88,38.88,37.81,37.91,3126700
2025-08-15 07:00:00,38.0,38.0,36.55,36.74,3850400
2025-08-18 07:00:00,36.74,37.86,36.5,36.93,1827900
2025-08-19 07:00:00,37.52,37.86,36.98,37.32,2785700
2025-08-20 07:00:00,37.52,37.86,35.72,36.4,2775600
2025-08-21 07:00:00,36.93,37.42,35.77,35.82,3239100
2025-08-22 07:00:00,35.57,35.67,33.82,33.82,3574100
2025-08-25 07:00:00,34.75,34.75,33.14,33.14,1315400
2025-08-26 07:00:00,33.24,34.16,33.24,34.12,1380200
2025-08-27 07:00:00,34.21,34.84,34.16,34.46,1099600
2025-08-28 07:00:00,34.65,34.89,34.36,34.46,1050300
2025-08-29 07:00:00,34.5,34.6,34.16,34.21,1741700
2025-09-03 07:00:00,34.75,34.89,34.36,34.65,1404100
2025-09-04 07:00:00,35.1,35.6,34.85,34.85,1895200
2025-09-05 07:00:00,35.35,36.5,35.0,35.1,3530400
2025-09-08 07:00:00,35.3,35.9,34.6,34.6,1360900
2025-09-09 07:00:00,34.45,34.7,33.95,34.25,1909600
2025-09-10 07:00:00,34.5,34.5,33.95,34.1,800700
2025-09-11 07:00:00,33.95,34.15,33.05,33.8,1205100
2025-09-12 07:00:00,33.95,34.9,33.95,34.65,1131900
2025-09-15 07:00:00,34.65,35.4,34.65,35.4,1406000
2025-09-16 07:00:00,35.7,35.7,35.0,35.05,1038900
2025-09-17 07:00:00,35.05,35.35,34.5,34.5,796700
2025-09-18 07:00:00,34.65,34.9,33.9,34.05,989200
2025-09-19 07:00:00,34.2,34.6,34.0,34.0,602300
2025-09-22 07:00:00,33.9,34.5,33.9,34.4,1053900
2025-09-23 07:00:00,34.5,34.5,34.2,34.2,379000
2025-09-24 07:00:00,34.3,34.75,34.0,34.75,713300
2025-09-25 07:00:00,34.55,35.2,34.55,35.0,1080600
2025-09-26 07:00:00,35.25,35.7,35.0,35.0,1757000
2025-09-29 07:00:00,35.0,35.0,34.4,34.4,586900
2025-09-30 07:00:00,34.5,34.6,33.55,33.85,1092400
2025-10-01 07:00:00,34.0,34.6,34.0,34.5,597900
2025-10-02 07:00:00,34.55,34.6,33.9,34.0,645800
2025-10-03 07:00:00,34.0,34.0,33.0,33.0,825300
2025-10-06 07:00:00,33.45,33.9,33.3,33.7,409300
2025-10-07 07:00:00,33.6,33.8,33.1,33.2,962300
2025-10-08 07:00:00,33.5,33.9,33.1,33.4,427500
2025-10-09 07:00:00,33.25,33.6,33.25,33.45,816300
2025-10-10 07:00:00,33.65,33.95,33.55,33.7,716100
2025-10-13 07:00:00,33.15,34.4,33.15,34.0,1092800
2025-10-14 07:00:00,34.0,34.2,33.1,33.1,1290100
2025-10-15 07:00:00,33.2,33.4,32.35,32.4,1083500
2025-10-16 07:00:00,32.2,32.8,32.2,32.5,765400
2025-10-17 07:00:00,32.4,33.15,32.4,32.5,488500
2025-10-20 07:00:00,32.1,32.4,30.25,30.25,1688200
2025-10-21 07:00:00,29.9,30.2,28.9,29.8,1490600
2025-10-22 07:00:00,29.95,29.95,28.95,29.3,791600
2025-10-23 07:00:00,29.3,30.2,29.3,29.8,557000
2025-10-24 07:00:00,29.7,29.8,29.35,29.6,406800
2025-10-27 07:00:00,30.2,31.45,30.0,30.0,856900
2025-10-28 07:00:00,30.0,30.3,29.75,30.25,434200
2025-10-29 07:00:00,30.25,31.55,30.25,31.0,906000
2025-10-30 07:00:00,31.1,31.35,30.75,31.0,551300
2025-10-31 07:00:00,30.8,31.5,30.8,31.2,838200
2025-11-03 07:00:00,31.3,31.5,30.9,30.9,748200
2025-11-04 07:00:00,30.9,31.1,29.8,30.85,859300
2025-11-05 07:00:00,30.85,31.2,30.5,30.85,370100
2025-11-06 07:00:00,31.15,32.0,31.15,31.3,930400
2025-11-07 07:00:00,31.0,31.25,30.2,30.3,398500
2025-11-10 07:00:00,30.4,30.8,30.05,30.05,324400
2025-11-11 07:00:00,30.1,30.4,30.1,30.2,239700
2025-11-12 07:00:00,30.65,30.85,30.25,30.6,219900
2025-11-13 07:00:00,30.7,32.4,30.7,32.0,1880400
2025-11-14 07:00:00,31.9,32.25,31.7,32.0,700000
2025-11-17 07:00:00,32.0,33.15,32.0,32.65,1436500
2025-11-18 07:00:00,32.65,32.95,32.3,32.45,629200
2025-11-19 07:00:00,32.45,32.75,32.0,32.1,566200
2025-11-20 07:00:00,32.55,33.8,31.9,32.45,819900
2025-11-21 07:00:00,32.45,32.55,31.85,31.9,473300
2025-11-24 07:00:00,31.95,32.5,31.65,31.65,264400
2025-11-25 07:00:00,31.25,32.3,30.95,31.0,682000
2025-11-26 07:00:00,31.2,31.45,31.0,31.4,327100
2025-11-27 07:00:00,31.7,31.85,31.35,31.35,344200
2025-11-28 07:00:00,31.4,31.5,30.9,30.9,405800
2025-12-01 07:00:00,30.9,31.15,30.75,30.75,312600
2025-12-02 07:00:00,30.6,30.9,30.2,30.75,456000
2025-12-03 07:00:00,31.0,31.35,30.6,31.25,435500
2025-12-04 07:00:00,31.25,31.5,31.2,31.4,265000
2025-12-05 07:00:00,31.5,31.5,30.9,30.95,246100
2025-12-08 07:00:00,31.0,31.0,30.3,30.35,328700
2025-12-09 07:00:00,30.6,30.6,30.0,30.3,400700
2025-12-10 07:00:00,30.35,30.6,30.2,30.3,168900
2025-12-11 07:00:00,30.35,30.6,30.2,30.2,156900
2025-12-12 07:00:00,30.2,30.2,29.0,29.0,476500
2025-12-15 07:00:00,29.1,29.9,29.1,29.2,197500
2025-12-16 07:00:00,29.75,30.1,29.0,29.95,392300
2025-12-17 07:00:00,30.0,30.0,29.55,29.55,129900
2025-12-18 07:00:00,29.5,29.7,29.5,29.55,88600
2025-12-19 07:00:00,29.55,29.8,29.45,29.55,132000
2025-12-22 07:00:00,29.7,29.9,29.3,29.9,346400
2025-12-23 07:00:00,29.9,30.2,29.85,29.9,363300
2025-12-24 07:00:00,29.9,29.9,29.5,29.75,210600
2025-12-25 07:00:00,29.8,29.85,29.4,29.4,252800
2025-12-26 07:00:00,29.65,29.65,28.3,28.9,513000
2025-12-29 07:00:00,29.0,29.0,28.7,28.7,366000
2025-12-30 07:00:00,28.8,28.95,28.8,28.95,286000
2025-12-31 07:00:00,29.2,29.45,29.05,29.15,448500
2026-01-05 07:00:00,29.35,29.35,29.0,29.1,444600
2026-01-06 07:00:00,29.15,30.3,29.0,29.6,703800
2026-01-07 07:00:00,30.0,30.6,29.7,30.25,866900
2026-01-08 07:00:00,30.5,30.5,29.8,29.85,970700
2026-01-09 07:00:00,30.2,30.85,29.8,30.3,967200
2026-01-12 07:00:00,30.3,31.05,30.1,30.85,941000
2026-01-13 07:00:00,30.9,31.65,30.8,31.6,1188000
2026-01-14 07:00:00,31.6,32.1,31.05,31.65,1465300
2026-01-15 07:00:00,31.65,32.2,31.45,31.45,1132300
2026-01-16 07:00:00,31.55,31.9,31.05,31.2,716400
2026-01-19 07:00:00,31.7,33.35,31.65,33.05,2645500
2026-01-20 07:00:00,33.35,33.4,32.55,32.55,976500
2026-01-21 07:00:00,32.55,32.95,31.05,31.2,1595000
2026-01-22 07:00:00,31.8,32.2,31.3,31.9,737300
2026-01-23 07:00:00,32.2,32.3,31.2,31.25,703400
2026-01-26 07:00:00,31.5,31.5,30.1,30.35,869700
2026-01-27 07:00:00,30.0,31.1,30.0,31.0,568700
2026-01-28 07:00:00,31.05,31.6,30.9,30.9,500800
2026-01-29 07:00:00,30.9,31.4,30.6,31.3,468600
2026-01-30 07:00:00,31.5,32.8,31.5,32.2,1475400
2026-02-02 07:00:00,32.8,32.9,32.1,32.8,893700
2026-02-03 07:00:00,33.1,35.05,32.8,35.05,4346200
2026-02-04 07:00:00,35.75,37.4,35.3,36.85,5555100
2026-02-05 07:00:00,36.65,37.35,36.15,36.9,2582800
2026-02-06 07:00:00,36.2,36.65,35.0,35.05,3483400
2026-02-09 07:00:00,34.9,35.3,34.0,34.2,1160400
2026-02-10 07:00:00,34.5,34.6,32.9,33.4,1930900
2026-02-11 07:00:00,33.75,34.25,33.5,33.95,1031700
2026-02-12 07:00:00,34.1,34.1,33.75,33.85,619100
2026-02-13 07:00:00,33.75,34.35,33.6,33.85,1010800
2026-02-23 07:00:00,34.4,35.1,34.3,34.65,1024200
2026-02-24 07:00:00,34.75,35.15,34.05,34.3,1459700
2026-02-25 07:00:00,34.3,36.15,34.3,35.65,2371900
2026-02-26 07:00:00,36.0,36.0,34.7,34.7,937400
2026-02-27 07:00:00,35.0,35.1,34.0,34.5,1055000
2026-03-02 07:00:00,33.5,35.45,32.85,34.5,3088400
2026-03-03 07:00:00,34.5,35.05,33.2,33.3,1219500
2026-03-04 07:00:00,33.0,33.4,31.2,32.15,2117800
2026-03-05 07:00:00,32.4,32.7,31.5,31.5,915600
2026-03-06 07:00:00,31.25,31.55,30.4,30.4,1165200
2026-03-09 07:00:00,28.3,29.0,28.3,28.3,831400
2026-03-10 07:00:00,28.3,29.0,28.1,28.5,1164400
2026-03-11 07:00:00,28.95,30.2,28.7,30.2,770000
2026-03-12 07:00:00,30.1,30.5,29.3,29.8,713600
2026-03-13 07:00:00,29.4,30.2,29.4,29.5,571400
2026-03-16 07:00:00,29.5,30.3,29.5,29.95,281700
2026-03-17 07:00:00,30.1,30.65,29.6,29.6,461100
2026-03-18 07:00:00,29.65,29.85,29.0,29.35,413400
2026-03-19 07:00:00,28.8,29.3,28.8,29.0,543100
2026-03-20 07:00:00,29.0,30.0,28.8,29.05,636500
2026-03-23 07:00:00,28.5,28.8,27.05,27.05,931000
2026-03-24 07:00:00,27.9,28.0,27.35,27.75,379400
2026-03-25 07:00:00,28.25,28.9,28.25,28.5,601800
2026-03-26 07:00:00,28.85,28.85,28.0,28.3,495800
2026-03-27 07:00:00,28.25,29.65,28.2,29.5,1197900
2026-03-30 07:00:00,28.8,29.85,28.6,29.25,864100
2026-03-31 07:00:00,29.5,29.55,29.1,29.15,419500
2026-04-01 07:00:00,29.5,29.9,29.15,29.15,651100
2026-04-02 07:00:00,29.2,29.4,28.4,28.65,554000
2026-04-03 07:00:00,28.65,28.9,28.1,28.15,496100
2026-04-06 07:00:00,28.2,28.25,27.4,27.4,600700
2026-04-07 07:00:00,27.4,27.9,27.4,27.65,241900
2026-04-08 07:00:00,29.0,29.0,28.15,28.65,982700
2026-04-09 07:00:00,28.7,29.5,28.45,28.75,1028500
2026-04-10 07:00:00,29.1,29.35,28.75,28.85,534000
2026-04-13 07:00:00,28.8,29.3,28.55,29.05,541600
2026-04-14 07:00:00,29.25,29.5,28.85,28.9,531800
2026-04-15 07:00:00,29.35,29.5,28.9,28.9,730900
2026-04-16 07:00:00,28.95,29.5,28.7,29.25,1028600
2026-04-17 07:00:00,29.45,29.95,29.05,29.1,896800
2026-04-20 07:00:00,29.05,29.35,28.8,29.0,441700
2026-04-21 07:00:00,29.1,29.15,28.25,28.35,830000
2026-04-22 07:00:00,28.55,28.55,28.2,28.3,227400
2026-04-23 07:00:00,28.25,28.25,27.65,28.0,745900
2026-04-24 07:00:00,28.0,28.0,27.5,27.7,534300
2026-04-28 07:00:00,27.7,28.0,27.15,27.2,587600
2026-04-29 07:00:00,27.1,27.3,27.0,27.2,595900
