year_month,time,rolling_vol_5,credit_growth_mom,cpi_mom,pmi_vn,fnb_ratio,fx_log_ret,vnindex_log_ret,vnindex_close,vnindex_vol20,rolling_vol_5_Z,credit_growth_mom_Z,cpi_mom_Z,pmi_vn_Z,fnb_ratio_Z,fx_log_ret_Z,Y_proxy,Macro_Prob_0,Macro_Prob_1
2017-01,2017-01-25,-0.5430263585997385,-1.5821507579000085,0.0043985296914965,1.5716734738097211,0.3522770491309195,-8.997660614315702e-05,0.0073422979005215,13.209166666666668,0.0729690376079062,1.2815515655446004,0.0,0.0,0.0,1.2815515655446004,0.0,0,0.9999999936801478,6.319852241499083e-09
2017-02,2017-02-28,-1.1020018213438396,-0.1322195663143519,0.0043985296916857,1.8960064408039927,0.09567736108032,-0.0007466456195956,-0.010799373764509,13.5125,0.0934129755173001,-1.7047809048894011,0.5845898570594735,0.5845898570594735,0.5845898570594735,-0.1853670172895967,-0.1853670172895967,2,0.9948951806542194,0.005104819345780753
2017-03,2017-03-31,-0.784195003022754,0.1378565574329644,0.0043985296915911,1.3834395174160052,-0.1176058409078389,-0.0039591679644254,0.0005373713394231,14.275,0.0780694080899457,0.3128613997601118,0.8353711435721113,-0.0880655697240945,-0.8353711435721113,-1.11895838106256,-0.7745654303366722,0,0.009501758974727452,0.9904982410252722
2017-04,2017-04-28,-0.5400739591813499,-0.8515194179705428,0.0043985296915911,1.491258596050508,-0.2986024171322031,0.0021389429303644,-8.179293219320825e-05,14.135166666666668,0.1149503689889545,0.6539284638491971,-0.4610860885253348,-0.0660118123758407,-0.1824072228344741,-1.4583763270590426,0.4610860885253349,2,0.009864728142560187,0.9901352718574403
2017-05,2017-05-31,-1.002567759699628,1.1672980455548605,0.0043985296915911,0.4865052151319036,-0.0974481324756913,0.0006278871803359,0.0022533478063689,14.7895,0.1198720255025191,-0.7324113622418431,1.2359023985485402,-0.0517060875110765,-1.2359023985485396,-0.454478398648914,0.1556756903741634,0,2.5640997512535875e-06,0.9999974359002489
2017-06,2017-06-30,-0.2326934998675298,1.0656556175224812,0.0043985296915911,1.5969585076310755,0.0621824654788803,0.0008957363551252,0.0025119433554913,15.529333333333334,0.0710474338201206,1.3009449138865516,0.6161202984793464,-0.0421406754664623,0.6678933373149523,0.4578519310124951,0.2555228108212007,0,0.20928866505159507,0.7907113349484057
2017-07,2017-07-31,-1.093937661731886,-0.2025797287672125,0.0043985296916857,0.0881608666513549,-0.0220404816659824,-0.0056644639859925,0.0054902066872343,15.245166666666668,0.1514512004498501,-1.4919422487276346,-0.4736993937656505,1.0675705238781412,-1.4395314709384563,0.0268599608844501,-0.9626677504946358,0,6.6174997530786496e-06,0.9999933825002468
2017-08,2017-08-31,-0.9970927754813552,-1.2849210558207274,0.0043985296915911,0.5943788146981523,0.2127260919464517,-0.0094660467511026,0.0048545187046863,15.113499999999998,0.121881691012467,-0.7185915229021644,-0.9839229995102026,-0.1934254738572182,-0.4448312379912316,1.035118664752163,-1.6243811923533698,0,0.0034319025347571987,0.996568097465246
2017-09,2017-09-29,-0.9555437687787852,-0.2243956565695946,0.0043985296915911,0.1297762633029011,0.191516952997945,0.0064586759337116,0.0016740721748478,15.453,0.070069676530375,-0.3934473937852664,-0.3421467759919597,-0.1720630285825831,-0.9565433099099088,0.8833463275086926,1.1339140545265345,0,4.3850788161238526e-05,0.9999561492118362
2017-10,2017-10-31,-0.593724789399606,1.0706266645643057,0.0043985296914965,0.4778281223637871,0.3320157158672134,4.4741728380378186e-05,-0.0063524481213588,15.307,0.1077343221320982,0.4965418120660503,1.010626720405697,-1.3392545943845358,-0.6630210490869014,1.4703631923390124,0.0734306671120416,2,0.009284158494373524,0.9907158415056262
2017-11,2017-11-30,-0.614217323765143,-0.416779401259708,0.0043985296916857,0.181628957709009,0.1307089250521318,-0.00412168497126,0.0036657641163245,17.289166666666667,0.0878390729054735,0.4942277066729807,-0.52566794016244,1.0958880865073828,-0.741896940388488,0.5705835995864261,-0.8090225029118842,0,0.00019091762556104952,0.9998090823744394
2017-12,2017-12-29,-0.9439305356261056,-0.1047575140902165,0.0043985296914965,-0.8053463979246679,0.1157728479649856,-0.0012077026046888,0.0036428547045872,17.962666666666667,0.1508500154767773,-0.2398018522610059,0.260659839938227,-1.19044644429964,-1.724168552977606,0.5001982593717079,-0.2921639278929096,0,5.35543504461071e-09,0.9999999946445683
2018-01,2018-01-31,-0.0188790816687992,-0.4441047192799741,0.0043985296915911,-0.5232289951913178,-0.1662943674626333,-0.0006307671275418,-0.0136137110117109,19.588666666666665,0.1873608014605769,1.648713470290851,-0.8053202128239452,-0.0796596695525327,-1.140763739234598,-0.8544473986959894,-0.1648683315106018,1,7.369605260788001e-06,0.9999926303947421
2018-02,2018-02-28,0.6502647566337844,1.0327101769838838,0.0043985296916857,-1.159861318138966,-0.2558477980461082,0.0004182433256831,0.0049275305220877,19.34083333333333,0.3162486889758349,1.884304422782422,0.5601211202511553,1.1897949774936984,-1.884304422782422,-1.2102304517744078,0.2257079538601593,2,6.8602086755856495e-09,0.999999993139788
2018-03,2018-03-30,1.8005813081901425,-0.5462251294442184,0.0043985296915911,-0.9508243908962444,0.2303250436610252,-0.0008301132289727,0.0092791078926688,19.97983333333333,0.1305120188239812,1.7543819658835995,-0.8053202128239452,-0.0746713662454842,-1.2636680250691246,1.0943317074660934,-0.3607933046946585,0,0.0001068787747338003,0.9998931212252596
2018-04,2018-04-27,-0.0331824771965773,-0.1139596007480208,0.0043985296915911,-0.6190400184781526,-0.0998937228758131,-8.797782964370725e-05,0.0174591005015471,18.160166666666665,0.2712677013006083,0.771389342081157,0.1547934856797119,-0.0746713662454842,-0.6193067695087762,-0.3928308136497295,-0.1046334556140754,2,0.0007222780223647072,0.9992777219776394
2018-05,2018-05-31,0.0473450964377508,-0.013438848868132,0.0043985296916857,-1.7831946100789586,0.2451376504522429,0.0007671653617531,0.0258587761142361,16.871666666666666,0.3318635951745177,1.0245923925400984,0.5776624083836064,0.9996904864891372,-1.7098068965379007,1.058818295808034,0.4471567246764459,2,2.398594468124205e-06,0.999997601405531
2018-06,2018-06-29,-0.0800820080094757,0.1840648705967161,0.0043985296914965,-0.192539080164053,-0.0432806942085666,0.0001964743770988,-0.0017044842729549,16.588833333333334,0.2570871713611899,0.7318080838596178,0.8544473986959894,-1.140763739234598,0.0547354755040704,-0.3081916471738646,0.2359234601100352,1,0.011776213893835622,0.9882237861061671
2018-07,2018-07-31,-0.2896092978930097,-1.0279297403442174,0.0043985296914965,-1.4554488325119344,0.0021443632744976,0.0010771220343415,0.0019800542332863,16.772000000000002,0.2214615466269951,0.5485222826980981,-1.1034281680166915,-0.9516592123227108,-1.1219004674623525,-0.1346897940089195,0.6435901028002178,2,1.7450958835239774e-06,0.9999982549041156
2018-08,2018-08-31,-0.6128735779059429,-0.1249682864337664,0.0043985296916857,-0.8917446809154973,-0.4591897553792264,8.595865394050048e-05,-0.0058407147967649,17.853333333333335,0.1066596771308111,-0.0547354755040703,-0.0547354755040703,0.9834280199496832,-0.3396408857857756,-2.514954877802528,0.0348213172603475,2,0.003785734170803431,0.9962142658292006
2018-09,2018-09-28,-0.9597726475989852,-1.102416432014936,0.0043985296914965,-0.0760415186982902,0.2041750229867322,-4.289452237602959e-05,0.0010014426520584,18.69,0.1123901326421868,-1.058818295808034,-1.7780428020381664,-0.8122178014999129,0.771389342081157,0.798460727542575,-0.1648683315106018,0,0.012703937396565074,0.9872960626034388
2018-10,2018-10-31,1.0409205942439186,1.8275714817746505,0.0043985296916857,-2.0176361608502136,-0.2637708997783689,-2.144979140165432e-05,0.0264045884362436,16.948166666666665,0.2906620019172187,1.2975429286165543,1.6887370022667982,0.8122178014999129,-1.6887370022667976,-1.2975429286165534,-0.1749599401657325,2,8.437878873426224e-09,0.9999999915621203
2018-11,2018-11-30,0.1627785011666973,0.9523753478285952,0.0043985296915911,-1.4820557623516266,-0.2968981653495902,-0.000364857763177,0.0030161544960675,17.001333333333335,0.1092502831724263,0.6435901028002178,0.8616341201741723,-0.0049734893024984,-0.7647096737863871,-1.2526929839120382,-0.6807467554370195,0,6.586232328443386e-05,0.9999341376767188
2018-12,2018-12-28,3.2827851867117444,-0.7101509679254352,0.0043985296916857,-1.308692194304924,-0.1441680455892884,-0.0023906710646362,-0.0042039550288567,16.75166666666667,0.1705598050417326,2.329336053062001,-0.8331468660796096,0.8261303396205314,-0.2718800053992609,-0.5028363067094417,-1.3451666341766395,1,0.00577311174252961,0.9942268882574734
2019-01,2019-01-31,0.0677522449214858,-0.8397885886200493,0.0043985296914965,-1.531726175352767,0.1374682442189556,0.0,-0.0027416178889273,16.742666666666665,0.0861541696233574,0.2667228754940432,-0.8191542511219893,-0.967421566101701,-0.7647096737863871,0.6933415430368173,-0.0796596695525327,2,1.0886561076994224e-05,0.9999891134389285
2019-02,2019-02-28,-0.8192458785361821,-0.8812972542572642,0.0043985296914965,-0.2924153895403048,0.2883395109382145,-0.0002155125975453,-0.0188108649156173,17.693666666666665,0.1201975157168707,-1.150349380376008,-0.8688656221847793,-0.8544473986959894,0.8834667736298784,1.2975429286165543,-0.6193067695087762,2,0.7657271307096306,0.2342728692903742
2019-03,2019-03-29,-0.5751878252856282,0.3745160893193873,0.0043985296916857,-0.8190863583838485,0.2384665801025166,0.0,0.0012909194723347,17.812833333333334,0.1371544597478358,-0.4361906478765538,0.771389342081157,0.7848531344464361,0.425276777057607,0.8982587491015686,-0.0099471016310222,0,0.8891172236967798,0.11088277630320649
2019-04,2019-04-26,-0.6817788083555001,-0.3253454854936148,0.0043985296914965,0.1602020269131997,0.4215058612534419,9.485973950007388e-05,0.0046067519956949,17.474333333333334,0.0985065529782434,-0.5717958082148739,-0.185069398816413,-0.725322886830771,1.7780428020381671,1.4799413890351922,0.3607933046946586,0,0.9996143965539115,0.00038560344608395915
2019-05,2019-05-31,-0.3370927426948313,0.5215497190246026,0.0043985296915911,-0.6139740355941417,-0.0049066983652683,0.0006502312092575,-0.0141292919012489,17.034333333333333,0.1162458737621554,0.0647002064910026,0.7647096737863871,0.1397102988818621,0.4198388599048764,-0.0248699074804566,0.8122178014999129,2,0.9828678036835606,0.01713219631643183
2019-06,2019-06-28,-0.4399787682503515,-0.558623642586792,0.0043985296915911,0.0917544405475929,0.0306847480530089,0.0004296455490366,0.0071900144539359,16.913666666666668,0.1056708632107816,-0.0846499558450104,-0.1800123697927051,0.0696849203184556,1.1999500758833568,0.2359234601100352,0.7188680528227155,0,0.995596389941078,0.004403610058908858
2019-07,2019-07-31,-0.3304284016674628,0.3264294251092667,0.0043985296916857,-0.1112458539093097,-0.5662772803972386,0.0,0.0034288203902669,17.4915,0.0703234120714385,0.1346897940089197,0.2667228754940432,0.7781036069292223,0.5953832765662801,-2.3293360530620006,0.0348213172603475,0,0.9962696971867405,0.0037303028132547353
2019-08,2019-08-30,-0.3205136059175696,-0.7181031658035864,0.0043985296916857,0.1183939316565786,-0.0683724652680977,0.0,0.007222260352227,17.281,0.0818292225915797,-0.0248699074804566,-0.6253428964607914,0.7580639523332425,1.1797611176118612,-0.0547354755040703,0.0298452429192394,0,0.9977448940041977,0.002255105995788551
2019-09,2019-09-30,-0.3697542594196846,-0.7799496963103467,0.0043985296914965,0.6814132916498381,-0.2852235590166966,-0.0161551485371979,-0.0005782074372938,17.563,0.0777947886527608,-0.1547934856797119,-0.8473045398955408,-1.007921678555623,1.7543819658835995,-0.9753935550637528,-1.731664396122245,2,0.9992437796933397,0.0007562203066742225
2019-10,2019-10-31,-0.8042312718532263,1.9181845888051103,0.0043985296914965,1.0688474557152754,0.2171872457614451,0.0,-0.0046522886321465,17.308666666666667,0.0602426431222953,-1.2102304517744078,1.6887370022667982,-0.8544473986959894,1.6887370022667982,1.0415528300904855,0.0547354755040704,2,0.9996725214829313,0.0003274785170625285
2019-11,2019-11-29,-0.7117955641427559,-2.1773399190846683,0.0043985296916857,0.4802583931311919,0.3575342171321682,0.0,0.001004810566533,16.6985,0.0708991351570738,-0.7318080838596176,-1.731664396122245,0.798460727542575,0.798460727542575,1.4799413890351922,0.0348213172603475,0,0.9964589569258308,0.003541043074167996
2019-12,2019-12-31,-0.7240638146247519,-0.0650420974205622,0.0043985296914965,0.6425855149588408,0.3073627031710749,0.0,-0.003192205009785,16.192333333333334,0.0724252559816072,-0.6558746782604521,0.2615728296513017,-0.7060472885760446,0.7916386077433746,1.252692983912039,0.0099471016310222,2,0.9981947403285745,0.0018052596714282466
2020-01,2020-01-31,0.519066933276136,0.2065568467739953,0.0043985296915911,0.8688409468870851,0.0307431263156937,0.0004746186959416,-0.0278122894355107,15.590166666666669,0.1704274341209767,1.252692983912039,0.2873954772812098,0.0946369815676998,1.150349380376008,0.0149209600329003,1.058818295808034,1,0.9979503245385836,0.0020496754614188397
2020-02,2020-02-28,1.378127176248399,-0.001185934995336,0.0043985296916857,1.2361485338774412,-0.0167671446423706,0.0,-0.0171581114804403,15.176333333333334,0.2130425442925154,1.9465617207989845,0.0996339740365976,0.798460727542575,1.7543819658835995,-0.1951978077188882,0.0,1,0.9995766115251847,0.00042338847481596185
2020-03,2020-03-31,4.498652193716827,0.7888155723960996,0.0043985296914965,0.6175221680256913,-0.2332710797351722,0.0266158209376701,-0.0114589440483547,11.438,0.4008858770706366,1.4229111803109868,1.1034281680166922,-0.8053202128239452,0.1296726817827776,-1.1897949774936984,2.514954877802529,1,0.92745374037863,0.0725462596213809
2020-04,2020-04-29,0.6032526612175435,-0.3750248429147731,0.0043985296914965,1.252658315335567,0.110535952701389,0.0001279726993321,0.0060765155014289,13.898333333333332,0.2839154364221316,0.5601211202511553,-0.3343768075888141,-0.798460727542575,1.7543819658835995,0.5953832765662801,1.0245923925400984,2,0.9722486939501703,0.027751306049827562
2020-05,2020-05-29,-0.2809785366937568,-0.6755216494600729,0.0043985296916857,1.9892198926635936,-0.3871660622771436,-0.0001286973683165,0.0053764556741338,15.5635,0.1823287679181683,0.1146403968396903,-0.554312379746622,0.8053202128239452,1.7543819658835995,-1.6487134702908517,-1.058818295808034,2,0.999984592233216,1.540776677265965e-05
2020-06,2020-06-30,1.955302073824232,0.5582277921170737,0.0043985296915911,0.6144261904200667,-0.1158561272701221,0.0023238810647632,-0.0105147842487372,15.012333333333334,0.2967084576418555,0.9438660649065356,0.7647096737863871,0.0049734893024984,-0.5084880591093566,-0.3928308136497295,1.575767629373074,1,0.20484419322832947,0.79515580677167
2020-07,2020-07-31,-0.1047652816635509,1.077595005990194,0.0043985296915911,1.1132739520423345,0.14472507283073,0.0,-0.007657448695678,14.456833333333332,0.3301523138169749,-0.1146403968396904,1.0943317074660934,0.1196481130398421,0.5717958082148739,0.5953832765662801,0.0397982539778593,1,0.5089327163938369,0.49106728360615737
2020-08,2020-08-31,-0.6297704646995987,-1.3080785866690376,-0.5360039993414388,1.9892198926635936,-0.2585098843855405,0.0,-0.0066287557029872,16.518833333333333,0.106682134004391,-0.5835489577555577,-1.150349380376008,-1.731664396122245,1.3960534082549896,-1.4799413890351922,0.0348213172603475,2,0.9882179224469693,0.011782077553018824
2020-09,2020-09-30,0.0124922610957742,-0.1651906039305296,-0.7004532610763806,0.6618216588315964,-0.0311946048581584,8.624778995376951e-05,0.0078038779300661,17.35183333333333,0.0833553078802121,-0.0248699074804566,-0.3396408857857756,-1.731664396122245,-0.2873954772812097,-0.4361906478765538,1.0943317074660934,0,0.06561092651513702,0.9343890734848538
2020-10,2020-10-30,1.3972230549971698,0.2780398620505228,-1.1022036595635714,0.3182393944783301,0.3234204743737452,-0.0002589220227644,0.0060735831224466,17.705,0.1370876450653124,0.6933415430368173,0.4859760779022337,-1.7098068965379007,-1.7098068965379007,1.1897949774936984,-1.2526929839120382,0,2.9258822751246828e-05,0.999970741177253
2020-11,2020-11-30,-0.125625045687782,-1.1229806129454862,-0.6284534547727033,0.7557435350520642,-0.0949883315804288,-0.0001726966587488,-0.0081578256327091,19.38733333333333,0.1344044902346459,-0.4692528838128021,-1.1312817861712794,-0.798460727542575,-0.0547354755040703,-0.6558746782604521,-1.1126168608589175,2,0.009192814062737444,0.9908071859372669
2020-12,2020-12-31,-0.6996078613039783,2.4557583790887123,-0.8005713349305494,0.3973140317881873,0.0219998609615084,-0.0013850417726616,0.0110392499000752,21.937966101694915,0.1688940276023353,-1.2747974249655285,1.6887370022667982,-1.1126168608589175,-1.1126168608589175,0.0248699074804565,-1.731664396122245,2,1.7837365570249628e-06,0.9999982162634345
2021-01,2021-01-29,1.0134306671805515,-0.8772474547360473,3.534328245776838,0.6379528640549252,0.0708187347743471,-0.0004335761427617,0.0322419102901234,21.038833333333333,0.4271498305492984,0.4581768409639214,-0.8191542511219893,1.7543819658835995,-0.2718800053992609,0.2977774639430346,-1.2526929839120382,2,0.002124968846756873,0.9978750311532337
2021-02,2021-02-26,0.6934856883617366,-1.4094969389508372,-2.2069107468140894,-0.8955976704314118,0.1674537249889452,0.0002171788476339,0.0054049624181521,22.991666666666667,0.469186329410673,0.2770443764243974,-1.884304422782422,-1.884304422782422,-1.884304422782422,0.798460727542575,1.1999500758833568,2,1.7610040142800778e-08,0.9999999823899658
2021-03,2021-03-31,-0.1800028301515909,0.7647506031095372,-1.229587932254602,-0.2334000062451453,0.0836507259905003,0.0,0.0043816007656301,23.75593220338983,0.1511446585314077,-0.5835489577555577,0.7318080838596178,-1.2526929839120382,-1.2526929839120382,0.3081916471738646,0.0647002064910026,0,4.162663546025367e-07,0.9999995837336271
2021-04,2021-04-29,-0.5850858598977781,-1.7691092817952407,-0.3915783523772929,-0.4181341140549315,0.3382555673581441,0.0002169715124917,0.0067811462067637,23.97322033898305,0.2486191076826111,-1.007921678555623,-1.754381965883599,0.3029804480562065,-1.286087006152469,1.4508364874126367,0.9595105900172508,2,0.0003807179800208222,0.9996192820199654
2021-05,2021-05-31,-0.6654310025327324,1.657447538877736,-0.2680283888976199,-0.7202795940143983,-0.0516719134733644,0.0,0.0140978754336201,25.3485,0.1478880813850621,-1.1999500758833568,1.1219004674623525,0.5198407089408866,-1.286087006152469,-0.4471567246764458,0.0298452429192394,0,1.4466562264096004e-06,0.9999985533437671
2021-06,2021-06-30,-1.0337992461623833,-0.1785223108941303,1.5852210632966226,-1.230799227517965,-0.1990669903472536,0.0,-0.0016943402983055,27.05216666666667,0.211669470017472,-2.1001654928444697,-0.1800123697927051,1.1600419029553108,-1.7098068965379007,-1.150349380376008,0.0149209600329003,1,4.7838263241252264e-08,0.9999999521617167
2021-07,2021-07-30,-0.7027386920746429,0.3059246831749395,-0.0102776030178311,-0.8902053746499544,-0.135291757322273,-0.0014794189453163,0.0146725328659718,26.408666666666665,0.3481336923118163,-0.9595105900172504,0.4859760779022337,0.7781036069292223,-0.8761428492468408,-0.7848531344464361,-1.39605340825499,2,5.067547025825329e-05,0.9999493245297321
2021-08,2021-08-31,-0.5013520300981652,-0.6345242001019111,-2.52558444572018,-0.4764998317022903,-0.5155556808066813,-0.0006145202546121,0.0034969624052117,28.420526315789477,0.1898690811522119,-0.5601211202511553,-0.387464044551579,-1.7098068965379007,-0.3661063568005696,-2.2004105812100323,-1.0943317074660928,2,0.021530481650152006,0.9784695183498592
2021-09,2021-09-30,0.1298466043036715,1.238442515095122,-1.9316925523044408,-1.165708383896701,0.0928477273866061,-0.0003515401890577,0.0069973808738133,28.434166666666663,0.1824052137112229,0.631401894239761,0.8053202128239452,-0.890838396496015,-1.140763739234598,0.4144133296000765,-0.798460727542575,2,3.1312550872932972e-06,0.9999968687449293
2021-10,2021-10-29,-0.5269610357577726,-1.2838096632912797,0.3007274774654019,-1.177267425699369,-0.1290016130431149,-0.0002197560716458,0.0037712532894122,31.671166666666668,0.0948656525782547,-0.4915805825078687,-0.9132499266836088,0.8122178014999129,-1.1312817861712794,-0.4915805825078687,-0.649720134224582,0,8.815945732489367e-06,0.9999911840542748
2021-11,2021-11-30,1.0253628528222798,1.526735386961945,-1.840095165586617,-1.0823620613221672,-0.073375583531,0.0005290072421023,0.0058260206665742,33.58833333333333,0.210947319153311,1.8285948988056848,0.7916386077433746,-0.6132931230857991,-0.5427505169302942,-0.256429712211035,1.150349380376008,2,0.0007891084356374238,0.9992108915643587
2021-12,2021-12-31,-0.284036236945082,-0.9854112200860417,-0.2501349459128613,-1.3848498313672697,0.1269424903050685,-0.0024130756471842,0.0052155053986803,34.88166666666667,0.1902230137854136,0.0846499558450104,-0.6193067695087762,0.2977774639430346,-1.6887370022667976,0.6807467554370195,-1.2975429286165534,2,4.470877538848405e-08,0.999999955291231
2022-01,2022-01-28,0.7686737037141935,-0.8634131495305315,3.204151619238284,-1.5669373133082354,0.1433304949159674,0.0,0.0051392582238712,32.41133333333333,0.2918946986359022,1.3451666341766395,-0.3501975088548714,1.648713470290851,-1.7780428020381664,0.6682590406260539,0.0896423510757625,2,2.3316686378512503e-08,0.9999999766833414
2022-02,2022-02-28,1.2755810171006357,1.0226274258102264,1.923066308259879,-0.947410402108221,0.035450338865305,-0.0008760403538799,0.001280234958905,34.45516666666666,0.1481575935497505,1.9465617207989845,0.5894557978497783,1.2418667918433206,0.0896423510757625,0.1346897940089197,-0.9753935550637528,0,0.05924689591305721,0.9407531040869705
2022-03,2022-03-31,0.3923493045617836,1.653314225904435,-0.2808094196023973,-0.1962156479942159,0.2469480138265365,-0.0004812003854965,-0.0020934210592865,35.46516666666666,0.168038008786563,0.6558746782604521,1.150349380376008,-0.2873954772812097,1.6887370022667982,0.9284492080933,-0.8544473986959894,1,0.8393295581778522,0.16067044182213902
2022-04,2022-04-29,2.5837888074948285,-2.1773399190846683,0.5435670608562679,-0.4896103545118693,-0.448367120245329,-0.0003919775316405,0.0175550189007151,31.604666666666667,0.3337369115922612,2.880674359111058,-1.754381965883599,0.6253428964607912,0.7514515438490051,-2.2004105812100323,-0.7448718297586915,2,0.9858569765338236,0.014143023466157112
2022-05,2022-05-31,0.9289740820211576,0.5019147755010124,1.8536227080972327,-0.7862882949278925,-0.017044862147401,-0.0008194777366577,0.0001670149243272,30.408166666666663,0.503305694365121,0.9284492080933,0.3343768075888141,0.9208229763683788,0.5084880591093566,-0.0348213172603477,-1.076405302975187,2,0.9908639080013568,0.009136091998637906
2022-06,2022-06-30,1.5431002768918505,1.0693884866993404,0.6176970389441852,0.1712216361231678,-0.0555655766488435,0.0004299226205514,-0.0285375825925648,28.29983333333333,0.3766953565263013,1.2975429286165543,0.5198407089408866,0.6132931230857989,1.7098068965379012,-0.2359234601100352,0.631401894239761,1,0.9996042201530319,0.0003957798469549076
2022-07,2022-07-29,0.8299342579314392,-0.755476335316822,-1.0451150557487694,0.241849573005193,-0.1949213353270253,-0.0007275373183769,-0.0025297946495379,28.9271186440678,0.2260511055019235,0.5485222826980981,-0.329121978932261,-0.5369967756627427,1.731664396122245,-0.8122178014999129,-1.1312817861712794,1,0.9997132310827765,0.0002867689171961604
2022-08,2022-08-31,1.2975978297920416,0.5000884531505444,0.6296260009352855,0.6209546648572304,-0.3482477510123575,-0.0006404098841991,0.0054573938878416,31.174166666666668,0.1170562898544413,1.0245923925400984,-0.0846499558450104,0.631401894239761,1.6887370022667982,-1.4508364874126365,-1.1126168608589175,0,0.9999838568169427,1.614318304282945e-05
2022-09,2022-09-30,1.0928692493476908,-0.1039610873900737,-0.4478148874782758,-0.8178876685350779,-0.201331241983229,0.0037854934794818,0.0133219144301044,27.273333333333333,0.2859401626354848,0.7318080838596178,-0.119648113039842,-0.7781036069292223,-0.1296726817827775,-1.007921678555623,2.017428710343189,2,0.8463873688857312,0.15361263111428738
2022-10,2022-10-31,0.994355383016618,1.1038316992286554,0.5831882560412577,0.5298639852443461,0.3326476738210115,-0.0004028197436141,-0.0077414677313881,23.98733333333333,0.4767619465208256,0.4471567246764459,0.771389342081157,0.1547934856797119,1.1126168608589175,1.2975429286165543,-0.8122178014999129,1,0.9984519307863952,0.0015480692135976571
2022-11,2022-11-30,1.2507363696267244,-0.4687517994623587,-1.1196710681934308,1.594779242248708,-0.0385782094464328,-0.0008077544865688,0.0249293368723462,23.753666666666668,0.5177866284373371,0.619306769508776,-0.3238762227687921,-1.6296541958303503,1.7098068965379012,-0.3714297637662403,-1.231184229780557,2,0.978888447530132,0.021111552469881237
2022-12,2022-12-30,0.3695091220594682,1.1082900534515805,1.1289382671357555,1.7492386835606413,-0.0255280437593839,-0.0008470987376518,-0.0002002586041611,23.269333333333336,0.3439011844791375,-0.3607933046946585,1.1034281680166922,0.6374841609623771,1.7098068965379012,-0.2667228754940433,-1.1126168608589175,1,0.9995184001929133,0.00048159980708365954
2023-01,2023-01-31,0.3081761859683879,-1.7791057740114378,0.8460514542030142,0.9553562743142991,0.0919266669696916,0.0004261666376027,0.014074714790436,25.3725,0.227301418769787,-0.5369967756627427,-1.22064034884735,0.5659488219328631,0.819154251121989,0.256429712211035,0.4144133296000765,2,0.9739190354843056,0.02608096451569127
2023-02,2023-02-28,-0.4049869889876328,2.1821251055052926,-2.028828385660645,0.818911737744691,-0.161465666822888,0.0010507513838464,0.0029841476487905,22.664166666666667,0.3111659779988345,-1.884304422782422,1.7543819658835995,-1.754381965883599,0.5894557978497783,-0.8122178014999129,0.8982587491015686,2,0.898145209613873,0.10185479038611679
2023-03,2023-03-31,-0.2424604357859311,-0.3272382975100739,-2.52558444572018,0.8116260617602864,-0.1345875485988903,-0.0004259850969635,0.0070803502817103,23.2175,0.2091205548641084,-1.4229111803109864,-0.3607933046946585,-1.6887370022667976,0.3501975088548713,-0.6073015744849632,-0.6933415430368173,2,0.6257819818975736,0.3742180181024127
2023-04,2023-04-28,0.6848166334482264,-0.290214047902785,-1.034464196828232,1.3086128995999946,0.1816191665299974,-0.0008526967048313,0.0105048425286868,23.917,0.1572189047156586,0.1447343277125641,-0.3238762227687921,-0.3029804480562065,0.7916386077433746,0.9132499266836088,-1.058818295808034,0,0.8485238514404578,0.1514761485595149
2023-05,2023-05-31,0.0291825248311912,0.2441817041651879,0.0727990965632695,1.3397139136361205,0.0297606255278354,0.0006390457135146,0.0006807506685728,24.859,0.1067321492615178,-0.6073015744849632,0.0597170997853228,0.0996339740365976,0.7916386077433746,0.205346281113957,0.7060472885760446,0,0.9778589001164422,0.02214109988356242
2023-06,2023-06-30,-0.2354941679718759,-0.502708983039344,0.8711874812558724,1.628531320120775,0.090190823125293,0.0005941770822463,0.0014026746937772,26.208,0.1411455213711874,-0.8402046515490087,-0.8761428492468408,1.1219004674623525,1.1219004674623525,0.2977774639430346,0.619306769508776,0,0.9915867879390722,0.008413212060947514
2023-07,2023-07-31,-0.4543667455557439,-0.2255514236900266,2.6873719444062507,1.266846369479378,0.2810151724483711,0.0010138132917516,0.0074602475996434,29.39033333333333,0.1052263823582022,-1.0415528300904855,-0.1046334556140754,1.731664396122245,0.0946369815676998,1.058818295808034,0.9753935550637528,0,0.8213599078904568,0.17864009210953566
2023-08,2023-08-31,-0.4655943304753446,1.8803141770144085,3.534328245776838,0.9565600340280792,-0.0692070944853261,-0.0028991529935669,0.0149483285497124,29.7685,0.2710055324359814,-1.0245923925400984,1.150349380376008,1.6887370022667982,-0.1246588315,-0.5141561007445341,-1.4799413890351922,2,0.45110120545333066,0.5488987945466893
2023-09,2023-09-29,-0.0944064196281682,-1.1750249637469676,-0.7162165322787912,1.082291670816164,-0.1717816614573479,0.0,-0.0012167252994857,28.678833333333333,0.3195658757803399,-0.1447343277125641,-1.2747974249655285,-0.3186393639643751,-0.1046334556140754,-0.9438660649065358,-0.0547354755040703,1,0.1541715098030506,0.8458284901969239
2023-10,2023-10-31,0.4139181578435448,-0.6466507214077938,-0.0077213968768945,0.973757997171114,-0.259097285427804,-0.0004885197947667,-0.0326995257996848,24.899,0.3575904897267812,0.798460727542575,-0.9057288940619034,-0.1096355538707661,-0.313411229249894,-1.2747974249655285,-0.6807467554370195,1,0.013540742658527604,0.9864592573414603
2023-11,2023-11-30,-1.0223066156564402,1.1315493581823162,-0.5730689883853974,0.6578487507089941,-0.1915096425455756,0.0008247423147902,-0.0047319382974709,27.899833333333333,0.2479517385943788,-2.880674359111058,0.7916386077433746,-0.313411229249894,-1.7098068965379007,-0.8834667736298784,0.7647096737863871,1,5.743504832802313e-08,0.9999999425649565
2023-12,2023-12-29,-0.9653642681570298,-0.1039438767535915,0.2602583647251058,-0.0230718670189983,-0.1377388527914929,-0.0045286203373248,0.0012990285398935,29.234666666666666,0.1565932693200783,-2.2004105812100323,0.2770443764243974,0.3081916471738646,-1.731664396122245,-0.5141561007445341,-2.514954877802528,0,6.216001348752264e-08,0.9999999378399612
2024-01,2024-01-31,0.0760913376222452,0.4175484271903292,3.3528376097689225,0.4387232524694869,-0.128263889209411,-0.0055186650025974,-0.0138412712437895,29.627,0.1079077623294569,0.8122178014999129,0.5543123797466221,1.1034281680166922,-1.140763739234598,-0.4035985712362548,-2.514954877802528,2,1.0202643674144851e-05,0.9999897973563422
2024-02,2024-02-29,-0.8314276591232639,-0.851059210137911,-2.05737268756807,0.0301340475810148,0.0674936863827877,-0.0002030663018451,0.0032429456566499,31.544666666666668,0.1236902062989399,-1.6111691623526774,-1.2418667918433202,-1.1600419029553108,-1.1999500758833568,0.3081916471738646,-0.3396408857857756,0,1.4198701461447376e-07,0.9999998580129942
2024-03,2024-03-29,-0.6135218688668292,-0.2859001885839751,-0.754985658750104,-0.0740411598323173,-0.0380341608884395,0.0002017145745619,-0.0062211196153268,33.12316666666666,0.1686046927847139,-0.6996802965145729,-0.1346897940089195,-0.8544473986959894,-1.731664396122245,-0.185069398816413,0.0149209600329003,1,2.998887101988246e-08,0.999999970011118
2024-04,2024-04-26,-0.2594361725438123,-0.1440592974719444,-0.8666066602385819,-0.6623228154275419,0.0623799964933045,-0.002167275008503,0.0013313172148207,30.709166666666665,0.3102340145664199,0.0049734893024984,0.0846499558450104,-1.1897949774936984,-1.7780428020381664,0.1346897940089197,-1.542237571895333,2,5.069391584772894e-09,0.9999999949305902
2024-05,2024-05-31,-0.2584083238331363,-0.00216161557922,-0.3621819817562385,-0.014177082063979,0.1640097917807219,0.0,-0.0012810743159296,32.92766666666667,0.155689733825022,0.1447343277125641,0.4748124827500927,-0.1800123697927051,-0.5659488219328631,0.5601211202511553,-0.2822161470625081,2,0.0004606934168006835,0.9995393065832155
2024-06,2024-06-28,-0.8426557287863674,1.147879226007324,0.9585245244051692,-0.3365248884802206,0.1072565484927009,-0.0003927729822686,-0.013054442080508,31.97716666666667,0.1643311937588086,-1.5103568962835032,1.1219004674623525,0.5198407089408866,-1.1999500758833568,0.3501975088548713,-0.6073015744849632,1,6.37813276456466e-06,0.9999936218672378
2024-07,2024-07-31,0.1061440243735382,-0.1842927444340767,-1.069399014087809,-2.0176361608502136,-0.3234211208280543,0.0,-0.0013921664059251,31.737,0.1722261501683178,1.0943317074660934,-0.3501975088548714,-1.231184229780557,-1.6887370022667976,-1.4229111803109864,-0.2308126961135566,1,1.8009346892298663e-07,0.9999998199065365
2024-08,2024-08-30,-0.4182403134378099,0.2061199653284819,0.1477811433647692,-0.3796022292497857,0.4081565082808917,0.0006033182686773,0.0017146885708491,32.644333333333336,0.2573318000692105,-0.2155159481540885,0.497200570681554,0.5084880591093566,-0.8053202128239452,1.9465617207989845,0.4144133296000765,2,0.0004168907912313599,0.9995831092087876
2024-09,2024-09-30,-0.9108677237073892,-0.3327366188876942,0.3531297033549799,-0.987672033666032,-0.1776615766831473,-0.0010161569820626,0.0001890573093639,32.983333333333334,0.1048306510482724,-1.6111691623526774,-0.8402046515490087,0.8261303396205314,-1.1312817861712794,-0.6193067695087762,-0.8761428492468408,0,8.4090143101132e-06,0.9999915909857002
2024-10,2024-10-31,-0.0016878549204285,-0.7392251970904001,0.0043985296916857,-0.9220938541554892,-0.0624515315743308,-0.0005931784652426,0.0017824206691601,32.3615,0.0853701293772457,0.6682590406260539,-1.231184229780557,0.1046334556140752,-0.798460727542575,-0.1046334556140754,-0.5717958082148739,0,5.831410379021707e-05,0.9999416858961798
2024-11,2024-11-29,-0.7589008036469678,1.8474369659713727,0.0043985296915911,-0.9107586948285912,0.1913655074531867,-0.0006701752561951,0.006395429190262,32.076,0.1361075520981053,-0.8834667736298784,1.731664396122245,-0.1146403968396904,-0.5255421656079394,0.9753935550637528,-0.7448718297586915,0,0.0036211396661751188,0.9963788603337874
2024-12,2024-12-31,0.0460548998396302,-1.7896322414926735,0.0043985296915911,-0.8829130033799439,0.1459787468921745,0.0012175724683234,-0.0049090227177126,32.734,0.1300128669738424,0.6933415430368173,-1.7098068965379007,-0.0348213172603477,-0.2925825285624372,0.6435901028002178,0.9753935550637528,2,0.0001864845182199818,0.9998135154817844
2025-01,2025-01-24,-0.5845705982122825,-1.160429779679789,0.0043985296915911,-1.9195737160864104,-0.1709168402131002,0.0011968882338461,0.0042247178626302,32.48166666666667,0.1367007420869324,-0.5255421656079394,-1.1698446487773888,0.0497552092082981,-1.150349380376008,-0.8688656221847793,0.9915264746773306,0,4.695907490181088e-06,0.9999953040925202
2025-02,2025-02-28,0.4236239782739012,1.62532764242717,0.0043985296915911,-0.438046871721822,0.3345559675197294,-0.0005876016230181,-0.0011928295640049,33.901,0.0955514561958937,1.2102304517744074,1.1600419029553108,0.0198951875980795,0.2822161470625082,1.4229111803109868,-0.6193067695087762,2,0.46211832075476617,0.5378816792451884
2025-03,2025-03-31,0.2215628800357047,-0.933108825154008,0.0043985296916857,-1.5572209875604766,0.2248973563005083,-0.0003913128596205,-0.0069439189166773,32.90866666666667,0.091735218314238,0.7318080838596178,-0.8544473986959894,0.4416670471580577,-0.8402046515490087,0.9284492080933,-0.4035985712362548,2,0.0017242799332340016,0.998275720066803
2025-04,2025-04-29,-0.1213894962830531,-0.058878497838367,0.0043985296915911,-1.2567877208704177,-0.3316315624368787,-0.0018850146957713,0.0017838014425894,30.225166666666667,0.5427086796076254,0.1346897940089197,0.109635553870766,-0.2925825285624372,-0.5776624083836064,-1.4508364874126365,-1.320980289312633,2,0.0005584562819575045,0.9994415437179988
2025-05,2025-05-30,0.3265172827503852,-0.095610878190582,0.0043985296915911,-0.5290941926340353,-0.2578964705394849,0.0017710704202047,-0.0097432345242498,32.5285,0.1344398302740216,0.5485222826980981,0.0896423510757625,-0.3982089211336604,0.5198407089408866,-1.1312817861712794,1.252692983912039,2,0.5180242964592241,0.4819757035407943
2025-06,2025-06-30,-0.7274144909393279,0.2503276205488954,0.0043985296915911,-1.6927691947057075,-0.1050727972160581,-0.0003832151800106,0.0098252326299888,34.46183333333333,0.1230165097760903,-1.1126168608589175,0.7848531344464361,-0.329121978932261,-0.8402046515490087,-0.256429712211035,-0.3928308136497295,0,0.002221381656729922,0.9977786183433123
2025-07,2025-07-31,-0.8899037376906592,-1.1611721815069505,0.0043985296915911,0.1554225364761373,-0.0528632052764333,0.000190857906868,0.0050692092352322,37.628,0.2292130638187373,-1.6487134702908517,-1.1126168608589175,-0.4198388599048764,1.6887370022667982,-0.0647002064910026,0.0447761766955163,2,0.37316791628950796,0.626832083710535
2025-08,2025-08-29,-0.6182242877590891,0.3596892611515987,0.0043985296915911,-0.738758607817827,0.1434280389970628,-0.0005309667512008,0.0011583623610783,40.5735,0.2297846777092185,-0.7580639523332425,0.8261303396205314,-0.3396408857857756,0.5028363067094417,0.6435901028002178,-0.6314018942397609,2,0.4960215256032807,0.5039784743967154
2025-09,2025-09-30,-0.6379882670252097,0.1505166714971846,0.0043985296915911,-0.4629176161242198,0.2811644871363097,0.0010985057639815,-0.0097773984468667,39.876333333333335,0.2031696457160568,-0.7060472885760446,0.3343768075888141,-0.2359234601100352,0.8053202128239452,1.1897949774936984,0.6807467554370195,1,0.9755328015742075,0.024467198425842395
2025-10,2025-10-31,-0.1356311803260986,0.7268048040560373,0.0043985296915911,1.3476262823021012,0.0995119551631359,-0.0007597341296103,-0.0084301227305634,39.88916666666667,0.2927999947160344,0.1547934856797119,0.8122178014999129,-0.119648113039842,1.6887370022667982,0.2667228754940432,-0.9132499266836088,1,0.9972731005291547,0.002726899470883873
2025-11,2025-11-28,-0.7688876918813227,-1.5968350789170789,0.0043985296916857,-0.5897890949069438,0.0246506283496359,0.0008345662636817,-0.0042896543416764,39.347166666666666,0.2235925333736749,-1.1312817861712794,-1.140763739234598,1.3960534082549896,0.0996339740365976,-0.0746713662454842,0.7060472885760446,1,0.8282468682822447,0.1717531317177591
2025-12,2025-12-31,-0.7527824708791849,0.0310539168711298,0.0043985296915911,-0.4925156215884759,-0.0513020822420408,-0.0007623404219022,-0.0058198563919701,39.9775,0.205312959913835,-0.9915264746773306,0.0946369815676998,-0.2053462811139569,0.2873954772812098,-0.2873954772812097,-0.9132499266836088,1,0.9190453080898139,0.0809546919101683
2026-01,2026-01-30,-0.7633297193409867,1.0473290875964854,0.0043985296915911,0.8837338342318702,-0.2934308087559569,-0.0026938634724616,0.009576933833635,42.152,0.1874249519792786,-0.9132499266836088,1.1797611176118612,-0.2053462811139569,1.1219004674623525,-1.1698446487773888,-1.884304422782422,2,0.9991067050289736,0.0008932949710501892
2026-02,2026-02-27,-0.0725152954742468,-0.5282419953892107,0.0043985296914965,0.3204768010651214,0.0820618558267962,-0.0026472804119216,-0.0038629813404685,43.05333333333333,0.2011894898211761,0.329121978932261,-0.5717958082148739,-1.884304422782422,0.8402046515490088,0.4144133296000765,-1.884304422782422,1,0.40160533669237874,0.5983946633076719
2026-03,2026-03-31,1.5971018183968209,-0.4266668841220736,0.0043985296916857,0.5213677209350452,-0.3001089631966752,0.0005697464782361,0.0051777553463014,39.39683333333333,0.3720563264387733,1.6111691623526765,-0.554312379746622,1.332975991985993,0.7916386077433746,-1.1126168608589175,0.4915805825078687,2,0.9827207154570129,0.017279284542999776
2026-04,2026-04-29,-0.5635463972756981,-0.7419900609707406,0.0043985296914965,1.0658130920580604,-0.1865614575906414,-0.0007593014791532,0.0066132702310137,40.416,0.1951899402598615,-0.4361906478765538,-0.8053202128239452,-1.4799413890351922,1.1219004674623525,-0.7448718297586915,-0.771389342081157,2,0.9839465585048184,0.01605344149518284
