date,user_tier,capital_tier,ticker,action,shares,price,total_cost,buy_factor_pct
05/01/2017,50M,50000000,BSI,BUY,100,4730.0,473000.0,51.2
05/01/2017,50M,50000000,DGW,BUY,100,2790.0,279000.0,22.0
05/01/2017,50M,50000000,EIB,BUY,200,6210.0,1242000.0,58.9
05/01/2017,50M,50000000,HAG,BUY,100,5400.0,540000.0,54.1
05/01/2017,50M,50000000,HDC,BUY,700,2120.0,1484000.0,71.4
05/01/2017,50M,50000000,IMP,BUY,100,11850.0,1185000.0,33.8
05/01/2017,50M,50000000,PDR,BUY,100,3180.0,318000.0,15.9
05/01/2017,50M,50000000,SJS,BUY,100,7130.0,713000.0,52.0
05/01/2017,50M,50000000,TCH,BUY,200,7640.0,1528000.0,43.6
05/01/2017,50M,50000000,VGC,BUY,100,9910.0,991000.0,64.8
05/01/2017,50M,50000000,VIC,BUY,200,15540.0,3108000.0,64.5
05/01/2017,50M,50000000,VIX,BUY,700,870.0,609000.0,55.9
05/01/2017,100M,100000000,DBC,BUY,200,6720.0,1344000.0,76.6
05/01/2017,100M,100000000,DGW,BUY,400,2790.0,1116000.0,26.9
05/01/2017,100M,100000000,HAG,BUY,100,5400.0,540000.0,48.3
05/01/2017,100M,100000000,HDC,BUY,1300,2120.0,2756000.0,64.6
05/01/2017,100M,100000000,HDG,BUY,200,4200.0,840000.0,58.4
05/01/2017,100M,100000000,IMP,BUY,300,11850.0,3555000.0,42.9
05/01/2017,100M,100000000,KDC,BUY,100,27010.0,2701000.0,77.8
05/01/2017,100M,100000000,KDH,BUY,100,6770.0,677000.0,30.3
05/01/2017,100M,100000000,MBB,BUY,300,2580.0,774000.0,44.2
05/01/2017,100M,100000000,NLG,BUY,100,9850.0,985000.0,66.4
05/01/2017,100M,100000000,PDR,BUY,1000,3180.0,3180000.0,68.9
05/01/2017,100M,100000000,SJS,BUY,200,7130.0,1426000.0,46.2
05/01/2017,100M,100000000,TCH,BUY,500,7640.0,3820000.0,56.4
05/01/2017,100M,100000000,VGC,BUY,100,9910.0,991000.0,23.2
05/01/2017,100M,100000000,VIC,BUY,100,15540.0,1554000.0,18.6
05/01/2017,100M,100000000,VIX,BUY,100,870.0,87000.0,8.1
05/01/2017,250M,250000000,BSI,BUY,200,4730.0,946000.0,29.2
05/01/2017,250M,250000000,DBC,BUY,100,6720.0,672000.0,16.8
05/01/2017,250M,250000000,DGW,BUY,800,2790.0,2232000.0,21.4
05/01/2017,250M,250000000,DXG,BUY,900,4180.0,3762000.0,74.9
05/01/2017,250M,250000000,EIB,BUY,800,6210.0,4968000.0,51.8
05/01/2017,250M,250000000,GAS,BUY,100,33220.0,3322000.0,48.7
05/01/2017,250M,250000000,HAG,BUY,100,5400.0,540000.0,13.7
05/01/2017,250M,250000000,HDC,BUY,2900,2120.0,6148000.0,58.3
05/01/2017,250M,250000000,HDG,BUY,100,4200.0,420000.0,13.1
05/01/2017,250M,250000000,IMP,BUY,600,11850.0,7110000.0,30.4
05/01/2017,250M,250000000,KDC,BUY,300,27010.0,8103000.0,79.2
05/01/2017,250M,250000000,KDH,BUY,600,6770.0,4062000.0,51.2
05/01/2017,250M,250000000,MBB,BUY,700,2580.0,1806000.0,44.6
05/01/2017,250M,250000000,NLG,BUY,300,9850.0,2955000.0,54.8
05/01/2017,250M,250000000,NT2,BUY,200,12200.0,2440000.0,67.4
05/01/2017,250M,250000000,PDR,BUY,2200,3180.0,6996000.0,62.1
05/01/2017,250M,250000000,SJS,BUY,200,7130.0,1426000.0,18.3
05/01/2017,250M,250000000,VCB,BUY,100,15380.0,1538000.0,25.2
05/01/2017,250M,250000000,VGC,BUY,200,9910.0,1982000.0,16.9
05/01/2017,250M,250000000,VHC,BUY,600,18560.0,11136000.0,75.4
05/01/2017,250M,250000000,VIC,BUY,1400,15540.0,21756000.0,70.1
05/01/2017,250M,250000000,VIX,BUY,1300,870.0,1131000.0,25.2
05/01/2017,250M,250000000,VND,BUY,100,1820.0,182000.0,52.4
05/01/2017,500M,500000000,BSI,BUY,1300,4730.0,6149000.0,73.2
05/01/2017,500M,500000000,DBC,BUY,500,6720.0,3360000.0,44.9
05/01/2017,500M,500000000,DGW,BUY,1600,2790.0,4464000.0,21.0
05/01/2017,500M,500000000,DXG,BUY,1100,4180.0,4598000.0,46.8
05/01/2017,500M,500000000,EIB,BUY,2400,6210.0,14904000.0,71.8
05/01/2017,500M,500000000,GAS,BUY,200,33220.0,6644000.0,32.0
05/01/2017,500M,500000000,HAG,BUY,300,5400.0,1620000.0,17.5
05/01/2017,500M,500000000,HDC,BUY,8000,2120.0,16960000.0,79.8
05/01/2017,500M,500000000,HDG,BUY,600,4200.0,2520000.0,40.8
05/01/2017,500M,500000000,IMP,BUY,200,11850.0,2370000.0,7.3
05/01/2017,500M,500000000,KDH,BUY,200,6770.0,1354000.0,8.8
05/01/2017,500M,500000000,MBB,BUY,1600,2580.0,4128000.0,50.2
05/01/2017,500M,500000000,NLG,BUY,800,9850.0,7880000.0,63.4
05/01/2017,500M,500000000,NT2,BUY,100,12200.0,1220000.0,33.8
05/01/2017,500M,500000000,PDR,BUY,300,3180.0,954000.0,5.1
05/01/2017,500M,500000000,SJS,BUY,700,7130.0,4991000.0,30.5
05/01/2017,500M,500000000,TCH,BUY,3400,7640.0,25976000.0,79.7
05/01/2017,500M,500000000,VCB,BUY,500,15380.0,7690000.0,42.3
05/01/2017,500M,500000000,VCG,BUY,300,6530.0,1959000.0,77.7
05/01/2017,500M,500000000,VGC,BUY,1800,9910.0,17838000.0,68.9
05/01/2017,500M,500000000,VIC,BUY,2200,15540.0,34188000.0,57.7
05/01/2017,500M,500000000,VIX,BUY,5800,870.0,5046000.0,54.5
05/01/2017,500M,500000000,VND,BUY,200,1820.0,364000.0,43.0
12/01/2017,50M,50000000,BSI,BUY,100,4910.0,491000.0,51.3
12/01/2017,50M,50000000,DGW,BUY,200,2750.0,550000.0,34.8
12/01/2017,50M,50000000,EIB,BUY,200,6240.0,1248000.0,76.3
12/01/2017,50M,50000000,HAG,BUY,100,5210.0,521000.0,70.1
12/01/2017,50M,50000000,HDC,BUY,100,2220.0,222000.0,21.1
12/01/2017,50M,50000000,KDH,BUY,100,6910.0,691000.0,73.0
12/01/2017,50M,50000000,MBB,BUY,200,2640.0,528000.0,69.6
12/01/2017,50M,50000000,PDR,BUY,300,3200.0,960000.0,51.1
12/01/2017,50M,50000000,VHC,BUY,100,18370.0,1837000.0,62.3
12/01/2017,50M,50000000,VIC,BUY,100,15800.0,1580000.0,42.4
12/01/2017,100M,100000000,BSI,BUY,200,4910.0,982000.0,74.3
12/01/2017,100M,100000000,DBC,BUY,100,6630.0,663000.0,70.3
12/01/2017,100M,100000000,DGW,BUY,700,2750.0,1925000.0,66.5
12/01/2017,100M,100000000,HAG,BUY,200,5210.0,1042000.0,75.8
12/01/2017,100M,100000000,KDH,BUY,200,6910.0,1382000.0,61.3
12/01/2017,100M,100000000,PDR,BUY,400,3200.0,1280000.0,44.0
12/01/2017,100M,100000000,TCH,BUY,400,7530.0,3012000.0,69.8
12/01/2017,100M,100000000,VGC,BUY,100,9710.0,971000.0,43.1
12/01/2017,100M,100000000,VHC,BUY,100,18370.0,1837000.0,58.4
12/01/2017,100M,100000000,VIX,BUY,400,870.0,348000.0,24.9
12/01/2017,100M,100000000,VND,BUY,200,1800.0,360000.0,79.6
12/01/2017,250M,250000000,BSI,BUY,100,4910.0,491000.0,35.0
12/01/2017,250M,250000000,DBC,BUY,200,6630.0,1326000.0,41.4
12/01/2017,250M,250000000,DGW,BUY,200,2750.0,550000.0,9.7
12/01/2017,250M,250000000,DXG,BUY,100,4210.0,421000.0,18.0
12/01/2017,250M,250000000,EIB,BUY,200,6240.0,1248000.0,27.0
12/01/2017,250M,250000000,GAS,BUY,100,32680.0,3268000.0,47.1
12/01/2017,250M,250000000,HAG,BUY,100,5210.0,521000.0,18.4
12/01/2017,250M,250000000,HDC,BUY,500,2220.0,1110000.0,17.6
12/01/2017,250M,250000000,IMP,BUY,600,11620.0,6972000.0,50.5
12/01/2017,250M,250000000,KDH,BUY,600,6910.0,4146000.0,72.4
12/01/2017,250M,250000000,MBB,BUY,600,2640.0,1584000.0,68.8
12/01/2017,250M,250000000,PDR,BUY,1100,3200.0,3520000.0,53.5
12/01/2017,250M,250000000,SJS,BUY,100,7230.0,723000.0,17.1
12/01/2017,250M,250000000,TCH,BUY,100,7530.0,753000.0,10.6
12/01/2017,250M,250000000,VCB,BUY,200,15690.0,3138000.0,74.8
12/01/2017,250M,250000000,VGC,BUY,300,9710.0,2913000.0,37.8
12/01/2017,250M,250000000,VHC,BUY,300,18370.0,5511000.0,62.8
12/01/2017,250M,250000000,VIC,BUY,700,15800.0,11060000.0,64.6
12/01/2017,250M,250000000,VIX,BUY,500,870.0,435000.0,15.2
12/01/2017,500M,500000000,BSI,BUY,300,4910.0,1473000.0,33.9
12/01/2017,500M,500000000,DBC,BUY,400,6630.0,2652000.0,53.9
12/01/2017,500M,500000000,DGW,BUY,3800,2750.0,10450000.0,78.7
12/01/2017,500M,500000000,DXG,BUY,100,4210.0,421000.0,7.9
12/01/2017,500M,500000000,EIB,BUY,600,6240.0,3744000.0,32.2
12/01/2017,500M,500000000,GAS,BUY,100,32680.0,3268000.0,27.1
12/01/2017,500M,500000000,HAG,BUY,800,5210.0,4168000.0,68.9
12/01/2017,500M,500000000,HDC,BUY,1100,2220.0,2442000.0,19.9
12/01/2017,500M,500000000,HDG,BUY,100,4330.0,433000.0,15.2
12/01/2017,500M,500000000,IMP,BUY,900,11620.0,10458000.0,35.9
12/01/2017,500M,500000000,KDC,BUY,200,27010.0,5402000.0,33.8
12/01/2017,500M,500000000,KDH,BUY,300,6910.0,2073000.0,22.3
12/01/2017,500M,500000000,MBB,BUY,300,2640.0,792000.0,20.0
12/01/2017,500M,500000000,NLG,BUY,500,9960.0,4980000.0,73.9
12/01/2017,500M,500000000,NT2,BUY,100,12780.0,1278000.0,35.5
12/01/2017,500M,500000000,PDR,BUY,3100,3200.0,9920000.0,68.9
12/01/2017,500M,500000000,SJS,BUY,600,7230.0,4338000.0,44.0
12/01/2017,500M,500000000,TCH,BUY,100,7530.0,753000.0,4.0
12/01/2017,500M,500000000,VCB,BUY,600,15690.0,9414000.0,79.9
12/01/2017,500M,500000000,VCG,BUY,200,6530.0,1306000.0,66.9
12/01/2017,500M,500000000,VGC,BUY,1300,9710.0,12623000.0,77.5
12/01/2017,500M,500000000,VHC,BUY,800,18370.0,14696000.0,74.1
12/01/2017,500M,500000000,VIC,BUY,1600,15800.0,25280000.0,67.9
12/01/2017,500M,500000000,VIX,BUY,800,870.0,696000.0,13.3
12/01/2017,500M,500000000,VND,BUY,300,1800.0,540000.0,38.9
19/01/2017,50M,50000000,DGW,BUY,100,2850.0,285000.0,30.3
19/01/2017,50M,50000000,DXG,BUY,100,4260.0,426000.0,78.8
19/01/2017,50M,50000000,HAG,BUY,100,4970.0,497000.0,62.7
19/01/2017,50M,50000000,HDC,BUY,200,2210.0,442000.0,36.4
19/01/2017,50M,50000000,IMP,BUY,200,11850.0,2370000.0,76.6
19/01/2017,50M,50000000,KDH,BUY,100,6870.0,687000.0,79.6
19/01/2017,50M,50000000,PDR,BUY,200,3210.0,642000.0,57.5
19/01/2017,50M,50000000,VIC,BUY,100,15430.0,1543000.0,59.8
19/01/2017,100M,100000000,BSI,BUY,100,4820.0,482000.0,40.2
19/01/2017,100M,100000000,DBC,BUY,100,6020.0,602000.0,68.2
19/01/2017,100M,100000000,DGW,BUY,100,2850.0,285000.0,12.6
19/01/2017,100M,100000000,DXG,BUY,200,4260.0,852000.0,76.9
19/01/2017,100M,100000000,HDC,BUY,500,2210.0,1105000.0,47.6
19/01/2017,100M,100000000,HDG,BUY,100,4200.0,420000.0,54.0
19/01/2017,100M,100000000,KDH,BUY,200,6870.0,1374000.0,71.2
19/01/2017,100M,100000000,PDR,BUY,400,3210.0,1284000.0,49.6
19/01/2017,100M,100000000,SJS,BUY,100,6620.0,662000.0,33.5
19/01/2017,100M,100000000,TCH,BUY,200,7020.0,1404000.0,46.7
19/01/2017,100M,100000000,VGC,BUY,200,9710.0,1942000.0,74.8
19/01/2017,100M,100000000,VIC,BUY,200,15430.0,3086000.0,57.3
19/01/2017,100M,100000000,VIX,BUY,200,920.0,184000.0,19.1
19/01/2017,250M,250000000,BSI,BUY,200,4820.0,964000.0,53.7
19/01/2017,250M,250000000,DGW,BUY,400,2850.0,1140000.0,25.3
19/01/2017,250M,250000000,DXG,BUY,300,4260.0,1278000.0,60.1
19/01/2017,250M,250000000,HAG,BUY,300,4970.0,1491000.0,79.9
19/01/2017,250M,250000000,HDC,BUY,1500,2210.0,3315000.0,79.7
19/01/2017,250M,250000000,IMP,BUY,100,11850.0,1185000.0,17.1
19/01/2017,250M,250000000,KDH,BUY,400,6870.0,2748000.0,74.7
19/01/2017,250M,250000000,MBB,BUY,400,2650.0,1060000.0,70.5
19/01/2017,250M,250000000,NLG,BUY,200,10020.0,2004000.0,70.3
19/01/2017,250M,250000000,PDR,BUY,400,3210.0,1284000.0,29.6
19/01/2017,250M,250000000,TCH,BUY,600,7020.0,4212000.0,66.7
19/01/2017,250M,250000000,VCB,BUY,100,15730.0,1573000.0,56.3
19/01/2017,250M,250000000,VGC,BUY,200,9710.0,1942000.0,48.9
19/01/2017,250M,250000000,VHC,BUY,300,18150.0,5445000.0,79.0
19/01/2017,250M,250000000,VIC,BUY,400,15430.0,6172000.0,52.3
19/01/2017,250M,250000000,VND,BUY,100,1750.0,175000.0,65.4
19/01/2017,500M,500000000,BSI,BUY,300,4820.0,1446000.0,53.1
19/01/2017,500M,500000000,DGW,BUY,200,2850.0,570000.0,9.2
19/01/2017,500M,500000000,EIB,BUY,500,6210.0,3105000.0,44.3
19/01/2017,500M,500000000,HAG,BUY,400,4970.0,1988000.0,48.4
19/01/2017,500M,500000000,HDC,BUY,2000,2210.0,4420000.0,57.4
19/01/2017,500M,500000000,IMP,BUY,800,11850.0,9480000.0,50.7
19/01/2017,500M,500000000,KDH,BUY,300,6870.0,2061000.0,39.1
19/01/2017,500M,500000000,MBB,BUY,900,2650.0,2385000.0,72.4
19/01/2017,500M,500000000,NLG,BUY,200,10020.0,2004000.0,67.7
19/01/2017,500M,500000000,PDR,BUY,900,3210.0,2889000.0,33.9
19/01/2017,500M,500000000,SJS,BUY,100,6620.0,662000.0,22.1
19/01/2017,500M,500000000,VCB,BUY,300,15730.0,4719000.0,61.7
19/01/2017,500M,500000000,VCG,BUY,100,6210.0,621000.0,51.0
19/01/2017,500M,500000000,VGC,BUY,200,9710.0,1942000.0,21.0
19/01/2017,500M,500000000,VHC,BUY,400,18150.0,7260000.0,59.3
19/01/2017,500M,500000000,VIC,BUY,600,15430.0,9258000.0,44.1
19/01/2017,500M,500000000,VIX,BUY,1300,920.0,1196000.0,34.2
02/02/2017,50M,50000000,DGW,BUY,100,2740.0,274000.0,43.6
02/02/2017,50M,50000000,IMP,BUY,100,12410.0,1241000.0,71.9
02/02/2017,50M,50000000,KDH,BUY,100,6910.0,691000.0,63.7
02/02/2017,50M,50000000,MBB,BUY,100,2710.0,271000.0,68.9
02/02/2017,50M,50000000,PDR,BUY,200,3380.0,676000.0,71.9
02/02/2017,50M,50000000,VIC,BUY,100,15610.0,1561000.0,70.7
02/02/2017,50M,50000000,VIX,BUY,100,990.0,99000.0,32.5
02/02/2017,100M,100000000,DBC,BUY,100,6020.0,602000.0,74.4
02/02/2017,100M,100000000,DGW,BUY,500,2740.0,1370000.0,69.2
02/02/2017,100M,100000000,DXG,BUY,100,4700.0,470000.0,78.1
02/02/2017,100M,100000000,EIB,BUY,100,6660.0,666000.0,64.9
02/02/2017,100M,100000000,HAG,BUY,100,5990.0,599000.0,70.5
02/02/2017,100M,100000000,HDG,BUY,100,4310.0,431000.0,58.9
02/02/2017,100M,100000000,IMP,BUY,100,12410.0,1241000.0,26.6
02/02/2017,100M,100000000,KDH,BUY,200,6910.0,1382000.0,74.5
02/02/2017,100M,100000000,MBB,BUY,100,2710.0,271000.0,64.2
02/02/2017,100M,100000000,NLG,BUY,100,9930.0,993000.0,69.1
02/02/2017,100M,100000000,PDR,BUY,300,3380.0,1014000.0,64.9
02/02/2017,100M,100000000,TCH,BUY,200,7490.0,1498000.0,63.0
02/02/2017,100M,100000000,VGC,BUY,200,10300.0,2060000.0,69.8
02/02/2017,100M,100000000,VHC,BUY,100,17830.0,1783000.0,68.7
02/02/2017,100M,100000000,VIX,BUY,600,990.0,594000.0,65.3
02/02/2017,250M,250000000,EIB,BUY,100,6660.0,666000.0,26.3
02/02/2017,250M,250000000,HAG,BUY,200,5990.0,1198000.0,69.1
02/02/2017,250M,250000000,HDC,BUY,1000,2220.0,2220000.0,77.4
02/02/2017,250M,250000000,IMP,BUY,300,12410.0,3723000.0,51.3
02/02/2017,250M,250000000,KDH,BUY,300,6910.0,2073000.0,78.5
02/02/2017,250M,250000000,MBB,BUY,100,2710.0,271000.0,42.9
02/02/2017,250M,250000000,NLG,BUY,100,9930.0,993000.0,75.1
02/02/2017,250M,250000000,PDR,BUY,600,3380.0,2028000.0,77.6
02/02/2017,250M,250000000,TCH,BUY,400,7490.0,2996000.0,77.0
02/02/2017,250M,250000000,VGC,BUY,100,10300.0,1030000.0,34.8
02/02/2017,250M,250000000,VHC,BUY,100,17830.0,1783000.0,58.3
02/02/2017,250M,250000000,VIC,BUY,100,15610.0,1561000.0,25.1
02/02/2017,250M,250000000,VIX,BUY,700,990.0,693000.0,48.5
02/02/2017,500M,500000000,BSI,BUY,100,5270.0,527000.0,30.8
02/02/2017,500M,500000000,DGW,BUY,1100,2740.0,3014000.0,56.7
02/02/2017,500M,500000000,EIB,BUY,600,6660.0,3996000.0,74.0
02/02/2017,500M,500000000,HAG,BUY,200,5990.0,1198000.0,57.6
02/02/2017,500M,500000000,HDC,BUY,1600,2220.0,3552000.0,59.4
02/02/2017,500M,500000000,HDG,BUY,100,4310.0,431000.0,53.7
02/02/2017,500M,500000000,IMP,BUY,300,12410.0,3723000.0,29.1
02/02/2017,500M,500000000,KDH,BUY,300,6910.0,2073000.0,53.1
02/02/2017,500M,500000000,MBB,BUY,200,2710.0,542000.0,26.4
02/02/2017,500M,500000000,NLG,BUY,100,9930.0,993000.0,25.1
02/02/2017,500M,500000000,PDR,BUY,1000,3380.0,3380000.0,57.6
02/02/2017,500M,500000000,SJS,BUY,100,7160.0,716000.0,24.0
02/02/2017,500M,500000000,TCH,BUY,200,7490.0,1498000.0,24.7
02/02/2017,500M,500000000,VCB,BUY,100,16329.999999999998,1632999.9999999998,32.7
02/02/2017,500M,500000000,VGC,BUY,100,10300.0,1030000.0,23.7
02/02/2017,500M,500000000,VIC,BUY,300,15610.0,4683000.0,33.6
02/02/2017,500M,500000000,VIX,BUY,1800,990.0,1782000.0,75.2
02/02/2017,500M,500000000,VND,BUY,100,1670.0,167000.0,54.2
09/02/2017,50M,50000000,DGW,BUY,100,2640.0,264000.0,49.2
09/02/2017,50M,50000000,PDR,BUY,100,3430.0,343000.0,52.4
09/02/2017,50M,50000000,VIC,BUY,100,15670.0,1567000.0,72.1
09/02/2017,50M,50000000,VIX,BUY,300,950.0,285000.0,63.7
09/02/2017,100M,100000000,DGW,BUY,300,2640.0,792000.0,50.6
09/02/2017,100M,100000000,EIB,BUY,100,6890.0,689000.0,65.5
09/02/2017,100M,100000000,HAG,BUY,100,5950.0,595000.0,60.1
09/02/2017,100M,100000000,HDC,BUY,300,2200.0,660000.0,53.8
09/02/2017,100M,100000000,PDR,BUY,100,3430.0,343000.0,38.0
09/02/2017,100M,100000000,SJS,BUY,100,7020.0,702000.0,68.0
09/02/2017,100M,100000000,VHC,BUY,100,16970.0,1697000.0,50.4
09/02/2017,100M,100000000,VIX,BUY,300,950.0,285000.0,55.7
09/02/2017,250M,250000000,DBC,BUY,100,6130.0,613000.0,52.5
09/02/2017,250M,250000000,DXG,BUY,100,4740.0,474000.0,60.1
09/02/2017,250M,250000000,EIB,BUY,100,6890.0,689000.0,61.6
09/02/2017,250M,250000000,HDC,BUY,300,2200.0,660000.0,34.0
09/02/2017,250M,250000000,IMP,BUY,300,13390.0,4017000.0,76.6
09/02/2017,250M,250000000,KDH,BUY,100,6840.0,684000.0,41.4
09/02/2017,250M,250000000,PDR,BUY,400,3430.0,1372000.0,67.9
09/02/2017,250M,250000000,SJS,BUY,100,7020.0,702000.0,36.5
09/02/2017,250M,250000000,TCH,BUY,300,7260.0,2178000.0,64.1
09/02/2017,250M,250000000,VCB,BUY,100,16430.0,1643000.0,53.4
09/02/2017,250M,250000000,VGC,BUY,200,10170.0,2034000.0,79.0
09/02/2017,250M,250000000,VIC,BUY,300,15670.0,4701000.0,76.0
09/02/2017,250M,250000000,VIX,BUY,700,950.0,665000.0,71.3
09/02/2017,500M,500000000,BSI,BUY,100,4950.0,495000.0,49.0
09/02/2017,500M,500000000,DBC,BUY,100,6130.0,613000.0,40.4
09/02/2017,500M,500000000,DGW,BUY,1100,2640.0,2904000.0,66.4
09/02/2017,500M,500000000,DXG,BUY,200,4740.0,948000.0,43.8
09/02/2017,500M,500000000,EIB,BUY,500,6890.0,3445000.0,71.8
09/02/2017,500M,500000000,HAG,BUY,100,5950.0,595000.0,38.0
09/02/2017,500M,500000000,HDC,BUY,300,2200.0,660000.0,20.7
09/02/2017,500M,500000000,IMP,BUY,300,13390.0,4017000.0,51.0
09/02/2017,500M,500000000,KDC,BUY,100,28810.0,2881000.0,61.3
09/02/2017,500M,500000000,KDH,BUY,200,6840.0,1368000.0,41.7
09/02/2017,500M,500000000,MBB,BUY,300,2720.0,816000.0,50.1
09/02/2017,500M,500000000,SJS,BUY,100,7020.0,702000.0,22.9
09/02/2017,500M,500000000,TCH,BUY,100,7260.0,726000.0,21.7
09/02/2017,500M,500000000,VIC,BUY,400,15670.0,6268000.0,55.5
09/02/2017,500M,500000000,VIX,BUY,1000,950.0,950000.0,56.5
16/02/2017,50M,50000000,HDC,BUY,200,2180.0,436000.0,72.4
16/02/2017,50M,50000000,PDR,BUY,100,3430.0,343000.0,61.2
16/02/2017,50M,50000000,VIC,BUY,100,16160.0,1616000.0,60.3
16/02/2017,50M,50000000,VIX,BUY,200,920.0,184000.0,68.3
16/02/2017,100M,100000000,DGW,BUY,200,2680.0,536000.0,43.7
16/02/2017,100M,100000000,HDC,BUY,100,2180.0,218000.0,34.9
16/02/2017,100M,100000000,KDH,BUY,100,7500.0,750000.0,54.3
16/02/2017,250M,250000000,HDC,BUY,400,2180.0,872000.0,60.9
16/02/2017,250M,250000000,KDH,BUY,100,7500.0,750000.0,60.2
16/02/2017,250M,250000000,MBB,BUY,100,2790.0,279000.0,66.6
16/02/2017,250M,250000000,TCH,BUY,100,7690.0,769000.0,43.2
16/02/2017,250M,250000000,VGC,BUY,100,10100.0,1010000.0,80.0
16/02/2017,250M,250000000,VIC,BUY,100,16160.0,1616000.0,52.0
16/02/2017,250M,250000000,VIX,BUY,400,920.0,368000.0,62.5
16/02/2017,500M,500000000,BSI,BUY,100,5290.0,529000.0,60.3
16/02/2017,500M,500000000,DBC,BUY,100,6020.0,602000.0,76.0
16/02/2017,500M,500000000,DGW,BUY,100,2680.0,268000.0,15.9
16/02/2017,500M,500000000,HAG,BUY,100,7050.0,705000.0,53.6
16/02/2017,500M,500000000,HDC,BUY,600,2180.0,1308000.0,45.1
16/02/2017,500M,500000000,IMP,BUY,300,13100.0,3930000.0,56.0
16/02/2017,500M,500000000,MBB,BUY,200,2790.0,558000.0,48.6
16/02/2017,500M,500000000,NLG,BUY,100,10130.0,1013000.0,59.8
16/02/2017,500M,500000000,SJS,BUY,200,7240.0,1448000.0,65.5
16/02/2017,500M,500000000,TCH,BUY,500,7690.0,3845000.0,77.2
16/02/2017,500M,500000000,VIC,BUY,300,16160.0,4848000.0,54.2
16/02/2017,500M,500000000,VIX,BUY,900,920.0,828000.0,76.7
23/02/2017,50M,50000000,DGW,BUY,100,2740.0,274000.0,57.2
23/02/2017,50M,50000000,HDC,BUY,100,2190.0,219000.0,55.2
23/02/2017,50M,50000000,TCH,BUY,100,7330.0,733000.0,78.7
23/02/2017,100M,100000000,DGW,BUY,100,2740.0,274000.0,27.3
23/02/2017,100M,100000000,EIB,BUY,100,6950.0,695000.0,65.8
23/02/2017,100M,100000000,HDC,BUY,400,2190.0,876000.0,76.9
23/02/2017,100M,100000000,IMP,BUY,100,12970.0,1297000.0,50.8
23/02/2017,100M,100000000,KDH,BUY,100,7680.0,768000.0,66.3
23/02/2017,100M,100000000,MBB,BUY,100,2820.0,282000.0,56.6
23/02/2017,100M,100000000,PDR,BUY,100,3540.0,354000.0,34.8
23/02/2017,100M,100000000,TCH,BUY,200,7330.0,1466000.0,77.2
23/02/2017,100M,100000000,VGC,BUY,100,9840.0,984000.0,64.7
23/02/2017,100M,100000000,VIX,BUY,100,990.0,99000.0,34.8
23/02/2017,250M,250000000,DGW,BUY,200,2740.0,548000.0,68.1
23/02/2017,250M,250000000,VGC,BUY,100,9840.0,984000.0,63.8
23/02/2017,250M,250000000,VIC,BUY,100,16620.0,1662000.0,70.4
23/02/2017,250M,250000000,VIX,BUY,200,990.0,198000.0,56.1
23/02/2017,500M,500000000,DGW,BUY,600,2740.0,1644000.0,75.8
23/02/2017,500M,500000000,EIB,BUY,100,6950.0,695000.0,57.6
23/02/2017,500M,500000000,HDC,BUY,600,2190.0,1314000.0,60.7
23/02/2017,500M,500000000,HDG,BUY,100,4820.0,482000.0,55.2
23/02/2017,500M,500000000,IMP,BUY,200,12970.0,2594000.0,51.7
23/02/2017,500M,500000000,KDH,BUY,100,7680.0,768000.0,39.3
23/02/2017,500M,500000000,MBB,BUY,100,2820.0,282000.0,63.4
23/02/2017,500M,500000000,PDR,BUY,100,3540.0,354000.0,17.7
23/02/2017,500M,500000000,SJS,BUY,100,7860.0,786000.0,55.3
23/02/2017,500M,500000000,TCH,BUY,100,7330.0,733000.0,24.5
23/02/2017,500M,500000000,VGC,BUY,100,9840.0,984000.0,37.9
23/02/2017,500M,500000000,VHC,BUY,100,15360.0,1536000.0,42.5
23/02/2017,500M,500000000,VIC,BUY,100,16620.0,1662000.0,34.0
23/02/2017,500M,500000000,VIX,BUY,500,990.0,495000.0,59.7
02/03/2017,50M,50000000,VIX,BUY,100,950.0,95000.0,42.0
02/03/2017,100M,100000000,PDR,BUY,100,3440.0,344000.0,44.3
02/03/2017,100M,100000000,VIC,BUY,100,16200.0,1620000.0,69.8
02/03/2017,100M,100000000,VIX,BUY,200,950.0,190000.0,45.9
02/03/2017,250M,250000000,EIB,BUY,100,7080.0,708000.0,75.3
02/03/2017,250M,250000000,HDC,BUY,100,2180.0,218000.0,38.2
02/03/2017,250M,250000000,IMP,BUY,100,12880.0,1288000.0,65.8
02/03/2017,250M,250000000,PDR,BUY,100,3440.0,344000.0,50.4
02/03/2017,250M,250000000,VIC,BUY,100,16200.0,1620000.0,79.5
02/03/2017,500M,500000000,BSI,BUY,100,5680.0,568000.0,61.2
02/03/2017,500M,500000000,DGW,BUY,500,2640.0,1320000.0,63.3
02/03/2017,500M,500000000,EIB,BUY,100,7080.0,708000.0,41.8
02/03/2017,500M,500000000,HDC,BUY,300,2180.0,654000.0,35.4
02/03/2017,500M,500000000,IMP,BUY,200,12880.0,2576000.0,79.2
02/03/2017,500M,500000000,MBB,BUY,100,2760.0,276000.0,49.7
02/03/2017,500M,500000000,PDR,BUY,200,3440.0,688000.0,59.2
02/03/2017,500M,500000000,SJS,BUY,100,7860.0,786000.0,75.8
02/03/2017,500M,500000000,VGC,BUY,100,9260.0,926000.0,52.8
09/03/2017,50M,50000000,PDR,BUY,100,3440.0,344000.0,55.0
09/03/2017,50M,50000000,TCH,BUY,100,7280.0,728000.0,63.0
09/03/2017,50M,50000000,VIX,BUY,200,930.0,186000.0,74.7
09/03/2017,100M,100000000,DGW,BUY,100,2690.0,269000.0,43.6
09/03/2017,100M,100000000,HDC,BUY,100,2300.0,230000.0,66.1
09/03/2017,100M,100000000,PDR,BUY,100,3440.0,344000.0,59.9
09/03/2017,100M,100000000,VIC,BUY,100,16239.999999999998,1623999.9999999998,55.1
09/03/2017,100M,100000000,VIX,BUY,100,930.0,93000.0,56.0
09/03/2017,250M,250000000,DGW,BUY,100,2690.0,269000.0,40.0
09/03/2017,250M,250000000,TCH,BUY,100,7280.0,728000.0,77.0
09/03/2017,250M,250000000,VIC,BUY,100,16239.999999999998,1623999.9999999998,76.1
09/03/2017,250M,250000000,VIX,BUY,300,930.0,279000.0,80.0
09/03/2017,500M,500000000,DGW,BUY,300,2690.0,807000.0,60.5
09/03/2017,500M,500000000,EIB,BUY,100,7020.0,702000.0,52.1
09/03/2017,500M,500000000,HDC,BUY,500,2300.0,1150000.0,73.3
09/03/2017,500M,500000000,MBB,BUY,100,2890.0,289000.0,50.8
09/03/2017,500M,500000000,PDR,BUY,100,3440.0,344000.0,39.3
09/03/2017,500M,500000000,VGC,BUY,100,9000.0,900000.0,53.6
09/03/2017,500M,500000000,VHC,BUY,100,16400.0,1640000.0,68.6
09/03/2017,500M,500000000,VIX,BUY,300,930.0,279000.0,55.5
16/03/2017,50M,50000000,DGW,BUY,100,3100.0,310000.0,75.6
16/03/2017,50M,50000000,HDC,BUY,100,2200.0,220000.0,44.0
16/03/2017,50M,50000000,PDR,BUY,100,3310.0,331000.0,77.6
16/03/2017,100M,100000000,HDC,BUY,100,2200.0,220000.0,60.5
16/03/2017,100M,100000000,VIX,BUY,100,960.0,96000.0,48.7
16/03/2017,500M,500000000,DGW,BUY,100,3100.0,310000.0,44.1
16/03/2017,500M,500000000,EIB,BUY,100,7080.0,708000.0,73.7
16/03/2017,500M,500000000,HDC,BUY,200,2200.0,440000.0,40.7
16/03/2017,500M,500000000,IMP,BUY,100,13460.0,1346000.0,69.1
16/03/2017,500M,500000000,MBB,BUY,100,2880.0,288000.0,63.2
16/03/2017,500M,500000000,VIX,BUY,300,960.0,288000.0,79.9
23/03/2017,100M,100000000,DGW,BUY,100,3020.0,302000.0,62.0
23/03/2017,100M,100000000,HDC,BUY,200,2200.0,440000.0,59.6
23/03/2017,100M,100000000,PDR,BUY,100,3770.0,377000.0,53.1
23/03/2017,100M,100000000,VIX,BUY,100,1010.0,101000.0,47.2
23/03/2017,250M,250000000,DGW,BUY,100,3020.0,302000.0,69.9
23/03/2017,250M,250000000,HDC,BUY,100,2200.0,220000.0,42.1
23/03/2017,250M,250000000,PDR,BUY,100,3770.0,377000.0,52.4
23/03/2017,250M,250000000,VIX,BUY,200,1010.0,202000.0,55.4
23/03/2017,500M,500000000,DGW,BUY,200,3020.0,604000.0,68.7
23/03/2017,500M,500000000,HDC,BUY,200,2200.0,440000.0,57.5
23/03/2017,500M,500000000,IMP,BUY,100,13460.0,1346000.0,60.8
23/03/2017,500M,500000000,TCH,BUY,100,8520.0,852000.0,73.7
23/03/2017,500M,500000000,VGC,BUY,100,9780.0,978000.0,79.8
30/03/2017,50M,50000000,DGW,BUY,100,2850.0,285000.0,69.8
30/03/2017,50M,50000000,HDC,BUY,100,2230.0,223000.0,55.5
30/03/2017,50M,50000000,PDR,BUY,100,4040.0,404000.0,63.7
30/03/2017,100M,100000000,DGW,BUY,100,2850.0,285000.0,63.4
30/03/2017,100M,100000000,HDC,BUY,200,2230.0,446000.0,69.7
30/03/2017,100M,100000000,VIX,BUY,100,1040.0,104000.0,64.4
30/03/2017,250M,250000000,DGW,BUY,100,2850.0,285000.0,72.1
30/03/2017,250M,250000000,PDR,BUY,100,4040.0,404000.0,51.1
30/03/2017,500M,500000000,HDC,BUY,100,2230.0,223000.0,46.0
30/03/2017,500M,500000000,PDR,BUY,100,4040.0,404000.0,52.7
30/03/2017,500M,500000000,VIX,BUY,100,1040.0,104000.0,48.5
07/04/2017,50M,50000000,VIX,BUY,100,950.0,95000.0,57.7
07/04/2017,100M,100000000,DGW,BUY,100,3020.0,302000.0,52.7
07/04/2017,100M,100000000,HDC,BUY,100,2230.0,223000.0,50.3
07/04/2017,100M,100000000,VIX,BUY,200,950.0,190000.0,59.8
07/04/2017,500M,500000000,DGW,BUY,100,3020.0,302000.0,77.0
07/04/2017,500M,500000000,HDC,BUY,200,2230.0,446000.0,68.8
07/04/2017,500M,500000000,PDR,BUY,100,5050.0,505000.0,64.4
07/04/2017,500M,500000000,TCH,BUY,100,8020.0,802000.0,63.3
07/04/2017,500M,500000000,VIX,BUY,100,950.0,95000.0,36.4
14/04/2017,50M,50000000,DGW,BUY,100,2590.0,259000.0,53.8
14/04/2017,50M,50000000,HDC,BUY,100,2200.0,220000.0,65.8
14/04/2017,50M,50000000,VIX,BUY,200,880.0,176000.0,73.2
14/04/2017,100M,100000000,HDC,BUY,100,2200.0,220000.0,72.8
14/04/2017,100M,100000000,VIX,BUY,200,880.0,176000.0,71.0
14/04/2017,250M,250000000,HDC,BUY,100,2200.0,220000.0,59.5
14/04/2017,500M,500000000,HDC,BUY,200,2200.0,440000.0,76.0
14/04/2017,500M,500000000,VIX,BUY,300,880.0,264000.0,67.8
21/04/2017,50M,50000000,DGW,BUY,100,2620.0,262000.0,53.0
21/04/2017,100M,100000000,DGW,BUY,100,2620.0,262000.0,61.2
21/04/2017,250M,250000000,DGW,BUY,100,2620.0,262000.0,52.9
21/04/2017,250M,250000000,VIX,BUY,100,950.0,95000.0,59.7
21/04/2017,500M,500000000,DGW,BUY,100,2620.0,262000.0,62.2
21/04/2017,500M,500000000,VIX,BUY,100,950.0,95000.0,38.3
28/04/2017,50M,50000000,HDC,BUY,100,2190.0,219000.0,54.9
28/04/2017,100M,100000000,DGW,BUY,100,2500.0,250000.0,50.6
28/04/2017,100M,100000000,VIX,BUY,100,990.0,99000.0,52.1
28/04/2017,250M,250000000,DGW,BUY,100,2500.0,250000.0,61.5
28/04/2017,250M,250000000,VIX,BUY,100,990.0,99000.0,53.2
09/05/2017,50M,50000000,DGW,BUY,100,2660.0,266000.0,53.2
09/05/2017,50M,50000000,HDC,BUY,100,2400.0,240000.0,69.4
09/05/2017,50M,50000000,VIX,BUY,100,1120.0,112000.0,46.2
09/05/2017,100M,100000000,VIX,BUY,200,1120.0,224000.0,67.6
09/05/2017,500M,500000000,HDC,BUY,100,2400.0,240000.0,45.3
16/05/2017,50M,50000000,DGW,BUY,100,2590.0,259000.0,62.1
16/05/2017,100M,100000000,DGW,BUY,100,2590.0,259000.0,53.0
16/05/2017,500M,500000000,DGW,BUY,100,2590.0,259000.0,59.8
16/05/2017,500M,500000000,VIX,BUY,100,1140.0,114000.0,73.7
23/05/2017,100M,100000000,DGW,BUY,100,2590.0,259000.0,64.1
23/05/2017,100M,100000000,HDC,BUY,100,2490.0,249000.0,66.6
23/05/2017,250M,250000000,VIX,BUY,100,1030.0,103000.0,58.2
23/05/2017,500M,500000000,DGW,BUY,100,2590.0,259000.0,65.2
23/05/2017,500M,500000000,VIX,BUY,100,1030.0,103000.0,60.8
30/05/2017,50M,50000000,VIX,BUY,100,990.0,99000.0,50.2
30/05/2017,250M,250000000,HDC,BUY,100,2560.0,256000.0,68.4
30/05/2017,500M,500000000,DGW,BUY,100,2630.0,263000.0,52.1
06/06/2017,100M,100000000,HDC,BUY,100,2630.0,263000.0,51.8
06/06/2017,100M,100000000,VIX,BUY,100,1100.0,110000.0,52.5
06/06/2017,250M,250000000,DGW,BUY,100,2600.0,260000.0,69.9
06/06/2017,250M,250000000,VIX,BUY,100,1100.0,110000.0,75.0
06/06/2017,500M,500000000,HDC,BUY,100,2630.0,263000.0,65.1
13/06/2017,100M,100000000,DGW,BUY,100,2740.0,274000.0,67.6
13/06/2017,250M,250000000,HDC,BUY,100,2870.0,287000.0,61.7
13/06/2017,500M,500000000,HDC,BUY,100,2870.0,287000.0,59.9
13/06/2017,500M,500000000,VIX,BUY,100,1190.0,119000.0,75.8
20/06/2017,250M,250000000,DGW,BUY,100,2700.0,270000.0,61.0
20/06/2017,250M,250000000,HDC,BUY,100,2930.0,293000.0,72.4
20/06/2017,500M,500000000,VIX,BUY,100,1170.0,117000.0,63.3
27/06/2017,250M,250000000,VIX,BUY,200,1140.0,228000.0,72.4
27/06/2017,500M,500000000,VIX,BUY,100,1140.0,114000.0,53.1
04/07/2017,250M,250000000,DGW,BUY,100,2660.0,266000.0,61.7
04/07/2017,250M,250000000,VIX,BUY,100,1250.0,125000.0,62.3
04/07/2017,500M,500000000,DGW,BUY,100,2660.0,266000.0,37.2
04/07/2017,500M,500000000,HDC,BUY,100,3410.0,341000.0,50.5
11/07/2017,50M,50000000,VIX,BUY,100,1200.0,120000.0,60.3
11/07/2017,250M,250000000,DGW,BUY,100,2820.0,282000.0,71.6
11/07/2017,250M,250000000,VIX,BUY,100,1200.0,120000.0,64.1
11/07/2017,500M,500000000,DGW,BUY,100,2820.0,282000.0,58.2
18/07/2017,100M,100000000,DGW,BUY,100,2890.0,289000.0,79.9
25/07/2017,500M,500000000,DGW,BUY,100,2850.0,285000.0,67.6
25/07/2017,500M,500000000,VIX,BUY,100,1140.0,114000.0,74.2
01/08/2017,250M,250000000,VIX,BUY,100,1170.0,117000.0,54.4
01/08/2017,500M,500000000,HDC,BUY,100,3500.0,350000.0,62.4
08/08/2017,50M,50000000,VIX,BUY,200,1290.0,258000.0,71.6
15/08/2017,50M,50000000,VIX,BUY,100,1250.0,125000.0,54.8
22/08/2017,250M,250000000,VIX,BUY,100,1250.0,125000.0,67.8
06/09/2017,50M,50000000,VIX,BUY,100,1220.0,122000.0,58.0
06/09/2017,500M,500000000,DGW,BUY,100,2940.0,294000.0,75.9
13/09/2017,500M,500000000,DGW,BUY,100,2900.0,290000.0,77.8
20/09/2017,50M,50000000,VIX,BUY,100,1200.0,120000.0,65.5
27/09/2017,50M,50000000,VIX,BUY,100,1200.0,120000.0,70.3
27/09/2017,500M,500000000,VIX,BUY,100,1200.0,120000.0,70.1
11/10/2017,250M,250000000,VIX,BUY,100,1160.0,116000.0,73.3
11/10/2017,500M,500000000,VIX,BUY,100,1160.0,116000.0,43.9
18/10/2017,100M,100000000,VIX,BUY,100,1190.0,119000.0,43.8
25/10/2017,100M,100000000,VIX,BUY,100,1250.0,125000.0,74.7
15/11/2017,50M,50000000,VIX,BUY,100,1250.0,125000.0,64.5
06/12/2017,100M,100000000,VIX,BUY,100,1820.0,182000.0,53.9
20/12/2017,250M,250000000,VIX,BUY,100,1720.0,172000.0,61.5
27/12/2017,50M,50000000,VIX,BUY,100,1670.0,167000.0,63.8
18/01/2018,100M,100000000,HDC,BUY,100,3280.0,328000.0,57.2
18/01/2018,500M,500000000,HDC,BUY,100,3280.0,328000.0,51.1
08/03/2018,500M,500000000,HDC,BUY,100,2910.0,291000.0,54.3
08/03/2018,500M,500000000,VIX,BUY,100,1820.0,182000.0,73.5
15/03/2018,500M,500000000,HDC,BUY,100,3040.0,304000.0,61.9
22/03/2018,500M,500000000,VIX,BUY,100,1600.0,160000.0,52.0
05/04/2018,100M,100000000,VIX,BUY,100,1320.0,132000.0,52.0
05/04/2018,250M,250000000,VIX,BUY,200,1320.0,264000.0,68.8
12/04/2018,50M,50000000,VIX,BUY,100,1300.0,130000.0,48.6
19/04/2018,50M,50000000,VIX,BUY,100,1140.0,114000.0,61.6
08/05/2018,250M,250000000,VIX,BUY,100,1190.0,119000.0,57.8
15/05/2018,50M,50000000,VIX,BUY,200,1300.0,260000.0,73.1
15/05/2018,250M,250000000,VIX,BUY,100,1300.0,130000.0,78.5
22/05/2018,250M,250000000,VIX,BUY,100,1250.0,125000.0,67.2
29/05/2018,50M,50000000,VIX,BUY,200,1140.0,228000.0,79.8
29/05/2018,500M,500000000,VIX,BUY,100,1140.0,114000.0,64.1
12/06/2018,50M,50000000,VIX,BUY,100,1240.0,124000.0,54.2
12/06/2018,250M,250000000,VIX,BUY,100,1240.0,124000.0,78.6
26/06/2018,100M,100000000,VIX,BUY,100,1160.0,116000.0,63.6
26/06/2018,250M,250000000,VIX,BUY,200,1160.0,232000.0,73.0
26/06/2018,500M,500000000,VIX,BUY,100,1160.0,116000.0,62.3
10/07/2018,100M,100000000,VIX,BUY,100,1120.0,112000.0,73.4
10/07/2018,500M,500000000,VIX,BUY,100,1120.0,112000.0,75.4
24/07/2018,50M,50000000,VIX,BUY,100,1290.0,129000.0,59.6
24/07/2018,100M,100000000,VIX,BUY,100,1290.0,129000.0,51.1
31/07/2018,50M,50000000,VIX,BUY,200,1250.0,250000.0,69.1
28/08/2018,250M,250000000,VIX,BUY,100,1430.0,143000.0,33.6
05/09/2018,500M,500000000,HDC,BUY,100,3180.0,318000.0,65.4
03/10/2018,500M,500000000,HDC,BUY,100,3340.0,334000.0,56.9
10/10/2018,500M,500000000,VIX,BUY,100,1700.0,170000.0,67.6
17/10/2018,500M,500000000,VIX,BUY,100,1740.0,174000.0,75.5
31/10/2018,50M,50000000,VIX,BUY,100,1740.0,174000.0,50.7
31/10/2018,500M,500000000,VIX,BUY,100,1740.0,174000.0,65.9
07/11/2018,100M,100000000,VIX,BUY,100,1780.0,178000.0,73.5
28/11/2018,100M,100000000,VIX,BUY,100,1830.0,183000.0,60.7
28/11/2018,250M,250000000,HDC,BUY,100,3400.0,340000.0,68.2
26/12/2018,250M,250000000,VIX,BUY,100,1760.0,176000.0,60.7
26/12/2018,500M,500000000,VIX,BUY,100,1760.0,176000.0,56.2
22/02/2019,250M,250000000,VIX,BUY,100,1680.0,168000.0,65.9
22/02/2019,500M,500000000,VIX,BUY,100,1680.0,168000.0,72.4
01/03/2019,100M,100000000,VIX,BUY,100,1700.0,170000.0,72.9
08/03/2019,50M,50000000,VIX,BUY,100,1760.0,176000.0,53.6
08/03/2019,250M,250000000,VIX,BUY,100,1760.0,176000.0,59.8
05/04/2019,50M,50000000,VIX,BUY,100,1720.0,172000.0,58.0
12/04/2019,500M,500000000,VIX,BUY,100,1700.0,170000.0,70.9
20/06/2019,500M,500000000,VIX,BUY,100,1570.0,157000.0,68.4
11/07/2019,500M,500000000,VIX,BUY,100,1510.0,151000.0,74.4
18/07/2019,100M,100000000,VIX,BUY,100,1550.0,155000.0,65.1
25/07/2019,500M,500000000,VIX,BUY,100,1510.0,151000.0,75.8
22/08/2019,250M,250000000,VIX,BUY,100,1420.0,142000.0,57.6
29/08/2019,100M,100000000,VIX,BUY,100,1330.0,133000.0,74.5
29/08/2019,500M,500000000,VIX,BUY,100,1330.0,133000.0,62.4
06/09/2019,50M,50000000,VIX,BUY,100,1370.0,137000.0,58.9
06/09/2019,250M,250000000,VIX,BUY,100,1370.0,137000.0,67.9
20/09/2019,50M,50000000,VIX,BUY,100,1460.0,146000.0,61.2
20/09/2019,250M,250000000,VIX,BUY,100,1460.0,146000.0,67.1
27/09/2019,50M,50000000,VIX,BUY,100,1350.0,135000.0,77.6
01/11/2019,100M,100000000,VIX,BUY,100,1260.0,126000.0,50.6
22/11/2019,100M,100000000,VIX,BUY,100,1310.0,131000.0,57.7
22/11/2019,500M,500000000,VIX,BUY,100,1310.0,131000.0,51.3
06/12/2019,100M,100000000,VIX,BUY,100,1310.0,131000.0,65.9
20/01/2020,500M,500000000,VIX,BUY,100,1290.0,129000.0,39.0
10/02/2020,50M,50000000,VIX,BUY,100,1220.0,122000.0,68.2
17/02/2020,250M,250000000,VIX,BUY,100,1220.0,122000.0,69.1
24/02/2020,500M,500000000,VIX,BUY,100,1240.0,124000.0,50.1
09/03/2020,100M,100000000,VIX,BUY,100,1110.0,111000.0,73.4
23/03/2020,100M,100000000,VIX,BUY,100,1110.0,111000.0,60.6
07/04/2020,100M,100000000,VIX,BUY,100,1090.0,109000.0,55.7
07/04/2020,500M,500000000,VIX,BUY,100,1090.0,109000.0,72.6
14/04/2020,100M,100000000,VIX,BUY,100,1200.0,120000.0,76.0
07/05/2020,500M,500000000,VIX,BUY,100,1090.0,109000.0,50.3
14/05/2020,250M,250000000,VIX,BUY,100,1110.0,111000.0,50.5
09/07/2020,250M,250000000,VIX,BUY,100,1790.0,179000.0,60.5
23/07/2020,100M,100000000,VIX,BUY,100,2060.0,206000.0,65.4
12/04/2021,100M,100000000,HAG,BUY,100,6230.0,623000.0,77.6
19/04/2021,250M,250000000,HAG,BUY,100,5920.0,592000.0,71.3
13/05/2021,50M,50000000,HAG,BUY,100,5580.0,558000.0,59.8
17/06/2021,500M,500000000,HAG,BUY,100,6000.0,600000.0,75.3
08/07/2021,100M,100000000,HAG,BUY,100,5340.0,534000.0,51.6
08/07/2021,500M,500000000,HAG,BUY,100,5340.0,534000.0,55.7
22/07/2021,250M,250000000,HAG,BUY,100,5050.0,505000.0,67.1
13/09/2021,250M,250000000,HAG,BUY,100,5100.0,510000.0,79.4
20/05/2022,100M,100000000,VIX,BUY,100,6320.0,632000.0,50.3
17/06/2022,250M,250000000,VIX,BUY,100,4430.0,443000.0,57.3
24/06/2022,50M,50000000,VIX,BUY,100,4540.0,454000.0,54.8
04/10/2022,100M,100000000,VIX,BUY,100,4810.0,481000.0,54.8
08/11/2022,50M,50000000,VIX,BUY,100,3880.0,388000.0,57.9
