date,capital,ticker,so_lo,so_co_phieu,gia_hien_tai,so_tien_chi,ty_trong_goc_ppo,ty_trong_thuc_te,used_capital,cash_left,tracking_error
29/06/2026,100000000,CII,1,100,17450.0,1745000.0,0.0047,0.0175,99903000.0,97000.0,0.5529
29/06/2026,100000000,DBC,1,100,18550.0,1855000.0,0.0141,0.0186,99903000.0,97000.0,0.5529
29/06/2026,100000000,DGW,2,200,40250.0,8050000.0,0.0445,0.0805,99903000.0,97000.0,0.5529
29/06/2026,100000000,DXG,2,200,12600.0,2520000.0,0.0206,0.0252,99903000.0,97000.0,0.5529
29/06/2026,100000000,EIB,3,300,20700.0,6210000.0,0.0434,0.0621,99903000.0,97000.0,0.5529
29/06/2026,100000000,HAG,2,200,14950.0,2990000.0,0.0203,0.0299,99903000.0,97000.0,0.5529
29/06/2026,100000000,HDC,3,300,14950.0,4485000.0,0.0409,0.0449,99903000.0,97000.0,0.5529
29/06/2026,100000000,HDG,1,100,20800.0,2080000.0,0.0116,0.0208,99903000.0,97000.0,0.5529
29/06/2026,100000000,IMP,3,300,40750.0,12225000.0,0.0934,0.1222,99903000.0,97000.0,0.5529
29/06/2026,100000000,KDC,2,200,50100.0,10020000.0,0.0541,0.1002,99903000.0,97000.0,0.5529
29/06/2026,100000000,KDH,2,200,21650.0,4330000.0,0.0301,0.0433,99903000.0,97000.0,0.5529
29/06/2026,100000000,MBB,1,100,24140.0,2414000.0,0.0161,0.0241,99903000.0,97000.0,0.5529
29/06/2026,100000000,NLG,1,100,26400.0,2640000.0,0.0236,0.0264,99903000.0,97000.0,0.5529
29/06/2026,100000000,PDR,3,300,14750.0,4425000.0,0.0437,0.0442,99903000.0,97000.0,0.5529
29/06/2026,100000000,SJS,1,100,48000.0,4800000.0,0.0327,0.048,99903000.0,97000.0,0.5529
29/06/2026,100000000,TCH,5,500,14400.0,7200000.0,0.0657,0.072,99903000.0,97000.0,0.5529
29/06/2026,100000000,VCB,1,100,61540.0,6154000.0,0.0382,0.0615,99903000.0,97000.0,0.5529
29/06/2026,100000000,VGC,2,200,40400.0,8080000.0,0.0523,0.0808,99903000.0,97000.0,0.5529
29/06/2026,100000000,VHC,1,100,60000.0,6000000.0,0.0578,0.06,99903000.0,97000.0,0.5529
29/06/2026,100000000,VIX,1,100,16800.0,1680000.0,0.0153,0.0168,99903000.0,97000.0,0.5529
30/06/2026,100000000,DBC,1,100,18550.0,1855000.0,0.0142,0.0186,99933000.0,67000.0,0.5625
30/06/2026,100000000,DGW,2,200,40200.0,8040000.0,0.045,0.0804,99933000.0,67000.0,0.5625
30/06/2026,100000000,DXG,3,300,12650.0,3795000.0,0.022,0.0379,99933000.0,67000.0,0.5625
30/06/2026,100000000,EIB,3,300,21000.0,6300000.0,0.045,0.063,99933000.0,67000.0,0.5625
30/06/2026,100000000,HAG,2,200,15300.0,3060000.0,0.0199,0.0306,99933000.0,67000.0,0.5625
30/06/2026,100000000,HDC,3,300,14950.0,4485000.0,0.0397,0.0449,99933000.0,67000.0,0.5625
30/06/2026,100000000,HDG,1,100,20800.0,2080000.0,0.0123,0.0208,99933000.0,67000.0,0.5625
30/06/2026,100000000,IMP,3,300,40600.0,12180000.0,0.0929,0.1218,99933000.0,67000.0,0.5625
30/06/2026,100000000,KDC,2,200,50000.0,10000000.0,0.0523,0.1,99933000.0,67000.0,0.5625
30/06/2026,100000000,KDH,2,200,21600.0,4320000.0,0.031,0.0432,99933000.0,67000.0,0.5625
30/06/2026,100000000,MBB,1,100,24230.0,2423000.0,0.0158,0.0242,99933000.0,67000.0,0.5625
30/06/2026,100000000,NLG,1,100,26150.0,2615000.0,0.0227,0.0261,99933000.0,67000.0,0.5625
30/06/2026,100000000,PDR,3,300,14750.0,4425000.0,0.0438,0.0442,99933000.0,67000.0,0.5625
30/06/2026,100000000,SJS,1,100,48000.0,4800000.0,0.0327,0.048,99933000.0,67000.0,0.5625
30/06/2026,100000000,TCH,5,500,14550.0,7275000.0,0.0662,0.0727,99933000.0,67000.0,0.5625
30/06/2026,100000000,VCB,1,100,61740.0,6174000.0,0.0378,0.0617,99933000.0,67000.0,0.5625
30/06/2026,100000000,VGC,2,200,42330.0,8466000.0,0.0513,0.0847,99933000.0,67000.0,0.5625
30/06/2026,100000000,VHC,1,100,59500.0,5950000.0,0.0585,0.0595,99933000.0,67000.0,0.5625
30/06/2026,100000000,VIX,1,100,16900.0,1690000.0,0.0153,0.0169,99933000.0,67000.0,0.5625
01/07/2026,100000000,DBC,1,100,18500.0,1850000.0,0.0136,0.0185,98927000.0,1073000.0,0.5564
01/07/2026,100000000,DGW,2,200,40100.0,8020000.0,0.0441,0.0802,98927000.0,1073000.0,0.5564
01/07/2026,100000000,DXG,2,200,12700.0,2540000.0,0.0215,0.0254,98927000.0,1073000.0,0.5564
01/07/2026,100000000,EIB,3,300,21050.0,6315000.0,0.045,0.0631,98927000.0,1073000.0,0.5564
01/07/2026,100000000,HAG,2,200,15150.0,3030000.0,0.0204,0.0303,98927000.0,1073000.0,0.5564
01/07/2026,100000000,HDC,3,300,15050.0,4515000.0,0.04,0.0452,98927000.0,1073000.0,0.5564
01/07/2026,100000000,HDG,1,100,20800.0,2080000.0,0.0113,0.0208,98927000.0,1073000.0,0.5564
01/07/2026,100000000,IMP,3,300,41190.0,12357000.0,0.0936,0.1236,98927000.0,1073000.0,0.5564
01/07/2026,100000000,KDC,2,200,49950.0,9990000.0,0.0535,0.0999,98927000.0,1073000.0,0.5564
01/07/2026,100000000,KDH,2,200,21850.0,4370000.0,0.0301,0.0437,98927000.0,1073000.0,0.5564
01/07/2026,100000000,MBB,1,100,24760.0,2476000.0,0.0164,0.0248,98927000.0,1073000.0,0.5564
01/07/2026,100000000,NLG,1,100,26700.0,2670000.0,0.0223,0.0267,98927000.0,1073000.0,0.5564
01/07/2026,100000000,PDR,3,300,14800.0,4440000.0,0.0431,0.0444,98927000.0,1073000.0,0.5564
01/07/2026,100000000,SJS,1,100,47500.0,4750000.0,0.0323,0.0475,98927000.0,1073000.0,0.5564
01/07/2026,100000000,TCH,5,500,14600.0,7300000.0,0.0661,0.073,98927000.0,1073000.0,0.5564
01/07/2026,100000000,VCB,1,100,62540.0,6254000.0,0.0387,0.0625,98927000.0,1073000.0,0.5564
01/07/2026,100000000,VGC,2,200,41300.0,8260000.0,0.0515,0.0826,98927000.0,1073000.0,0.5564
01/07/2026,100000000,VHC,1,100,60000.0,6000000.0,0.058,0.06,98927000.0,1073000.0,0.5564
01/07/2026,100000000,VIX,1,100,17100.0,1710000.0,0.0148,0.0171,98927000.0,1073000.0,0.5564
02/07/2026,100000000,DBC,1,100,18600.0,1860000.0,0.0139,0.0186,99928000.0,72000.0,0.5675
02/07/2026,100000000,DGW,2,200,40200.0,8040000.0,0.0433,0.0804,99928000.0,72000.0,0.5675
02/07/2026,100000000,DXG,3,300,12350.0,3705000.0,0.0212,0.037,99928000.0,72000.0,0.5675
02/07/2026,100000000,EIB,3,300,20900.0,6270000.0,0.044,0.0627,99928000.0,72000.0,0.5675
02/07/2026,100000000,HAG,2,200,15000.0,3000000.0,0.0203,0.03,99928000.0,72000.0,0.5675
02/07/2026,100000000,HDC,3,300,15000.0,4500000.0,0.04,0.045,99928000.0,72000.0,0.5675
02/07/2026,100000000,HDG,1,100,20700.0,2070000.0,0.0113,0.0207,99928000.0,72000.0,0.5675
02/07/2026,100000000,IMP,3,300,42080.0,12624000.0,0.0937,0.1262,99928000.0,72000.0,0.5675
02/07/2026,100000000,KDC,2,200,49950.0,9990000.0,0.0542,0.0999,99928000.0,72000.0,0.5675
02/07/2026,100000000,KDH,2,200,21650.0,4330000.0,0.03,0.0433,99928000.0,72000.0,0.5675
02/07/2026,100000000,MBB,1,100,24660.0,2466000.0,0.0164,0.0247,99928000.0,72000.0,0.5675
02/07/2026,100000000,NLG,1,100,26300.0,2630000.0,0.0224,0.0263,99928000.0,72000.0,0.5675
02/07/2026,100000000,PDR,3,300,14750.0,4425000.0,0.0433,0.0442,99928000.0,72000.0,0.5675
02/07/2026,100000000,SJS,1,100,47800.0,4780000.0,0.0324,0.0478,99928000.0,72000.0,0.5675
02/07/2026,100000000,TCH,5,500,14400.0,7200000.0,0.0659,0.072,99928000.0,72000.0,0.5675
02/07/2026,100000000,VCB,1,100,61640.0,6164000.0,0.0385,0.0616,99928000.0,72000.0,0.5675
02/07/2026,100000000,VGC,2,200,40920.0,8184000.0,0.0517,0.0818,99928000.0,72000.0,0.5675
02/07/2026,100000000,VHC,1,100,60000.0,6000000.0,0.0582,0.06,99928000.0,72000.0,0.5675
02/07/2026,100000000,VIX,1,100,16900.0,1690000.0,0.0152,0.0169,99928000.0,72000.0,0.5675
03/07/2026,100000000,DBC,1,100,18500.0,1850000.0,0.0131,0.0185,99921000.0,79000.0,0.5679
03/07/2026,100000000,DGW,2,200,40250.0,8050000.0,0.0438,0.0805,99921000.0,79000.0,0.5679
03/07/2026,100000000,DXG,2,200,12150.0,2430000.0,0.0205,0.0243,99921000.0,79000.0,0.5679
03/07/2026,100000000,EIB,3,300,20650.0,6195000.0,0.0433,0.0619,99921000.0,79000.0,0.5679
03/07/2026,100000000,HAG,2,200,14900.0,2980000.0,0.02,0.0298,99921000.0,79000.0,0.5679
03/07/2026,100000000,HDC,3,300,14950.0,4485000.0,0.0412,0.0449,99921000.0,79000.0,0.5679
03/07/2026,100000000,IMP,3,300,42320.0,12696000.0,0.0933,0.127,99921000.0,79000.0,0.5679
03/07/2026,100000000,KDC,2,200,49800.0,9960000.0,0.0537,0.0996,99921000.0,79000.0,0.5679
03/07/2026,100000000,KDH,2,200,21300.0,4260000.0,0.0293,0.0426,99921000.0,79000.0,0.5679
03/07/2026,100000000,MBB,1,100,24620.0,2462000.0,0.0158,0.0246,99921000.0,79000.0,0.5679
03/07/2026,100000000,NLG,1,100,25800.0,2580000.0,0.0225,0.0258,99921000.0,79000.0,0.5679
03/07/2026,100000000,NT2,1,100,22650.0,2265000.0,0.0129,0.0226,99921000.0,79000.0,0.5679
03/07/2026,100000000,PDR,3,300,14550.0,4365000.0,0.0434,0.0437,99921000.0,79000.0,0.5679
03/07/2026,100000000,SJS,1,100,48000.0,4800000.0,0.0323,0.048,99921000.0,79000.0,0.5679
03/07/2026,100000000,TCH,6,600,14300.0,8580000.0,0.0663,0.0858,99921000.0,79000.0,0.5679
03/07/2026,100000000,VCB,1,100,61540.0,6154000.0,0.0387,0.0615,99921000.0,79000.0,0.5679
03/07/2026,100000000,VGC,2,200,40870.0,8174000.0,0.0524,0.0817,99921000.0,79000.0,0.5679
03/07/2026,100000000,VHC,1,100,59300.0,5930000.0,0.0579,0.0593,99921000.0,79000.0,0.5679
03/07/2026,100000000,VIX,1,100,17050.0,1705000.0,0.0153,0.017,99921000.0,79000.0,0.5679
06/07/2026,100000000,DBC,1,100,18200.0,1820000.0,0.0125,0.0182,99861000.0,139000.0,0.5504
06/07/2026,100000000,DGW,2,200,39000.0,7800000.0,0.0436,0.078,99861000.0,139000.0,0.5504
06/07/2026,100000000,DXG,2,200,11900.0,2380000.0,0.0207,0.0238,99861000.0,139000.0,0.5504
06/07/2026,100000000,EIB,3,300,20000.0,6000000.0,0.045,0.06,99861000.0,139000.0,0.5504
06/07/2026,100000000,HAG,2,200,14950.0,2990000.0,0.0207,0.0299,99861000.0,139000.0,0.5504
06/07/2026,100000000,HDC,3,300,14700.0,4410000.0,0.0398,0.0441,99861000.0,139000.0,0.5504
06/07/2026,100000000,HDG,1,100,18600.0,1860000.0,0.0115,0.0186,99861000.0,139000.0,0.5504
06/07/2026,100000000,IMP,3,300,42280.0,12684000.0,0.0936,0.1268,99861000.0,139000.0,0.5504
06/07/2026,100000000,KDC,2,200,49200.0,9840000.0,0.0534,0.0984,99861000.0,139000.0,0.5504
06/07/2026,100000000,KDH,2,200,20500.0,4100000.0,0.0296,0.041,99861000.0,139000.0,0.5504
06/07/2026,100000000,MBB,1,100,24330.0,2433000.0,0.0158,0.0243,99861000.0,139000.0,0.5504
06/07/2026,100000000,NLG,1,100,25450.0,2545000.0,0.0227,0.0255,99861000.0,139000.0,0.5504
06/07/2026,100000000,NT2,1,100,21950.0,2195000.0,0.012,0.022,99861000.0,139000.0,0.5504
06/07/2026,100000000,PDR,4,400,14300.0,5720000.0,0.0431,0.0572,99861000.0,139000.0,0.5504
06/07/2026,100000000,SJS,1,100,47800.0,4780000.0,0.0314,0.0478,99861000.0,139000.0,0.5504
06/07/2026,100000000,TCH,5,500,13650.0,6825000.0,0.0657,0.0683,99861000.0,139000.0,0.5504
06/07/2026,100000000,VCB,1,100,60750.0,6075000.0,0.0389,0.0607,99861000.0,139000.0,0.5504
06/07/2026,100000000,VGC,2,200,40070.0,8014000.0,0.0521,0.0801,99861000.0,139000.0,0.5504
06/07/2026,100000000,VHC,1,100,57600.0,5760000.0,0.0573,0.0576,99861000.0,139000.0,0.5504
06/07/2026,100000000,VIX,1,100,16300.0,1630000.0,0.0149,0.0163,99861000.0,139000.0,0.5504
07/07/2026,100000000,DBC,1,100,18000.0,1800000.0,0.0128,0.018,99643000.0,357000.0,0.551
07/07/2026,100000000,DGW,2,200,39400.0,7880000.0,0.0447,0.0788,99643000.0,357000.0,0.551
07/07/2026,100000000,DXG,2,200,11900.0,2380000.0,0.0207,0.0238,99643000.0,357000.0,0.551
07/07/2026,100000000,EIB,3,300,20200.0,6060000.0,0.0453,0.0606,99643000.0,357000.0,0.551
07/07/2026,100000000,HAG,2,200,14800.0,2960000.0,0.0204,0.0296,99643000.0,357000.0,0.551
07/07/2026,100000000,HDC,3,300,14650.0,4395000.0,0.04,0.044,99643000.0,357000.0,0.551
07/07/2026,100000000,HDG,1,100,18700.0,1870000.0,0.0118,0.0187,99643000.0,357000.0,0.551
07/07/2026,100000000,IMP,3,300,41190.0,12357000.0,0.0932,0.1236,99643000.0,357000.0,0.551
07/07/2026,100000000,KDC,2,200,49500.0,9900000.0,0.0529,0.099,99643000.0,357000.0,0.551
07/07/2026,100000000,KDH,2,200,20950.0,4190000.0,0.0299,0.0419,99643000.0,357000.0,0.551
07/07/2026,100000000,MBB,1,100,24760.0,2476000.0,0.0161,0.0248,99643000.0,357000.0,0.551
07/07/2026,100000000,NLG,1,100,25650.0,2565000.0,0.0238,0.0256,99643000.0,357000.0,0.551
07/07/2026,100000000,PDR,4,400,14300.0,5720000.0,0.0437,0.0572,99643000.0,357000.0,0.551
07/07/2026,100000000,SJS,1,100,47800.0,4780000.0,0.0318,0.0478,99643000.0,357000.0,0.551
07/07/2026,100000000,TCH,5,500,13900.0,6950000.0,0.0656,0.0695,99643000.0,357000.0,0.551
07/07/2026,100000000,VCB,1,100,60850.0,6085000.0,0.0385,0.0609,99643000.0,357000.0,0.551
07/07/2026,100000000,VGC,2,200,40450.0,8090000.0,0.052,0.0809,99643000.0,357000.0,0.551
07/07/2026,100000000,VHC,1,100,57800.0,5780000.0,0.0569,0.0578,99643000.0,357000.0,0.551
07/07/2026,100000000,VIX,1,100,16500.0,1650000.0,0.0146,0.0165,99643000.0,357000.0,0.551
07/07/2026,100000000,VSC,1,100,17550.0,1755000.0,0.008,0.0175,99643000.0,357000.0,0.551
08/07/2026,100000000,DBC,1,100,17950.0,1795000.0,0.0128,0.018,99222000.0,778000.0,0.5433
08/07/2026,100000000,DGW,2,200,39450.0,7890000.0,0.0438,0.0789,99222000.0,778000.0,0.5433
08/07/2026,100000000,DXG,2,200,12100.0,2420000.0,0.0209,0.0242,99222000.0,778000.0,0.5433
08/07/2026,100000000,EIB,3,300,20300.0,6090000.0,0.0446,0.0609,99222000.0,778000.0,0.5433
08/07/2026,100000000,HAG,2,200,14800.0,2960000.0,0.0208,0.0296,99222000.0,778000.0,0.5433
08/07/2026,100000000,HDC,3,300,14900.0,4470000.0,0.0396,0.0447,99222000.0,778000.0,0.5433
08/07/2026,100000000,HDG,1,100,19000.0,1900000.0,0.0114,0.019,99222000.0,778000.0,0.5433
08/07/2026,100000000,IMP,3,300,41090.0,12327000.0,0.0931,0.1233,99222000.0,778000.0,0.5433
08/07/2026,100000000,KDC,2,200,49950.0,9990000.0,0.0532,0.0999,99222000.0,778000.0,0.5433
08/07/2026,100000000,KDH,2,200,21000.0,4200000.0,0.03,0.042,99222000.0,778000.0,0.5433
08/07/2026,100000000,MBB,1,100,25000.0,2500000.0,0.0157,0.025,99222000.0,778000.0,0.5433
08/07/2026,100000000,NLG,1,100,25800.0,2580000.0,0.0222,0.0258,99222000.0,778000.0,0.5433
08/07/2026,100000000,NT2,1,100,22100.0,2210000.0,0.0119,0.0221,99222000.0,778000.0,0.5433
08/07/2026,100000000,PDR,3,300,14400.0,4320000.0,0.043,0.0432,99222000.0,778000.0,0.5433
08/07/2026,100000000,SJS,1,100,48000.0,4800000.0,0.0309,0.048,99222000.0,778000.0,0.5433
08/07/2026,100000000,TCH,5,500,14050.0,7025000.0,0.0663,0.0703,99222000.0,778000.0,0.5433
08/07/2026,100000000,VCB,1,100,61150.0,6115000.0,0.0391,0.0612,99222000.0,778000.0,0.5433
08/07/2026,100000000,VGC,2,200,40450.0,8090000.0,0.0519,0.0809,99222000.0,778000.0,0.5433
08/07/2026,100000000,VHC,1,100,58900.0,5890000.0,0.0582,0.0589,99222000.0,778000.0,0.5433
08/07/2026,100000000,VIX,1,100,16500.0,1650000.0,0.0149,0.0165,99222000.0,778000.0,0.5433
09/07/2026,100000000,DBC,1,100,17800.0,1780000.0,0.0125,0.0178,99812000.0,188000.0,0.5972
09/07/2026,100000000,DGW,2,200,38850.0,7770000.0,0.0434,0.0777,99812000.0,188000.0,0.5972
09/07/2026,100000000,DXG,2,200,12000.0,2400000.0,0.0206,0.024,99812000.0,188000.0,0.5972
09/07/2026,100000000,EIB,3,300,20000.0,6000000.0,0.0442,0.06,99812000.0,188000.0,0.5972
09/07/2026,100000000,HAG,2,200,14500.0,2900000.0,0.0206,0.029,99812000.0,188000.0,0.5972
09/07/2026,100000000,HDC,3,300,14650.0,4395000.0,0.0406,0.044,99812000.0,188000.0,0.5972
09/07/2026,100000000,IMP,3,300,40900.0,12270000.0,0.0933,0.1227,99812000.0,188000.0,0.5972
09/07/2026,100000000,KDC,2,200,49950.0,9990000.0,0.0528,0.0999,99812000.0,188000.0,0.5972
09/07/2026,100000000,KDH,2,200,20650.0,4130000.0,0.03,0.0413,99812000.0,188000.0,0.5972
09/07/2026,100000000,MBB,1,100,24600.0,2460000.0,0.0158,0.0246,99812000.0,188000.0,0.5972
09/07/2026,100000000,NLG,1,100,25400.0,2540000.0,0.0216,0.0254,99812000.0,188000.0,0.5972
09/07/2026,100000000,PDR,3,300,14200.0,4260000.0,0.0426,0.0426,99812000.0,188000.0,0.5972
09/07/2026,100000000,SJS,1,100,47800.0,4780000.0,0.0307,0.0478,99812000.0,188000.0,0.5972
09/07/2026,100000000,TCH,5,500,13750.0,6875000.0,0.0656,0.0688,99812000.0,188000.0,0.5972
09/07/2026,100000000,VCB,1,100,60650.0,6065000.0,0.0398,0.0607,99812000.0,188000.0,0.5972
09/07/2026,100000000,VGC,2,200,40260.0,8052000.0,0.0524,0.0805,99812000.0,188000.0,0.5972
09/07/2026,100000000,VHC,2,200,57700.0,11540000.0,0.0589,0.1154,99812000.0,188000.0,0.5972
09/07/2026,100000000,VIX,1,100,16050.0,1605000.0,0.0151,0.016,99812000.0,188000.0,0.5972
10/07/2026,100000000,DBC,1,100,17350.0,1735000.0,0.0134,0.0174,99773000.0,227000.0,0.5511
10/07/2026,100000000,DGW,2,200,38500.0,7700000.0,0.0443,0.077,99773000.0,227000.0,0.5511
10/07/2026,100000000,DXG,2,200,12050.0,2410000.0,0.0207,0.0241,99773000.0,227000.0,0.5511
10/07/2026,100000000,EIB,3,300,19750.0,5925000.0,0.0443,0.0592,99773000.0,227000.0,0.5511
10/07/2026,100000000,HAG,2,200,14650.0,2930000.0,0.0205,0.0293,99773000.0,227000.0,0.5511
10/07/2026,100000000,HDC,3,300,14650.0,4395000.0,0.04,0.044,99773000.0,227000.0,0.5511
10/07/2026,100000000,HDG,1,100,18900.0,1890000.0,0.0113,0.0189,99773000.0,227000.0,0.5511
10/07/2026,100000000,IMP,3,300,40600.0,12180000.0,0.0933,0.1218,99773000.0,227000.0,0.5511
10/07/2026,100000000,KDC,2,200,49900.0,9980000.0,0.0528,0.0998,99773000.0,227000.0,0.5511
10/07/2026,100000000,KDH,2,200,20300.0,4060000.0,0.0311,0.0406,99773000.0,227000.0,0.5511
10/07/2026,100000000,MBB,1,100,24650.0,2465000.0,0.0151,0.0246,99773000.0,227000.0,0.5511
10/07/2026,100000000,NLG,1,100,25000.0,2500000.0,0.0239,0.025,99773000.0,227000.0,0.5511
10/07/2026,100000000,PDR,4,400,14050.0,5620000.0,0.043,0.0562,99773000.0,227000.0,0.5511
10/07/2026,100000000,SJS,1,100,47800.0,4780000.0,0.0317,0.0478,99773000.0,227000.0,0.5511
10/07/2026,100000000,TCH,5,500,13650.0,6825000.0,0.0655,0.0683,99773000.0,227000.0,0.5511
10/07/2026,100000000,VCB,1,100,60060.0,6006000.0,0.0387,0.0601,99773000.0,227000.0,0.5511
10/07/2026,100000000,VGC,2,200,39510.0,7902000.0,0.052,0.079,99773000.0,227000.0,0.5511
10/07/2026,100000000,VHC,1,100,57500.0,5750000.0,0.0574,0.0575,99773000.0,227000.0,0.5511
10/07/2026,100000000,VIX,2,200,15450.0,3090000.0,0.0155,0.0309,99773000.0,227000.0,0.5511
10/07/2026,100000000,VSC,1,100,16300.0,1630000.0,0.0088,0.0163,99773000.0,227000.0,0.5511
13/07/2026,100000000,CTD,1,100,67600.0,6760000.0,0.0413,0.0676,99496000.0,504000.0,0.5238
13/07/2026,100000000,DBC,1,100,16900.0,1690000.0,0.0138,0.0169,99496000.0,504000.0,0.5238
13/07/2026,100000000,DGW,2,200,38550.0,7710000.0,0.0459,0.0771,99496000.0,504000.0,0.5238
13/07/2026,100000000,DXG,2,200,12100.0,2420000.0,0.02,0.0242,99496000.0,504000.0,0.5238
13/07/2026,100000000,EIB,3,300,19350.0,5805000.0,0.044,0.058,99496000.0,504000.0,0.5238
13/07/2026,100000000,HAG,2,200,14650.0,2930000.0,0.0207,0.0293,99496000.0,504000.0,0.5238
13/07/2026,100000000,HDC,3,300,14350.0,4305000.0,0.0414,0.043,99496000.0,504000.0,0.5238
13/07/2026,100000000,IMP,3,300,39600.0,11880000.0,0.0936,0.1188,99496000.0,504000.0,0.5238
13/07/2026,100000000,KDC,2,200,49800.0,9960000.0,0.0524,0.0996,99496000.0,504000.0,0.5238
13/07/2026,100000000,KDH,2,200,19800.0,3960000.0,0.0311,0.0396,99496000.0,504000.0,0.5238
13/07/2026,100000000,NLG,1,100,25350.0,2535000.0,0.0252,0.0254,99496000.0,504000.0,0.5238
13/07/2026,100000000,PDR,4,400,13800.0,5520000.0,0.044,0.0552,99496000.0,504000.0,0.5238
13/07/2026,100000000,SJS,1,100,47800.0,4780000.0,0.0329,0.0478,99496000.0,504000.0,0.5238
13/07/2026,100000000,TCH,5,500,13800.0,6900000.0,0.0642,0.069,99496000.0,504000.0,0.5238
13/07/2026,100000000,VCB,1,100,58470.0,5847000.0,0.0393,0.0585,99496000.0,504000.0,0.5238
13/07/2026,100000000,VGC,2,200,39320.0,7864000.0,0.0535,0.0786,99496000.0,504000.0,0.5238
13/07/2026,100000000,VHC,1,100,57000.0,5700000.0,0.056,0.057,99496000.0,504000.0,0.5238
13/07/2026,100000000,VIX,2,200,14650.0,2930000.0,0.0162,0.0293,99496000.0,504000.0,0.5238
14/07/2026,100000000,DBC,1,100,17250.0,1725000.0,0.0135,0.0173,99885000.0,115000.0,0.535
14/07/2026,100000000,DGW,2,200,39000.0,7800000.0,0.0459,0.078,99885000.0,115000.0,0.535
14/07/2026,100000000,DXG,2,200,12300.0,2460000.0,0.02,0.0246,99885000.0,115000.0,0.535
14/07/2026,100000000,EIB,3,300,19500.0,5850000.0,0.0442,0.0585,99885000.0,115000.0,0.535
14/07/2026,100000000,HAG,2,200,14650.0,2930000.0,0.0212,0.0293,99885000.0,115000.0,0.535
14/07/2026,100000000,HDC,3,300,14350.0,4305000.0,0.042,0.043,99885000.0,115000.0,0.535
14/07/2026,100000000,HDG,1,100,19150.0,1915000.0,0.0115,0.0192,99885000.0,115000.0,0.535
14/07/2026,100000000,IMP,3,300,39000.0,11700000.0,0.093,0.117,99885000.0,115000.0,0.535
14/07/2026,100000000,KDC,2,200,50000.0,10000000.0,0.0534,0.1,99885000.0,115000.0,0.535
14/07/2026,100000000,KDH,2,200,19900.0,3980000.0,0.0302,0.0398,99885000.0,115000.0,0.535
14/07/2026,100000000,MBB,1,100,24550.0,2455000.0,0.0152,0.0245,99885000.0,115000.0,0.535
14/07/2026,100000000,NLG,1,100,25300.0,2530000.0,0.0249,0.0253,99885000.0,115000.0,0.535
14/07/2026,100000000,NT2,1,100,21600.0,2160000.0,0.0124,0.0216,99885000.0,115000.0,0.535
14/07/2026,100000000,PDR,4,400,13900.0,5560000.0,0.044,0.0556,99885000.0,115000.0,0.535
14/07/2026,100000000,SJS,1,100,48500.0,4850000.0,0.0324,0.0485,99885000.0,115000.0,0.535
14/07/2026,100000000,TCH,5,500,14300.0,7150000.0,0.0647,0.0715,99885000.0,115000.0,0.535
14/07/2026,100000000,VCB,1,100,58770.0,5877000.0,0.0388,0.0588,99885000.0,115000.0,0.535
14/07/2026,100000000,VGC,2,200,39790.0,7958000.0,0.0527,0.0796,99885000.0,115000.0,0.535
14/07/2026,100000000,VHC,1,100,57400.0,5740000.0,0.0563,0.0574,99885000.0,115000.0,0.535
14/07/2026,100000000,VIX,2,200,14700.0,2940000.0,0.0157,0.0294,99885000.0,115000.0,0.535
15/07/2026,100000000,DBC,1,100,17200.0,1720000.0,0.0147,0.0172,99893000.0,107000.0,0.5909
15/07/2026,100000000,DGW,2,200,37800.0,7560000.0,0.0454,0.0756,99893000.0,107000.0,0.5909
15/07/2026,100000000,DXG,2,200,12200.0,2440000.0,0.0209,0.0244,99893000.0,107000.0,0.5909
15/07/2026,100000000,EIB,3,300,19450.0,5835000.0,0.0435,0.0583,99893000.0,107000.0,0.5909
15/07/2026,100000000,HAG,2,200,14600.0,2920000.0,0.021,0.0292,99893000.0,107000.0,0.5909
15/07/2026,100000000,HDC,3,300,14000.0,4200000.0,0.0419,0.042,99893000.0,107000.0,0.5909
15/07/2026,100000000,HDG,1,100,19000.0,1900000.0,0.0118,0.019,99893000.0,107000.0,0.5909
15/07/2026,100000000,IMP,3,300,39000.0,11700000.0,0.0929,0.117,99893000.0,107000.0,0.5909
15/07/2026,100000000,KDC,2,200,49800.0,9960000.0,0.0541,0.0996,99893000.0,107000.0,0.5909
15/07/2026,100000000,KDH,2,200,19500.0,3900000.0,0.0307,0.039,99893000.0,107000.0,0.5909
15/07/2026,100000000,MBB,1,100,23950.0,2395000.0,0.0157,0.0239,99893000.0,107000.0,0.5909
15/07/2026,100000000,NLG,1,100,24900.0,2490000.0,0.0237,0.0249,99893000.0,107000.0,0.5909
15/07/2026,100000000,NT2,1,100,21550.0,2155000.0,0.0124,0.0215,99893000.0,107000.0,0.5909
15/07/2026,100000000,PDR,4,400,13700.0,5480000.0,0.0437,0.0548,99893000.0,107000.0,0.5909
15/07/2026,100000000,SJS,1,100,48300.0,4830000.0,0.0325,0.0483,99893000.0,107000.0,0.5909
15/07/2026,100000000,TCH,5,500,13900.0,6950000.0,0.0648,0.0695,99893000.0,107000.0,0.5909
15/07/2026,100000000,VGC,2,200,39040.0,7808000.0,0.0518,0.0781,99893000.0,107000.0,0.5909
15/07/2026,100000000,VHC,2,200,56800.0,11360000.0,0.0577,0.1136,99893000.0,107000.0,0.5909
15/07/2026,100000000,VIX,2,200,13950.0,2790000.0,0.0159,0.0279,99893000.0,107000.0,0.5909
15/07/2026,100000000,VSC,1,100,15000.0,1500000.0,0.0089,0.015,99893000.0,107000.0,0.5909
16/07/2026,100000000,DBC,1,100,17750.0,1775000.0,0.0144,0.0177,99194000.0,806000.0,0.6133
16/07/2026,100000000,DGW,2,200,38000.0,7600000.0,0.0439,0.076,99194000.0,806000.0,0.6133
16/07/2026,100000000,DXG,2,200,12200.0,2440000.0,0.0204,0.0244,99194000.0,806000.0,0.6133
16/07/2026,100000000,EIB,3,300,19050.0,5715000.0,0.0431,0.0571,99194000.0,806000.0,0.6133
16/07/2026,100000000,HAG,2,200,14600.0,2920000.0,0.0204,0.0292,99194000.0,806000.0,0.6133
16/07/2026,100000000,HDC,4,400,13800.0,5520000.0,0.0423,0.0552,99194000.0,806000.0,0.6133
16/07/2026,100000000,HDG,1,100,18300.0,1830000.0,0.0119,0.0183,99194000.0,806000.0,0.6133
16/07/2026,100000000,IMP,3,300,40300.0,12090000.0,0.0936,0.1209,99194000.0,806000.0,0.6133
16/07/2026,100000000,KDC,2,200,49700.0,9940000.0,0.0538,0.0994,99194000.0,806000.0,0.6133
16/07/2026,100000000,KDH,2,200,19000.0,3800000.0,0.0301,0.038,99194000.0,806000.0,0.6133
16/07/2026,100000000,MBB,1,100,24150.0,2415000.0,0.0155,0.0242,99194000.0,806000.0,0.6133
16/07/2026,100000000,NLG,1,100,24800.0,2480000.0,0.0228,0.0248,99194000.0,806000.0,0.6133
16/07/2026,100000000,PDR,4,400,13600.0,5440000.0,0.0432,0.0544,99194000.0,806000.0,0.6133
16/07/2026,100000000,SJS,1,100,48000.0,4800000.0,0.0333,0.048,99194000.0,806000.0,0.6133
16/07/2026,100000000,TCH,5,500,13800.0,6900000.0,0.066,0.069,99194000.0,806000.0,0.6133
16/07/2026,100000000,VGC,2,200,39320.0,7864000.0,0.0513,0.0786,99194000.0,806000.0,0.6133
16/07/2026,100000000,VHC,2,200,56700.0,11340000.0,0.0579,0.1134,99194000.0,806000.0,0.6133
16/07/2026,100000000,VIX,2,200,14050.0,2810000.0,0.0161,0.0281,99194000.0,806000.0,0.6133
16/07/2026,100000000,VSC,1,100,15150.0,1515000.0,0.0094,0.0152,99194000.0,806000.0,0.6133
17/07/2026,100000000,DBC,1,100,17450.0,1745000.0,0.0142,0.0175,99985000.0,15000.0,0.6002
17/07/2026,100000000,DGW,2,200,37400.0,7480000.0,0.044,0.0748,99985000.0,15000.0,0.6002
17/07/2026,100000000,DXG,2,200,12200.0,2440000.0,0.0197,0.0244,99985000.0,15000.0,0.6002
17/07/2026,100000000,EIB,3,300,19000.0,5700000.0,0.0425,0.057,99985000.0,15000.0,0.6002
17/07/2026,100000000,HAG,2,200,14550.0,2910000.0,0.0202,0.0291,99985000.0,15000.0,0.6002
17/07/2026,100000000,HDC,4,400,13200.0,5280000.0,0.0423,0.0528,99985000.0,15000.0,0.6002
17/07/2026,100000000,HDG,1,100,17800.0,1780000.0,0.012,0.0178,99985000.0,15000.0,0.6002
17/07/2026,100000000,IMP,3,300,39100.0,11730000.0,0.0934,0.1173,99985000.0,15000.0,0.6002
17/07/2026,100000000,KDC,2,200,49600.0,9920000.0,0.0547,0.0992,99985000.0,15000.0,0.6002
17/07/2026,100000000,KDH,2,200,18450.0,3690000.0,0.0292,0.0369,99985000.0,15000.0,0.6002
17/07/2026,100000000,MBB,1,100,23750.0,2375000.0,0.0154,0.0238,99985000.0,15000.0,0.6002
17/07/2026,100000000,NLG,1,100,24850.0,2485000.0,0.0232,0.0249,99985000.0,15000.0,0.6002
17/07/2026,100000000,NT2,1,100,21550.0,2155000.0,0.0125,0.0215,99985000.0,15000.0,0.6002
17/07/2026,100000000,PDR,4,400,13450.0,5380000.0,0.0426,0.0538,99985000.0,15000.0,0.6002
17/07/2026,100000000,SJS,1,100,47500.0,4750000.0,0.0327,0.0475,99985000.0,15000.0,0.6002
17/07/2026,100000000,TCH,5,500,13450.0,6725000.0,0.0661,0.0673,99985000.0,15000.0,0.6002
17/07/2026,100000000,VGC,2,200,38900.0,7780000.0,0.0519,0.0778,99985000.0,15000.0,0.6002
17/07/2026,100000000,VHC,2,200,57200.0,11440000.0,0.0575,0.1144,99985000.0,15000.0,0.6002
17/07/2026,100000000,VIX,2,200,13750.0,2750000.0,0.0156,0.0275,99985000.0,15000.0,0.6002
17/07/2026,100000000,VSC,1,100,14700.0,1470000.0,0.01,0.0147,99985000.0,15000.0,0.6002
20/07/2026,100000000,BSI,1,100,29850.0,2985000.0,0.0206,0.0299,99973000.0,27000.0,0.5602
20/07/2026,100000000,DBC,1,100,16250.0,1625000.0,0.0141,0.0163,99973000.0,27000.0,0.5602
20/07/2026,100000000,DGW,2,200,35150.0,7030000.0,0.0437,0.0703,99973000.0,27000.0,0.5602
20/07/2026,100000000,DXG,2,200,11350.0,2270000.0,0.0189,0.0227,99973000.0,27000.0,0.5602
20/07/2026,100000000,EIB,3,300,17850.0,5355000.0,0.0421,0.0536,99973000.0,27000.0,0.5602
20/07/2026,100000000,HAG,2,200,14450.0,2890000.0,0.0201,0.0289,99973000.0,27000.0,0.5602
20/07/2026,100000000,HDC,4,400,12300.0,4920000.0,0.0426,0.0492,99973000.0,27000.0,0.5602
20/07/2026,100000000,HDG,1,100,16800.0,1680000.0,0.0118,0.0168,99973000.0,27000.0,0.5602
20/07/2026,100000000,IMP,3,300,37650.0,11295000.0,0.0937,0.1129,99973000.0,27000.0,0.5602
20/07/2026,100000000,KDC,2,200,49500.0,9900000.0,0.0544,0.099,99973000.0,27000.0,0.5602
20/07/2026,100000000,KDH,2,200,17800.0,3560000.0,0.0296,0.0356,99973000.0,27000.0,0.5602
20/07/2026,100000000,MBB,1,100,22800.0,2280000.0,0.0154,0.0228,99973000.0,27000.0,0.5602
20/07/2026,100000000,NLG,1,100,23700.0,2370000.0,0.0237,0.0237,99973000.0,27000.0,0.5602
20/07/2026,100000000,NT2,1,100,20800.0,2080000.0,0.0123,0.0208,99973000.0,27000.0,0.5602
20/07/2026,100000000,PDR,4,400,12700.0,5080000.0,0.0424,0.0508,99973000.0,27000.0,0.5602
20/07/2026,100000000,SJS,1,100,47500.0,4750000.0,0.033,0.0475,99973000.0,27000.0,0.5602
20/07/2026,100000000,TCH,6,600,12550.0,7530000.0,0.0658,0.0753,99973000.0,27000.0,0.5602
20/07/2026,100000000,VGC,2,200,36690.0,7338000.0,0.0528,0.0734,99973000.0,27000.0,0.5602
20/07/2026,100000000,VHC,2,200,55500.0,11100000.0,0.0571,0.111,99973000.0,27000.0,0.5602
20/07/2026,100000000,VIX,2,200,12800.0,2560000.0,0.0161,0.0256,99973000.0,27000.0,0.5602
20/07/2026,100000000,VSC,1,100,13750.0,1375000.0,0.0096,0.0138,99973000.0,27000.0,0.5602
21/07/2026,100000000,BSI,1,100,28850.0,2885000.0,0.0208,0.0289,99948000.0,52000.0,0.567
21/07/2026,100000000,CTD,1,100,58600.0,5860000.0,0.0411,0.0586,99948000.0,52000.0,0.567
21/07/2026,100000000,DBC,1,100,16300.0,1630000.0,0.0137,0.0163,99948000.0,52000.0,0.567
21/07/2026,100000000,DGW,2,200,35550.0,7110000.0,0.0452,0.0711,99948000.0,52000.0,0.567
21/07/2026,100000000,DXG,2,200,11000.0,2200000.0,0.0191,0.022,99948000.0,52000.0,0.567
21/07/2026,100000000,EIB,3,300,17600.0,5280000.0,0.0421,0.0528,99948000.0,52000.0,0.567
21/07/2026,100000000,HAG,2,200,14150.0,2830000.0,0.0204,0.0283,99948000.0,52000.0,0.567
21/07/2026,100000000,HDC,4,400,11950.0,4780000.0,0.042,0.0478,99948000.0,52000.0,0.567
21/07/2026,100000000,HDG,1,100,16550.0,1655000.0,0.0117,0.0165,99948000.0,52000.0,0.567
21/07/2026,100000000,IMP,3,300,36000.0,10800000.0,0.0939,0.108,99948000.0,52000.0,0.567
21/07/2026,100000000,KDC,2,200,49300.0,9860000.0,0.0535,0.0986,99948000.0,52000.0,0.567
21/07/2026,100000000,KDH,2,200,17900.0,3580000.0,0.0303,0.0358,99948000.0,52000.0,0.567
21/07/2026,100000000,MBB,1,100,22700.0,2270000.0,0.0159,0.0227,99948000.0,52000.0,0.567
21/07/2026,100000000,NLG,2,200,23300.0,4660000.0,0.0249,0.0466,99948000.0,52000.0,0.567
21/07/2026,100000000,PDR,4,400,12400.0,4960000.0,0.0421,0.0496,99948000.0,52000.0,0.567
21/07/2026,100000000,TCH,6,600,12450.0,7470000.0,0.0651,0.0747,99948000.0,52000.0,0.567
21/07/2026,100000000,VGC,2,200,36690.0,7338000.0,0.0529,0.0734,99948000.0,52000.0,0.567
21/07/2026,100000000,VHC,2,200,54500.0,10900000.0,0.0567,0.109,99948000.0,52000.0,0.567
21/07/2026,100000000,VIX,2,200,12500.0,2500000.0,0.0157,0.025,99948000.0,52000.0,0.567
21/07/2026,100000000,VSC,1,100,13800.0,1380000.0,0.009,0.0138,99948000.0,52000.0,0.567
22/07/2026,100000000,CTD,1,100,56000.0,5600000.0,0.0416,0.056,99222000.0,777999.9999999991,0.505
22/07/2026,100000000,DBC,1,100,16000.0,1600000.0,0.0144,0.016,99222000.0,777999.9999999991,0.505
22/07/2026,100000000,DGW,2,200,34400.0,6880000.0,0.0431,0.0688,99222000.0,777999.9999999991,0.505
22/07/2026,100000000,DXG,2,200,11100.0,2220000.0,0.0206,0.0222,99222000.0,777999.9999999991,0.505
22/07/2026,100000000,EIB,3,300,16500.0,4950000.0,0.0424,0.0495,99222000.0,777999.9999999991,0.505
22/07/2026,100000000,GAS,1,100,64400.00000000001,6440000.000000001,0.0473,0.0644,99222000.0,777999.9999999991,0.505
22/07/2026,100000000,HAG,2,200,14000.0,2800000.0,0.0207,0.028,99222000.0,777999.9999999991,0.505
22/07/2026,100000000,HDC,4,400,12100.0,4840000.0,0.0405,0.0484,99222000.0,777999.9999999991,0.505
22/07/2026,100000000,HDG,1,100,16400.0,1640000.0,0.0116,0.0164,99222000.0,777999.9999999991,0.505
22/07/2026,100000000,IMP,3,300,35800.0,10740000.0,0.0937,0.1074,99222000.0,777999.9999999991,0.505
22/07/2026,100000000,KDC,2,200,48800.0,9760000.0,0.0541,0.0976,99222000.0,777999.9999999991,0.505
22/07/2026,100000000,KDH,2,200,18000.0,3600000.0,0.031,0.036,99222000.0,777999.9999999991,0.505
22/07/2026,100000000,MBB,1,100,22350.0,2235000.0,0.0161,0.0223,99222000.0,777999.9999999991,0.505
22/07/2026,100000000,NLG,1,100,22650.0,2265000.0,0.022,0.0226,99222000.0,777999.9999999991,0.505
22/07/2026,100000000,PDR,4,400,12100.0,4840000.0,0.0419,0.0484,99222000.0,777999.9999999991,0.505
22/07/2026,100000000,TCH,6,600,11900.0,7140000.0,0.0654,0.0714,99222000.0,777999.9999999991,0.505
22/07/2026,100000000,VGC,2,200,36260.0,7252000.0,0.0519,0.0725,99222000.0,777999.9999999991,0.505
22/07/2026,100000000,VHC,2,200,53100.0,10620000.0,0.0591,0.1062,99222000.0,777999.9999999991,0.505
22/07/2026,100000000,VIX,2,200,12100.0,2420000.0,0.016,0.0242,99222000.0,777999.9999999991,0.505
22/07/2026,100000000,VSC,1,100,13800.0,1380000.0,0.0103,0.0138,99222000.0,777999.9999999991,0.505
23/07/2026,100000000,CTD,1,100,56900.0,5690000.0,0.0421,0.0569,99146000.0,854000.0,0.538
23/07/2026,100000000,DBC,1,100,16100.000000000002,1610000.0000000002,0.0148,0.0161,99146000.0,854000.0,0.538
23/07/2026,100000000,DGW,2,200,34750.0,6950000.0,0.0438,0.0695,99146000.0,854000.0,0.538
23/07/2026,100000000,DXG,2,200,10550.0,2110000.0,0.0202,0.0211,99146000.0,854000.0,0.538
23/07/2026,100000000,EIB,3,300,17650.0,5295000.0,0.0434,0.0529,99146000.0,854000.0,0.538
23/07/2026,100000000,GAS,1,100,66800.0,6680000.0,0.0464,0.0668,99146000.0,854000.0,0.538
23/07/2026,100000000,HAG,2,200,14050.0,2810000.0,0.0209,0.0281,99146000.0,854000.0,0.538
23/07/2026,100000000,HDC,4,400,12200.0,4880000.0,0.0419,0.0488,99146000.0,854000.0,0.538
23/07/2026,100000000,IMP,3,300,35000.0,10500000.0,0.0943,0.105,99146000.0,854000.0,0.538
23/07/2026,100000000,KDC,2,200,48800.0,9760000.0,0.0541,0.0976,99146000.0,854000.0,0.538
23/07/2026,100000000,KDH,2,200,18000.0,3600000.0,0.0309,0.036,99146000.0,854000.0,0.538
23/07/2026,100000000,MBB,1,100,22050.0,2205000.0,0.0164,0.0221,99146000.0,854000.0,0.538
23/07/2026,100000000,NLG,2,200,21800.0,4360000.0,0.0231,0.0436,99146000.0,854000.0,0.538
23/07/2026,100000000,PDR,4,400,12100.0,4840000.0,0.0424,0.0484,99146000.0,854000.0,0.538
23/07/2026,100000000,TCH,6,600,11900.0,7140000.0,0.0652,0.0714,99146000.0,854000.0,0.538
23/07/2026,100000000,VGC,2,200,36780.0,7356000.0,0.0525,0.0736,99146000.0,854000.0,0.538
23/07/2026,100000000,VHC,2,200,53900.0,10780000.0,0.0586,0.1078,99146000.0,854000.0,0.538
23/07/2026,100000000,VIX,2,200,12900.0,2580000.0,0.0156,0.0258,99146000.0,854000.0,0.538
24/07/2026,100000000,CTD,1,100,55100.0,5510000.0,0.0414,0.0551,99581000.0,419000.0,0.5341
24/07/2026,100000000,DBC,1,100,16100.000000000002,1610000.0000000002,0.0145,0.0161,99581000.0,419000.0,0.5341
24/07/2026,100000000,DGW,2,200,33500.0,6700000.0,0.0435,0.067,99581000.0,419000.0,0.5341
24/07/2026,100000000,DXG,3,300,10100.0,3030000.0,0.0206,0.0303,99581000.0,419000.0,0.5341
24/07/2026,100000000,EIB,3,300,17500.0,5250000.0,0.0433,0.0525,99581000.0,419000.0,0.5341
24/07/2026,100000000,HAG,2,200,14000.0,2800000.0,0.0196,0.028,99581000.0,419000.0,0.5341
24/07/2026,100000000,HDC,4,400,11700.0,4680000.0,0.0416,0.0468,99581000.0,419000.0,0.5341
24/07/2026,100000000,HDG,1,100,16300.0,1630000.0,0.0113,0.0163,99581000.0,419000.0,0.5341
24/07/2026,100000000,IMP,3,300,35000.0,10500000.0,0.0949,0.105,99581000.0,419000.0,0.5341
24/07/2026,100000000,KDC,2,200,48700.0,9740000.0,0.0538,0.0974,99581000.0,419000.0,0.5341
24/07/2026,100000000,KDH,2,200,17400.0,3480000.0,0.0309,0.0348,99581000.0,419000.0,0.5341
24/07/2026,100000000,MBB,1,100,21900.0,2190000.0,0.0159,0.0219,99581000.0,419000.0,0.5341
24/07/2026,100000000,NLG,2,200,21350.0,4270000.0,0.0234,0.0427,99581000.0,419000.0,0.5341
24/07/2026,100000000,PDR,4,400,11950.0,4780000.0,0.0421,0.0478,99581000.0,419000.0,0.5341
24/07/2026,100000000,SJS,1,100,47200.0,4720000.0,0.0336,0.0472,99581000.0,419000.0,0.5341
24/07/2026,100000000,TCH,6,600,11700.0,7020000.0,0.065,0.0702,99581000.0,419000.0,0.5341
24/07/2026,100000000,VGC,2,200,35280.0,7056000.0,0.052,0.0706,99581000.0,419000.0,0.5341
24/07/2026,100000000,VHC,2,200,53900.0,10780000.0,0.0582,0.1078,99581000.0,419000.0,0.5341
24/07/2026,100000000,VIX,2,200,12450.0,2490000.0,0.0157,0.0249,99581000.0,419000.0,0.5341
24/07/2026,100000000,VSC,1,100,13450.0,1345000.0,0.0094,0.0135,99581000.0,419000.0,0.5341
27/07/2026,100000000,BSI,1,100,26250.0,2625000.0,0.0208,0.0262,99954000.0,46000.0,0.5033
27/07/2026,100000000,CTD,1,100,55200.0,5520000.0,0.0418,0.0552,99954000.0,46000.0,0.5033
27/07/2026,100000000,DBC,1,100,15700.0,1570000.0,0.013,0.0157,99954000.0,46000.0,0.5033
27/07/2026,100000000,DGW,2,200,33150.0,6630000.0,0.044,0.0663,99954000.0,46000.0,0.5033
27/07/2026,100000000,DXG,2,200,9970.0,1994000.0,0.0187,0.0199,99954000.0,46000.0,0.5033
27/07/2026,100000000,EIB,3,300,17200.0,5160000.0,0.0425,0.0516,99954000.0,46000.0,0.5033
27/07/2026,100000000,HAG,2,200,13700.0,2740000.0,0.0192,0.0274,99954000.0,46000.0,0.5033
27/07/2026,100000000,HDC,4,400,10900.0,4360000.0,0.0432,0.0436,99954000.0,46000.0,0.5033
27/07/2026,100000000,HDG,1,100,15500.0,1550000.0,0.0102,0.0155,99954000.0,46000.0,0.5033
27/07/2026,100000000,IMP,3,300,35000.0,10500000.0,0.0948,0.105,99954000.0,46000.0,0.5033
27/07/2026,100000000,KDC,2,200,48700.0,9740000.0,0.0531,0.0974,99954000.0,46000.0,0.5033
27/07/2026,100000000,KDH,2,200,16400.0,3280000.0,0.0304,0.0328,99954000.0,46000.0,0.5033
27/07/2026,100000000,MBB,1,100,21650.0,2165000.0,0.0158,0.0216,99954000.0,46000.0,0.5033
27/07/2026,100000000,NLG,2,200,20000.0,4000000.0,0.0245,0.04,99954000.0,46000.0,0.5033
27/07/2026,100000000,PDR,4,400,11150.0,4460000.0,0.0416,0.0446,99954000.0,46000.0,0.5033
27/07/2026,100000000,SJS,1,100,47200.0,4720000.0,0.0338,0.0472,99954000.0,46000.0,0.5033
27/07/2026,100000000,TCH,7,700,11000.0,7700000.0,0.0653,0.077,99954000.0,46000.0,0.5033
27/07/2026,100000000,VGC,2,200,34900.0,6980000.0,0.054,0.0698,99954000.0,46000.0,0.5033
27/07/2026,100000000,VHC,2,200,53200.0,10640000.0,0.0569,0.1064,99954000.0,46000.0,0.5033
27/07/2026,100000000,VIX,2,200,11750.0,2350000.0,0.0158,0.0235,99954000.0,46000.0,0.5033
27/07/2026,100000000,VSC,1,100,12700.0,1270000.0,0.0084,0.0127,99954000.0,46000.0,0.5033
28/07/2026,100000000,BSI,1,100,26900.0,2690000.0,0.0202,0.0269,99340000.0,659999.9999999998,0.4909
28/07/2026,100000000,CTD,1,100,57600.0,5760000.0,0.0422,0.0576,99340000.0,659999.9999999998,0.4909
28/07/2026,100000000,DBC,1,100,16000.0,1600000.0,0.0134,0.016,99340000.0,659999.9999999998,0.4909
28/07/2026,100000000,DGW,2,200,33950.0,6790000.0,0.0428,0.0679,99340000.0,659999.9999999998,0.4909
28/07/2026,100000000,DXG,2,200,10250.0,2050000.0,0.02,0.0205,99340000.0,659999.9999999998,0.4909
28/07/2026,100000000,EIB,3,300,17350.0,5205000.0,0.0405,0.052,99340000.0,659999.9999999998,0.4909
28/07/2026,100000000,HAG,2,200,14000.0,2800000.0,0.019,0.028,99340000.0,659999.9999999998,0.4909
28/07/2026,100000000,HDC,4,400,11200.0,4480000.0,0.0409,0.0448,99340000.0,659999.9999999998,0.4909
28/07/2026,100000000,HDG,1,100,16100.000000000002,1610000.0000000002,0.0106,0.0161,99340000.0,659999.9999999998,0.4909
28/07/2026,100000000,IMP,3,300,35000.0,10500000.0,0.0947,0.105,99340000.0,659999.9999999998,0.4909
28/07/2026,100000000,KDC,2,200,48800.0,9760000.0,0.0532,0.0976,99340000.0,659999.9999999998,0.4909
28/07/2026,100000000,KDH,2,200,16950.0,3390000.0,0.0317,0.0339,99340000.0,659999.9999999998,0.4909
28/07/2026,100000000,MBB,1,100,22150.0,2215000.0,0.0158,0.0221,99340000.0,659999.9999999998,0.4909
28/07/2026,100000000,NLG,1,100,20600.0,2060000.0,0.0202,0.0206,99340000.0,659999.9999999998,0.4909
28/07/2026,100000000,PDR,4,400,11500.0,4600000.0,0.0422,0.046,99340000.0,659999.9999999998,0.4909
28/07/2026,100000000,TCH,6,600,11250.0,6750000.0,0.0658,0.0675,99340000.0,659999.9999999998,0.4909
28/07/2026,100000000,VCB,1,100,54100.0,5410000.0,0.0386,0.0541,99340000.0,659999.9999999998,0.4909
28/07/2026,100000000,VGC,2,200,35750.0,7150000.0,0.0527,0.0715,99340000.0,659999.9999999998,0.4909
28/07/2026,100000000,VHC,2,200,53800.0,10760000.0,0.0603,0.1076,99340000.0,659999.9999999998,0.4909
28/07/2026,100000000,VIX,2,200,12300.0,2460000.0,0.0161,0.0246,99340000.0,659999.9999999998,0.4909
28/07/2026,100000000,VSC,1,100,13000.0,1300000.0,0.0105,0.013,99340000.0,659999.9999999998,0.4909
