Date,fnb_ratio
2016-11-10,0.09934283060224654
2016-11-11,-0.02265378610872389
2016-11-14,0.13953030185864745
2016-11-15,0.3195809837786293
2016-11-16,-0.026889881551320084
2016-11-17,-0.02194297148582386
2016-11-18,0.34564296272073747
2016-11-21,0.18817021667572653
2016-11-22,-0.054367268515460164
2016-11-23,0.15284003971639387
2016-11-24,-0.04360433404306962
2016-11-25,-0.0393701000747588
2016-11-28,0.1068052056595044
2016-11-29,-0.3196712939259887
2016-11-30,-0.27749678441920667
2016-12-01,-0.040543675057564094
2016-12-02,-0.12630524142718957
2016-12-05,0.14337287442814897
2016-12-06,-0.0969084440949869
2016-12-07,-0.19368550452324537
2016-12-08,0.3858852242447714
2016-12-09,0.05147739298834651
2016-12-12,0.1139081169751547
2016-12-13,-0.18088888623082328
2016-12-14,-0.001273131270108127
2016-12-15,0.13321104592137878
2016-12-16,-0.11587242454738464
2016-12-19,0.1926386401132569
2016-12-20,0.0004135015704006678
2016-12-21,0.06511077039583253
2016-12-22,0.005879325275305075
2016-12-23,0.4993071798107164
2016-12-26,0.12863983802391704
2016-12-27,-0.07786108178196477
2016-12-28,0.300383386660245
2016-12-29,-0.1062519831061412
2016-12-30,0.181578581896035
2017-01-02,-0.25039437133872516
2017-01-03,-0.12252101752075367
2017-01-04,0.18390597498640365
2017-01-05,0.293484001203579
2017-01-06,0.18115932418266795
2017-01-09,0.12468780302062091
2017-01-10,0.08836428551933602
2017-01-11,-0.14651688748322703
2017-01-12,0.005655406311666444
2017-01-13,0.05776699742743738
2017-01-16,0.3614231661886428
2017-01-17,0.21865969836991805
2017-01-18,-0.20290125128051456
2017-01-19,0.21412798754172374
2017-01-20,0.07173326548460697
2017-01-23,0.012638587246277838
2017-01-24,0.26946705605748367
2017-01-25,0.3522770491309195
2017-01-26,0.3311162218868647
2017-01-27,-0.02436119402187273
2017-01-30,0.08010253798286926
2017-01-31,0.20650269988585646
2017-02-01,0.33350822056167617
2017-02-02,0.040559766454794255
2017-02-03,0.0971067020384471
2017-02-06,-0.0893337541585714
2017-02-07,-0.10975991981880312
2017-02-08,0.2893908789237315
2017-02-09,0.3953970585330586
2017-02-10,0.10687243625687173
2017-02-13,0.31897171098108545
2017-02-14,0.18745161370713503
2017-02-15,-0.017168169094516836
2017-02-16,0.18074200336243146
2017-02-17,0.4125567928328796
2017-02-20,0.09415426926068234
2017-02-21,0.41050563901513076
2017-02-22,-0.4302230909440606
2017-02-23,0.2541513224906382
2017-02-24,0.10312539088292136
2017-02-27,0.021764431605290874
2017-02-28,0.09567736108032009
2017-03-01,-0.3245151820125338
2017-03-02,0.02465651642786941
2017-03-03,0.13552949633742375
2017-03-06,0.3551306556381657
2017-03-07,-0.04872349490211699
2017-03-08,-0.11145049805525178
2017-03-09,-0.0548413386117289
2017-03-10,0.22380177916475724
2017-03-13,0.10163762131403425
2017-03-14,-0.07493846880977523
2017-03-15,0.1287587747940356
2017-03-16,0.04058351107858816
2017-03-17,0.20993619452952755
2017-03-20,-0.1291822334672314
2017-03-21,-0.05929532995456008
2017-03-22,-0.0771827466734359
2017-03-23,-0.29646369749569906
2017-03-24,0.0504679338987782
2017-03-27,0.03846924740008169
2017-03-28,-0.01768953396839264
2017-03-29,-0.07057928079651661
2017-03-30,-0.3116593428414057
2017-03-31,-0.11760584090783893
2017-04-03,-0.10687406860937858
2017-04-04,-0.2035984218573244
2017-04-05,-0.0801639808624654
2017-04-06,0.028192687209464717
2017-04-07,0.31996750892264436
2017-04-10,-0.02694266884270323
2017-04-11,-0.014867988349674989
2017-04-12,-0.08571333815416861
2017-04-13,-0.45894580034806004
2017-04-14,-0.08477819622611739
2017-04-17,-0.07162494514878703
2017-04-18,0.40487482851502476
2017-04-19,-0.13025087659763235
2017-04-20,-0.035372337960805286
2017-04-21,-0.1064209798798862
2017-04-24,-0.3369005314015025
2017-04-25,0.12182795816656465
2017-04-26,0.04019690618883136
2017-04-27,0.04468601511242018
2017-04-28,-0.29860241713220315
2017-05-01,0.16075906649102067
2017-05-02,-0.4031117792181177
2017-05-03,-0.008175551971824666
2017-05-04,0.30987823407616977
2017-05-05,-0.3288436308881759
2017-05-08,-0.2463741373798145
2017-05-09,-0.11541465263174196
2017-05-10,-0.23812002133565807
2017-05-11,-0.4494848614038408
2017-05-12,-0.12741204349350566
2017-05-15,-0.3552010538286484
2017-05-16,-0.049478911924132396
2017-05-17,-0.3293791273690765
2017-05-18,0.16335736335374337
2017-05-19,-0.30425250664296577
2017-05-22,-0.2128224950740916
2017-05-23,0.0136497929289143
2017-05-24,-0.3957043727107714
2017-05-25,-0.10435125064386334
2017-05-26,0.11144006222187053
2017-05-29,-0.4714637481708689
2017-05-30,-0.11285232749180373
2017-05-31,-0.09744813247569137
2017-06-01,0.007460302965439175
2017-06-02,-0.3956085597586549
2017-06-05,-0.41145921451050516
2017-06-06,-0.04196532613952189
2017-06-07,-0.08577985188718033
2017-06-08,-0.09374007113029545
2017-06-09,-0.07305104805095101
2017-06-12,-0.27668954133831425
2017-06-13,-0.09242146291695916
2017-06-14,-0.0782910248556472
2017-06-15,-0.277657017127383
2017-06-16,0.24063670387092834
2017-06-19,-0.03533585020201355
2017-06-20,-0.36580282497535016
2017-06-21,0.006470605393180756
2017-06-22,-0.31693574278060127
2017-06-23,0.03839376195948155
2017-06-26,0.11580444266808276
2017-06-27,-0.2768138689918063
2017-06-28,0.08336027386446149
2017-06-29,-0.023274863448259117
2017-06-30,0.06218246547888032
2017-07-03,0.2808440902165018
2017-07-04,-0.14376761888142234
2017-07-05,-0.24150751655400282
2017-07-06,-0.264632622186751
2017-07-07,-0.2457648883827333
2017-07-10,-0.09380449597461846
2017-07-11,-0.005847996389989077
2017-07-12,-0.014352167046059787
2017-07-13,0.10021181386344319
2017-07-14,-0.05808650127006616
2017-07-17,0.23462531570692796
2017-07-18,-0.10434517944303079
2017-07-19,0.4973448286209506
2017-07-20,0.08322114482316237
2017-07-21,-0.20852059110806914
2017-07-24,-0.24640312825892224
2017-07-25,0.06917010740782267
2017-07-26,-0.067086322093766
2017-07-27,0.12536182405938395
2017-07-28,0.08218411449208451
2017-07-31,-0.022040481665982492
2017-08-01,-0.17183642700798524
2017-08-02,-0.3004473598645205
2017-08-03,-0.08178393893107831
2017-08-04,0.18378742302858314
2017-08-07,0.06030112955361484
2017-08-08,-0.22671008152008115
2017-08-09,0.06200422444647656
2017-08-10,0.10933147415893968
2017-08-11,-0.13963938010184013
2017-08-14,0.07269998317591994
2017-08-15,0.05837294821620666
2017-08-16,-0.17713853125195203
2017-08-17,0.12768015665533966
2017-08-18,0.17288439336613662
2017-08-21,0.28187507149503505
2017-08-22,0.280490058278845
2017-08-23,-0.20141687092062702
2017-08-24,-0.10914299511357263
2017-08-25,0.18564694900779916
2017-08-28,0.18952315484067178
2017-08-29,0.19380517331041328
2017-08-30,0.8652707308718359
2017-08-31,0.21272609194645176
2017-09-01,0.3293751872827184
2017-09-04,0.2966628673941437
2017-09-05,0.23962360628004098
2017-09-06,0.04965286482327508
2017-09-07,0.26773669749542595
2017-09-08,-0.03551486333014142
2017-09-11,0.07466151868017075
2017-09-12,0.027792019866692164
2017-09-13,0.14394032097154918
2017-09-14,0.5930562437775226
2017-09-15,-0.24091404015179413
2017-09-18,0.2720582524466467
2017-09-19,-0.1856195146751947
2017-09-20,0.044502608282600914
2017-09-21,0.35849011590968405
2017-09-22,0.1552106965563363
2017-09-25,-0.07169772386340165
2017-09-26,0.002127208952729276
2017-09-27,0.28228291466506167
2017-09-28,0.001302841704528629
2017-09-29,0.19151695299794502
2017-10-02,0.15802399063920572
2017-10-03,0.019108500897237923
2017-10-04,0.5785703196712559
2017-10-05,0.2767518291757354
2017-10-06,-0.25504058542377717
2017-10-09,0.18713206422985132
2017-10-10,0.017170702882060268
2017-10-11,0.3195353305201284
2017-10-12,-0.010100410693032885
2017-10-13,0.12464664435895595
2017-10-16,0.24761760603275168
2017-10-17,0.3186345104607873
2017-10-18,-0.09587412172921611
2017-10-19,0.07582640966926049
2017-10-20,0.046120521269774714
2017-10-23,0.00866988974253527
2017-10-24,0.4904979339184997
2017-10-25,0.2163221172556351
2017-10-26,-0.11908267465280489
2017-10-27,0.3142869781168736
2017-10-30,0.5526210756157688
2017-10-31,0.3320157158672134
2017-11-01,-0.1811579586030974
2017-11-02,0.022926252320273247
2017-11-03,0.3700792601731047
2017-11-06,-0.028042550707336494
2017-11-07,0.19892345031036268
2017-11-08,0.2616322094482381
2017-11-09,-0.08225341204865735
2017-11-10,0.08754031329996748
2017-11-13,-0.5526058658971714
2017-11-14,-0.1131339738194386
2017-11-15,0.03722394865513219
2017-11-16,-0.16592251014551052
2017-11-17,0.4059200161445553
2017-11-20,-0.21087514712344388
2017-11-21,-0.017223891504818928
2017-11-22,0.09248635593334667
2017-11-23,0.3500724305994866
2017-11-24,-0.22994380519407867
2017-11-27,0.2852086462546899
2017-11-28,0.049911366556320225
2017-11-29,-0.15320129546469902
2017-11-30,0.1307089250521318
2017-12-01,0.07324542622973115
2017-12-04,-0.09150177628064723
2017-12-05,0.03757841823351388
2017-12-06,-0.05839455584629279
2017-12-07,0.03640105438346201
2017-12-08,0.14113792391448016
2017-12-11,0.32091967704707414
2017-12-12,-0.24884638999488623
2017-12-13,0.42032520640022886
2017-12-14,-0.4016902279737718
2017-12-15,-0.046608362587587875
2017-12-18,0.09645147758178002
2017-12-19,0.030049356363559588
2017-12-20,-0.15559692284246868
2017-12-21,-0.07755496604100243
2017-12-22,-0.13936428089340794
2017-12-25,-0.163425334098524
2017-12-26,0.11963035701876343
2017-12-27,0.01643122780522021
2017-12-28,-0.1981745212427252
2017-12-29,0.11577284796498563
2018-01-01,-0.007170479890976321
2018-01-02,0.08953503167867842
2018-01-03,0.04856251341681353
2018-01-04,-0.2474021688178199
2018-01-05,-0.1977886245482243
2018-01-08,0.05965232628124632
2018-01-09,0.02831345575276066
2018-01-10,-0.10179094992160079
2018-01-11,-0.07788674204691792
2018-01-12,0.1505517760186536
2018-01-15,-0.22680783035542407
2018-01-16,-0.002465888573187372
2018-01-17,-0.15559140195131618
2018-01-18,-0.1618286829789277
2018-01-19,0.09845478107249171
2018-01-22,0.040909299434757934
2018-01-23,0.035792534102932205
2018-01-24,0.13159194298005913
2018-01-25,-0.1277535956691987
2018-01-26,0.0021322871032446455
2018-01-29,-0.1984664395496687
2018-01-30,-0.07358304274423257
2018-01-31,-0.16629436746263332
2018-02-01,-0.12256017052717255
2018-02-02,-0.024463847353145454
2018-02-05,-0.3085158535949956
2018-02-06,0.27239022735145935
2018-02-07,-0.3483439108099141
2018-02-08,-0.3908678895575276
2018-02-09,0.0828667379444813
2018-02-12,0.009017100796630567
2018-02-13,-0.024885585144833827
2018-02-14,-0.02426822872052442
2018-02-15,-0.15244788555198843
2018-02-16,-0.3293439560859479
2018-02-19,-0.134460188508086
2018-02-20,-0.28461523053302074
2018-02-21,0.04644501378642013
2018-02-22,-0.1772213814462029
2018-02-23,-0.3119760987311999
2018-02-26,-0.2100574007522346
2018-02-27,-0.06193555157683614
2018-02-28,-0.25584779804610824
2018-03-01,-0.30596902316560903
2018-03-02,-0.09105232294275385
2018-03-05,-0.0889059646279568
2018-03-06,-0.2372442202981914
2018-03-07,-0.22786861604803965
2018-03-08,-0.084907838731737
2018-03-09,-0.41844567059540094
2018-03-12,-0.40768940340375803
2018-03-13,-0.2671131334957935
2018-03-14,-0.16320423490287553
2018-03-15,-0.055289913815887576
2018-03-16,0.18077370580205543
2018-03-19,0.060535261905598506
2018-03-20,-0.13956017566816692
2018-03-21,-0.10783200429710613
2018-03-22,-0.30087535187323866
2018-03-23,-0.10030131105568608
2018-03-26,-0.15045229461958265
2018-03-27,-0.024195724433044144
2018-03-28,-0.2501059046315776
2018-03-29,0.02338336514816923
2018-03-30,0.23032504366102524
2018-04-02,-0.09362688577968709
2018-04-03,0.012895224739598074
2018-04-04,0.07508434937549965
2018-04-05,-0.13861594082931958
2018-04-06,-0.008915895973440946
2018-04-09,-0.046518758710189435
2018-04-10,-0.024750384911639656
2018-04-11,-0.19408672547596345
2018-04-12,-0.029738030033386667
2018-04-13,0.06984278258093252
2018-04-16,0.26538809524176193
2018-04-17,0.1719573863910887
2018-04-18,0.41570566565276335
2018-04-19,-0.16341779718029
2018-04-20,0.16950943661443377
2018-04-23,0.03671280899314567
2018-04-24,0.443004043726705
2018-04-25,-0.15162275407251316
2018-04-26,-0.15292517060416932
2018-04-27,-0.0998937228758131
2018-04-30,-0.39985093355222745
2018-05-01,-0.0753070833777059
2018-05-02,-0.11710005854550878
2018-05-03,0.06964920246895683
2018-05-04,0.1127216486472102
2018-05-07,0.4243553337138312
2018-05-08,0.24390207186698076
2018-05-09,-0.05692708001173826
2018-05-10,-0.11665787874567547
2018-05-11,0.165910272872899
2018-05-14,-0.19209384221421233
2018-05-15,0.4425909728267268
2018-05-16,0.31644889520474795
2018-05-17,-0.009102111746923588
2018-05-18,-0.25381587861209204
2018-05-21,0.36356484078871276
2018-05-22,0.07375864479401661
2018-05-23,0.34799872672418275
2018-05-24,-0.21479280157231506
2018-05-25,-0.012240656427492266
2018-05-28,0.11210512343650393
2018-05-29,0.12375115301889263
2018-05-30,0.027513541358473517
2018-05-31,0.2451376504522429
2018-06-01,-0.09004934523282557
2018-06-04,0.09776873884680617
2018-06-05,0.15293339857085414
2018-06-06,0.23424849504000317
2018-06-07,0.27602421699508994
2018-06-08,-0.08903520702130457
2018-06-11,-0.1688886313086841
2018-06-12,0.3953573126751734
2018-06-13,0.20801715281253402
2018-06-14,-0.00656782282245949
2018-06-15,0.45477599562975846
2018-06-18,0.16893605206781812
2018-06-19,0.382754100455332
2018-06-20,0.16132869717703252
2018-06-21,0.560740688330628
2018-06-22,0.5002602883627265
2018-06-25,0.09983455302445862
2018-06-26,0.34421059850305874
2018-06-27,0.2790740876772102
2018-06-28,0.42366104870410154
2018-06-29,-0.043280694208566645
2018-07-02,0.28651722824258735
2018-07-03,0.36042889071266376
2018-07-04,-0.20373210264343086
2018-07-05,-0.08952855336016458
2018-07-06,-0.2617793868774131
2018-07-09,0.09096729959348006
2018-07-10,0.2869778073881847
2018-07-11,0.44240206075866373
2018-07-12,0.1550532144126575
2018-07-13,0.4641051740164763
2018-07-16,-0.1396441637808257
2018-07-17,-0.2064578120499553
2018-07-18,0.12080256594664578
2018-07-19,0.20627206998306435
2018-07-20,0.12032307505262152
2018-07-23,-0.28936429561432325
2018-07-24,0.10342431328903422
2018-07-25,-0.1426560899946732
2018-07-26,0.24903044560638135
2018-07-27,0.18514583826137065
2018-07-30,-0.07954375483867467
2018-07-31,0.002144363274497671
2018-08-01,-0.11055597780146444
2018-08-02,0.08500735656893314
2018-08-03,0.2847197182992985
2018-08-06,-0.10740996864746821
2018-08-07,0.18648883355256718
2018-08-08,-0.02452289405996877
2018-08-09,-0.08128741665125823
2018-08-10,0.05155373133715838
2018-08-13,-0.13849706657121322
2018-08-14,-0.046663029739734616
2018-08-15,-0.18006449254817788
2018-08-16,0.44783424988621756
2018-08-17,0.057259088651571366
2018-08-20,-0.09447734808666178
2018-08-21,0.08347459586478433
2018-08-22,0.013378669711059492
2018-08-23,-0.01322379761597511
2018-08-24,0.1488948968799175
2018-08-27,0.1726255788569748
2018-08-28,-0.0899371816771889
2018-08-29,-0.10397954656586304
2018-08-30,-0.04881760977802889
2018-08-31,-0.4591897553792264
2018-09-03,-0.30684331403064274
2018-09-04,0.2645744002383492
2018-09-05,0.3152075151661045
2018-09-06,-0.06856349333891623
2018-09-07,0.0916056876775787
2018-09-10,0.033621243702578824
2018-09-11,0.5822560990306883
2018-09-12,0.18554088523795395
2018-09-13,-0.0687690157959131
2018-09-14,-0.2390570066273206
2018-09-17,-0.3739483319229396
2018-09-18,-0.016617985404156738
2018-09-19,-0.2131688336670527
2018-09-20,-0.350868628614026
2018-09-21,-0.20017787480827523
2018-09-24,-0.2915395802403878
2018-09-25,0.25791524706597313
2018-09-26,0.0926201106968732
2018-09-27,-0.08940412960053466
2018-09-28,0.20417502298673224
2018-10-01,-0.08024234082266846
2018-10-02,-0.27176869891200045
2018-10-03,0.20142765900779153
2018-10-04,0.001014207381563284
2018-10-05,-0.31766905722342825
2018-10-08,-0.1516171318429638
2018-10-09,-0.2918764624570962
2018-10-10,-0.39638646019165313
2018-10-11,0.062468421532636514
2018-10-12,0.2563120613910641
2018-10-15,-0.407949449484767
2018-10-16,-0.018164284221397625
2018-10-17,-0.2632635688615911
2018-10-18,-0.23278914112546312
2018-10-19,-0.255921467965455
2018-10-22,-0.31216675584611847
2018-10-23,-0.13143535544934426
2018-10-24,-0.3089439761008566
2018-10-25,-0.09011825862596576
2018-10-26,-0.15555269855556364
2018-10-29,-0.19442848158451814
2018-10-30,-0.3291224831705661
2018-10-31,-0.2637708997783689
2018-11-01,0.0020196207000960364
2018-11-02,-0.04935157238136326
2018-11-05,-0.34535630967981745
2018-11-06,-0.13012257112960454
2018-11-07,0.00031126001340614495
2018-11-08,-0.4836577396869289
2018-11-09,-0.04074876065974266
2018-11-12,-0.2814236588597643
2018-11-13,-0.03409185337500012
2018-11-14,-0.3000114341314983
2018-11-15,-0.5073203209531274
2018-11-16,-0.47067409711523944
2018-11-19,-0.13420904873718473
2018-11-20,-0.09038217434342222
2018-11-21,-0.3215325102193246
2018-11-22,-0.011136919330629713
2018-11-23,-0.4691913799224696
2018-11-26,-0.14798320058828965
2018-11-27,-0.37470062668716353
2018-11-28,-0.260447548483269
2018-11-29,-0.1180390125333928
2018-11-30,-0.29689816534959024
2018-12-03,-0.19888467559518835
2018-12-04,0.08226243427426244
2018-12-05,-0.231264856615084
2018-12-06,0.05449033539727695
2018-12-07,-0.3352259093003237
2018-12-10,0.0001612618832128182
2018-12-11,0.1861166592982551
2018-12-12,-0.5928099142117171
2018-12-13,-0.2540346014156091
2018-12-14,0.024689502075165404
2018-12-17,-0.12730257747206275
2018-12-18,-0.008336585299074703
2018-12-19,-0.19914332578717386
2018-12-20,-0.05672181604851821
2018-12-21,-0.10078644692253275
2018-12-24,0.16837156902117695
2018-12-25,-0.00976209721954164
2018-12-26,0.011480222467025673
2018-12-27,-0.13374748599493536
2018-12-28,-0.14416804558928842
2018-12-31,-0.1283813213632994
2019-01-01,0.04184437921516624
2019-01-02,-0.11637815241988883
2019-01-03,0.03067426176879292
2019-01-04,0.39273030585695795
2019-01-07,0.15683077342425555
2019-01-08,-0.07762386202254849
2019-01-09,0.23281243830103387
2019-01-10,-0.08404835610310496
2019-01-11,-0.4050584205056231
2019-01-14,-0.19405385901245914
2019-01-15,-0.36160646739627705
2019-01-16,-0.052776211644426155
2019-01-17,0.02616525728735319
2019-01-18,0.3626991629679971
2019-01-21,0.0976968397042852
2019-01-22,-0.00664497456432888
2019-01-23,0.20787871180326245
2019-01-24,-0.395453661540385
2019-01-25,0.0986201509446975
2019-01-28,0.21033690330524082
2019-01-29,-0.23494915793921672
2019-01-30,0.29405561269731983
2019-01-31,0.13746824421895565
2019-02-01,-0.008901975288026123
2019-02-04,0.20501623799491145
2019-02-05,0.5368155240602318
2019-02-06,0.12317543646173867
2019-02-07,0.14047509771800737
2019-02-08,0.0028866815905768672
2019-02-11,-0.0713874092290419
2019-02-12,0.26836170631906947
2019-02-13,-0.06532279390485418
2019-02-14,0.12368899791344962
2019-02-15,0.017204522949798892
2019-02-18,0.21176698864738566
2019-02-19,0.18580961098873935
2019-02-20,0.32955904947764564
2019-02-21,0.022886051816476086
2019-02-22,0.073613862414346
2019-02-25,-0.0656061280602114
2019-02-26,0.04370113474322447
2019-02-27,0.21028578201499293
2019-02-28,0.2883395109382145
2019-03-01,-0.04552731647690775
2019-03-04,0.3146365676990095
2019-03-05,0.41349625480817437
2019-03-06,0.2265507902820643
2019-03-07,0.520558264861958
2019-03-08,-0.008384762155668302
2019-03-11,-0.10154650937709561
2019-03-12,-0.20751201019228657
2019-03-13,0.44812382317322264
2019-03-14,0.280305567685277
2019-03-15,0.13866695710413138
2019-03-18,0.20596266028536445
2019-03-19,-0.07511044742478937
2019-03-20,0.6389895477774806
2019-03-21,0.1753687055368654
2019-03-22,0.1709226224340626
2019-03-25,0.29355059392665883
2019-03-26,0.24378785054013508
2019-03-27,0.19138757482857058
2019-03-28,-0.012622241109037619
2019-03-29,0.23846658010251665
2019-04-01,0.5191178893769208
2019-04-02,0.4101785254123892
2019-04-03,0.45795661043946545
2019-04-04,0.035146133882591066
2019-04-05,-0.06261435143499222
2019-04-08,0.10791624528392303
2019-04-09,0.1418377825508002
2019-04-10,0.3470050737993976
2019-04-11,-0.21299458016255546
2019-04-12,0.4286005556521833
2019-04-15,0.08814474787730384
2019-04-16,0.0312929102806799
2019-04-17,-0.08895857446255545
2019-04-18,-0.2208419150145954
2019-04-19,0.2713083002282803
2019-04-22,0.11776402505473606
2019-04-23,-0.15858004557847982
2019-04-24,-0.1634023649901874
2019-04-25,0.02455147735436121
2019-04-26,0.4215058612534419
2019-04-29,0.03167898775492825
2019-04-30,-0.2212285080059171
2019-05-01,0.025966080244981246
2019-05-02,0.016201136514595316
2019-05-03,-0.4730789199446312
2019-05-06,0.0509183354417532
2019-05-07,0.011000667706505422
2019-05-08,0.19177557584851876
2019-05-09,0.41761388496941027
2019-05-10,0.26837090360871074
2019-05-13,-0.01553244637188312
2019-05-14,-0.18791498680337074
2019-05-15,0.5431699620192878
2019-05-16,0.0354178330823848
2019-05-17,0.02140995850161513
2019-05-20,0.008828345007976524
2019-05-21,0.048284407896413854
2019-05-23,-0.025200162943779837
2019-05-24,-0.11606009776960784
2019-05-27,-0.1156976253945824
2019-05-28,-0.017867603885488144
2019-05-29,-0.12498044354036497
2019-05-30,-0.16382508089755904
2019-05-31,-0.0049066983652683305
2019-06-03,-0.08209590657518487
2019-06-04,0.2648249683087408
2019-06-05,-0.5710007904046936
2019-06-06,0.17270667906283532
2019-06-07,0.1988851406598004
2019-06-10,-0.46969123168647814
2019-06-11,-0.1281708712842847
2019-06-12,-0.13847543978511154
2019-06-13,-0.3501722070655435
2019-06-14,-0.2286395143872515
2019-06-17,-0.2995164664751094
2019-06-18,0.26881366426864817
2019-06-19,0.10134683036305767
2019-06-20,0.16446905899887132
2019-06-21,0.05053915623250266
2019-06-24,-0.3234547000933829
2019-06-25,-0.20628900470741632
2019-06-26,-0.0071380052915092085
2019-06-27,-0.35294977518502585
2019-06-28,0.030684748053008998
2019-07-01,-0.16324640377029342
2019-07-02,-0.19328390440623197
2019-07-03,0.020865286195373145
2019-07-04,-0.035346214726121844
2019-07-05,-0.19912629379009159
2019-07-08,0.10233974011918426
2019-07-09,-0.3481881413034463
2019-07-10,-0.01109098378409952
2019-07-11,-0.017811298888232352
2019-07-12,-0.20034270707766558
2019-07-15,-0.07505488283075723
2019-07-16,-0.39219641673307304
2019-07-17,0.04129722215990267
2019-07-18,-0.18186365042400837
2019-07-19,-0.2506419022392413
2019-07-22,0.06265278733315352
2019-07-23,-0.2889060718266492
2019-07-24,-0.43045339817794315
2019-07-25,-0.46064550394688375
2019-07-26,-0.0285103139277815
2019-07-29,-0.4060244780482392
2019-07-30,0.20096050852343808
2019-07-31,-0.5662772803972386
2019-08-01,0.18967333446878903
2019-08-02,-0.10697475935498674
2019-08-05,-0.16791545050865192
2019-08-06,-0.25678615519998116
2019-08-07,-0.06704041505701329
2019-08-08,-0.15329670734654918
2019-08-09,0.07615043201886246
2019-08-12,-0.12024404043675212
2019-08-13,-0.1114498699708078
2019-08-14,-0.2124960977778108
2019-08-15,-0.14927092346909937
2019-08-16,-0.07427640052258172
2019-08-19,-0.4756744726558825
2019-08-20,-0.40093344234655803
2019-08-21,0.019846768413053578
2019-08-22,-0.09199955064936746
2019-08-23,-0.16019571458889567
2019-08-26,-0.11680157239101457
2019-08-27,-0.04792746605850566
2019-08-28,-0.22222071028267365
2019-08-29,-0.2666277328421466
2019-08-30,-0.06837246526809779
2019-09-02,-0.2996713208264695
2019-09-03,-0.01868592191380926
2019-09-04,-0.437081427009749
2019-09-05,0.11314547238115559
2019-09-06,0.005815867002839953
2019-09-09,-0.03341710655002797
2019-09-10,0.11608973635241487
2019-09-11,0.2569104003339221
2019-09-12,0.13103813791723862
2019-09-13,-0.43558229763177375
2019-09-16,-0.318819530758125
2019-09-17,-0.18329465198102718
2019-09-18,-0.04847471927993264
2019-09-19,0.05453653517811629
2019-09-20,-0.1893919369928056
2019-09-23,-0.002088572382074237
2019-09-24,-0.18567344235977387
2019-09-25,-0.15201690970734552
2019-09-26,-0.3061290499229198
2019-09-27,-0.20449941173684683
2019-09-30,-0.28522355901669666
2019-10-01,-0.20507862469038088
2019-10-02,0.20581805242194112
2019-10-03,-0.1897909620793302
2019-10-04,0.5315642525662627
2019-10-07,0.1087447910549991
2019-10-08,0.05203060658953555
2019-10-09,-0.15164273875521478
2019-10-10,0.16503397641237216
2019-10-11,-0.085240125565651
2019-10-14,0.05917163657071891
2019-10-15,0.5516301858614294
2019-10-16,0.025200892150489863
2019-10-17,0.27901778817369866
2019-10-18,-0.08677653192185225
2019-10-21,0.05149684767250973
2019-10-22,0.41722547764556833
2019-10-23,-0.057827322416245094
2019-10-24,0.4344814728821428
2019-10-25,0.21788783707571702
2019-10-28,-0.03189502802788277
2019-10-29,0.21125120672329173
2019-10-30,0.2833577008096827
2019-10-31,0.21718724576144516
2019-11-01,-0.21734437784720054
2019-11-04,-0.044958991346427
2019-11-05,0.05462097312753534
2019-11-06,0.0927785874377626
2019-11-07,0.23522064878270907
2019-11-08,0.14992396775859115
2019-11-11,-0.1495146471783514
2019-11-12,0.196633648045127
2019-11-13,0.24561709916747687
2019-11-14,0.2382267025021937
2019-11-15,0.34505313536350524
2019-11-18,0.2981665928814142
2019-11-19,0.22555738287258778
2019-11-20,0.12187886425057405
2019-11-21,-0.19424054000389532
2019-11-22,0.2257616652674064
2019-11-25,0.18310657242181402
2019-11-26,0.19745853161297922
2019-11-27,-0.11079225459511682
2019-11-28,-0.07039975564668327
2019-11-29,0.35753421713216826
2019-12-02,0.13992149856400835
2019-12-03,0.2848973085222325
2019-12-04,0.15486039130776794
2019-12-05,0.1555817322347011
2019-12-06,0.33755481306221424
2019-12-09,0.046790115785078315
2019-12-10,0.16915757618590932
2019-12-11,0.057246145160766246
2019-12-12,0.06240342025027075
2019-12-13,0.08690382738693422
2019-12-16,0.19243534332852136
2019-12-17,0.051364762829077454
2019-12-18,0.397208165029855
2019-12-19,-0.03408433823828888
2019-12-20,0.10608206042840362
2019-12-23,0.05397006343117772
2019-12-24,0.42961406763190024
2019-12-25,0.1776758778407778
2019-12-26,0.34272653764122585
2019-12-27,-0.1629132321003138
2019-12-30,0.1853010124214604
2019-12-31,0.30736270317107495
2020-01-01,0.14329512163400135
2020-01-02,0.33719526010237705
2020-01-03,0.01776448116312336
2020-01-06,0.4000799664838447
2020-01-07,0.5748470776191796
2020-01-08,0.03922887436833575
2020-01-09,0.019301008808936204
2020-01-10,0.39556290017180484
2020-01-13,0.41716839633864694
2020-01-14,-0.007062569785211664
2020-01-15,0.009619206893287255
2020-01-16,0.033342729986564415
2020-01-17,-0.18324702605369725
2020-01-20,-0.10223903891200249
2020-01-21,-0.12357906629519665
2020-01-22,-0.08063851366703616
2020-01-23,0.061574918344272686
2020-01-24,0.11086962151637013
2020-01-27,0.3695704185961704
2020-01-28,-0.144822915105365
2020-01-29,0.2470290092859456
2020-01-30,0.0026276640883200406
2020-01-31,0.030743126315693762
2020-02-03,0.1707650552080317
2020-02-04,-0.19361773438919055
2020-02-05,0.10249977252369394
2020-02-06,0.05437051227720087
2020-02-07,0.11460915065187091
2020-02-10,0.06897354561921781
2020-02-11,0.4972083873790108
2020-02-12,-0.12639792577217004
2020-02-13,-0.11004888597944745
2020-02-14,-0.13347288950059383
2020-02-17,-0.1249256706561556
2020-02-18,-0.14627776937576792
2020-02-19,0.2140537525535817
2020-02-20,0.25542847212626374
2020-02-21,-0.14771260477791473
2020-02-24,-0.20488814005137085
2020-02-25,0.05105508807583982
2020-02-26,-0.15843560313882396
2020-02-27,0.07388571657710272
2020-02-28,-0.01676714464237064
2020-03-02,-0.3650879553855274
2020-03-03,0.24304333919258445
2020-03-04,0.28827309991145283
2020-03-05,-0.19782613324996334
2020-03-06,-0.15709104377892225
2020-03-09,-0.026571608767321918
2020-03-10,-0.02095424299873963
2020-03-11,0.03985993664062981
2020-03-12,0.3062907178656307
2020-03-13,-0.13493452813075502
2020-03-16,-0.2628888288774573
2020-03-17,-0.3826628342193288
2020-03-18,-0.25643595069570047
2020-03-19,-0.12020380277879418
2020-03-20,0.24213088554955348
2020-03-23,-0.22337548160617632
2020-03-24,-0.07803500819977909
2020-03-25,-0.12888013088265496
2020-03-26,0.10941968757305626
2020-03-27,0.3746065993782927
2020-03-30,-0.2393292615303714
2020-03-31,-0.23327107973517225
2020-04-01,0.07137171173730486
2020-04-02,-0.003006718489198562
2020-04-03,0.2281867538957637
2020-04-06,-0.02598194497672701
2020-04-07,-0.21608025503057393
2020-04-08,-0.02738489391761595
2020-04-09,0.07509250219632627
2020-04-10,0.016478795828245324
2020-04-13,-0.046968256266720715
2020-04-14,0.06427135259727657
2020-04-15,0.08432062080692634
2020-04-16,0.12658452746546306
2020-04-17,-0.02024758513227179
2020-04-20,-0.18338883098257128
2020-04-21,-0.12043151731290763
2020-04-22,0.09188489945186812
2020-04-23,-0.3122806638980764
2020-04-24,-0.07447008183934903
2020-04-27,-0.2260190633021895
2020-04-28,-0.14058518496398312
2020-04-29,0.110535952701389
2020-04-30,-0.10559360872955464
2020-05-01,-0.13302533731935984
2020-05-04,-0.412624989241026
2020-05-05,0.01041210555265068
2020-05-06,-0.007772367195994029
2020-05-07,0.29790320827748884
2020-05-08,-0.19403221048892721
2020-05-11,-0.08622814252736938
2020-05-12,-0.07761862013974814
2020-05-13,0.19069979864038
2020-05-14,-0.14100682055008656
2020-05-15,-0.06316478076452492
2020-05-18,0.0057210198128967715
2020-05-19,-0.07529693420550367
2020-05-20,-0.19854083808484468
2020-05-21,-0.06695009071145533
2020-05-22,0.11256179578258481
2020-05-25,-0.3037505733088806
2020-05-26,-0.06802716183653218
2020-05-27,-0.23071371807545044
2020-05-28,0.15235206911810872
2020-05-29,-0.3871660622771436
2020-06-01,-0.19009278538372498
2020-06-02,0.001441225769387447
2020-06-03,0.2434931391753969
2020-06-04,-0.07829489717915099
2020-06-05,-0.17164555213709942
2020-06-08,0.3202322986283879
2020-06-09,-0.3409331483260848
2020-06-10,-0.48636578408817227
2020-06-11,0.04617585081150576
2020-06-12,-0.13741386031972222
2020-06-15,-0.2363844444705258
2020-06-16,0.11443424827077696
2020-06-17,0.026454201997472997
2020-06-18,-0.13016578438793122
2020-06-19,-0.2684357794010135
2020-06-22,0.16710547317837382
2020-06-23,0.12765135620171691
2020-06-24,-0.017224284993578507
2020-06-25,0.3769351534063414
2020-06-26,-0.20142078491146848
2020-06-29,-0.28753444612099316
2020-06-30,-0.11585612727012211
2020-07-01,0.01833815607598864
2020-07-02,0.0810226187222782
2020-07-03,-0.011029059573052315
2020-07-06,0.1124513047682123
2020-07-07,-0.20349229294225837
2020-07-08,0.3402918666328712
2020-07-09,0.03977480386890554
2020-07-10,0.2842678553325001
2020-07-13,0.13388984880366095
2020-07-14,0.16115891528400011
2020-07-15,0.18814766186040355
2020-07-16,0.16803942180455084
2020-07-17,0.21125855415976236
2020-07-20,0.35266890466038736
2020-07-21,0.130170550845911
2020-07-22,0.2365940334687352
2020-07-23,0.08066779202220273
2020-07-24,0.39035046089792946
2020-07-27,-0.029353041834803792
2020-07-28,0.46959422191597094
2020-07-29,0.10473371084446201
2020-07-30,-0.17015583698867653
2020-07-31,0.14472507283073002
2020-08-03,-0.014133460968422593
2020-08-04,0.2930426325939118
2020-08-05,-0.0029126011914984706
2020-08-06,0.04093200169976746
2020-08-07,-0.24532758265723165
2020-08-10,0.044383876773423286
2020-08-11,-0.34781596167277096
2020-08-12,-0.1778580615950654
2020-08-13,0.2928136897351269
2020-08-14,0.2995426926091074
2020-08-17,0.228967887299955
2020-08-18,-0.04818498745613728
2020-08-19,0.13684050639441375
2020-08-20,0.14667217378650727
2020-08-21,-0.08343410673500909
2020-08-24,0.44959994639381445
2020-08-25,0.32490874742836384
2020-08-26,0.10559343287221727
2020-08-27,0.15534699998525126
2020-08-28,0.19166334060560056
2020-08-31,-0.25850988438554057
2020-09-01,0.10008545283841608
2020-09-02,0.01264180080249952
2020-09-03,-0.05193321368522022
2020-09-04,0.09135800422059243
2020-09-07,0.5061386822287433
2020-09-08,0.2736303878364519
2020-09-09,0.029924847075818106
2020-09-10,0.25721586708924915
2020-09-11,0.420950523811515
2020-09-14,0.32422955833753536
2020-09-15,0.14929751441765768
2020-09-16,0.005900082769675019
2020-09-17,0.2726977934527186
2020-09-18,0.20936807710972638
2020-09-21,0.3071823367692912
2020-09-22,0.25250837714067687
2020-09-23,0.3325754812428333
2020-09-24,0.012672535485163741
2020-09-25,0.3801200211057183
2020-09-28,0.15295316975638937
2020-09-29,0.5251514389085437
2020-09-30,-0.031194604858158406
2020-10-01,0.45026093256376154
2020-10-02,0.13896103220649142
2020-10-05,-0.034704432374684596
2020-10-06,-0.005103894871474918
2020-10-07,0.02359606413172323
2020-10-08,0.16839357176117542
2020-10-09,0.18392950052510348
2020-10-12,-0.039663749715633606
2020-10-13,0.06583577044082466
2020-10-14,0.49471264272275634
2020-10-15,0.4072454733099163
2020-10-16,0.14441125137716254
2020-10-19,0.06009340097713939
2020-10-20,0.07178683876042043
2020-10-21,0.1657189514256165
2020-10-22,-0.16635616311307586
2020-10-23,-0.018128407636329363
2020-10-26,-0.30526241368576146
2020-10-27,0.10337491377831735
2020-10-28,0.14801922302019535
2020-10-29,-0.08302815412980946
2020-10-30,0.32342047437374527
2020-11-02,-0.24152560785828747
2020-11-03,-0.2942470784832008
2020-11-04,0.03852015850445168
2020-11-05,0.19805842989902173
2020-11-06,0.32044590467307205
2020-11-09,-0.11307673571988826
2020-11-10,0.18949969835812555
2020-11-11,-0.038845598477957856
2020-11-12,-0.0705421996812301
2020-11-13,0.1358824275833878
2020-11-16,0.08482757974528823
2020-11-17,-0.3656521602794212
2020-11-18,0.24025357374501136
2020-11-19,0.21634417331033662
2020-11-20,-0.18933994072632854
2020-11-23,0.010451360528527062
2020-11-24,0.025691082012413394
2020-11-25,-0.02530457984720761
2020-11-26,-0.19173870581229563
2020-11-27,-0.22014994609251598
2020-11-30,-0.09498833158042884
2020-12-01,0.14071589625438657
2020-12-02,0.011041978906014438
2020-12-03,-0.17554054172538583
2020-12-04,0.0492951193985781
2020-12-07,-0.6782633888392121
2020-12-08,0.11780863872768327
2020-12-09,-0.4631525224731212
2020-12-10,-0.19083522136940148
2020-12-11,-0.3452867938570148
2020-12-14,-0.3831600679423378
2020-12-15,0.10520864044564587
2020-12-16,-0.2230888515663217
2020-12-17,-0.06269579965778958
2020-12-18,-0.14368200719692406
2020-12-21,-0.041041835330404924
2020-12-22,-0.12308613484249341
2020-12-23,-0.39689565051173215
2020-12-24,0.05726533694668395
2020-12-25,-0.24227241497663257
2020-12-28,-0.45621109635589496
2020-12-29,-0.23173038787343148
2020-12-30,0.15299428986555613
2020-12-31,0.021999860961508466
2021-01-01,-0.21849725489803923
2021-01-04,-0.2191754282645189
2021-01-05,-0.214042056960201
2021-01-06,0.2654097253292478
2021-01-07,-0.07361102117105495
2021-01-08,-0.06388137327646612
2021-01-11,0.056441925688321265
2021-01-12,-0.1014157724800982
2021-01-13,-0.2003751395141995
2021-01-14,-0.18706472739317623
2021-01-15,-0.16117885549246683
2021-01-18,-0.1532037358272133
2021-01-19,0.0010278750563318673
2021-01-20,-0.13268706315018003
2021-01-21,0.005032527372014151
2021-01-22,-0.15590084919992228
2021-01-25,-0.12213726845193057
2021-01-26,-0.5354580483787633
2021-01-27,0.04964491332896709
2021-01-28,-0.06197718296024034
2021-01-29,0.07081873477434714
2021-02-01,-0.7053996926015531
2021-02-02,0.29430114638028443
2021-02-03,-0.14837982851827575
2021-02-04,0.10422038631490516
2021-02-05,-0.3222211862635419
2021-02-08,0.011617877949853625
2021-02-09,-0.3181936661088299
2021-02-10,-0.2287185509145181
2021-02-11,0.2825028123998152
2021-02-12,-0.13466720015621925
2021-02-15,-0.049164160572829865
2021-02-16,0.0853457314534802
2021-02-17,0.01454999410698156
2021-02-18,-0.05032719509353163
2021-02-19,-0.003154031007112451
2021-02-22,0.4088862292593928
2021-02-23,-0.07889153654935774
2021-02-24,-0.022644010998896097
2021-02-25,0.1518408578824209
2021-02-26,0.16745372498894526
2021-03-01,0.1884527664414943
2021-03-02,0.08354530418079828
2021-03-03,-0.2680000609392417
2021-03-04,0.29213266259948606
2021-03-05,-0.25893889854920693
2021-03-08,0.035774060431869675
2021-03-09,-0.17066391446721588
2021-03-10,-0.02767011795114194
2021-03-11,0.055892819341600876
2021-03-12,0.05940552045087559
2021-03-15,0.0845173743679146
2021-03-16,0.327874475480194
2021-03-17,0.10083237817833374
2021-03-18,-0.03372376250925466
2021-03-19,0.21289026025127145
2021-03-22,0.26290988534762155
2021-03-23,-0.21559060724158038
2021-03-24,0.154292884440577
2021-03-25,0.17989065623182224
2021-03-26,-0.015057413865590591
2021-03-29,0.3243464383157985
2021-03-30,0.023889079849818494
2021-03-31,0.08365072599050037
2021-04-01,0.028491275128675844
2021-04-02,0.07072154330534886
2021-04-05,-0.14722430031330153
2021-04-06,-0.2116345028962174
2021-04-07,0.3995367888222465
2021-04-08,-0.08458597794311214
2021-04-09,-0.10939588311582457
2021-04-12,-0.3378178901762136
2021-04-13,-0.03105783959617034
2021-04-14,-0.1641165441796515
2021-04-15,0.4325596931901743
2021-04-16,0.30965960678427346
2021-04-19,-0.026514003719636095
2021-04-20,0.5648996519214082
2021-04-21,0.3139349005680628
2021-04-22,0.055654204433695814
2021-04-23,-0.37635599422138016
2021-04-26,0.5844810934319941
2021-04-27,-0.1489947963734624
2021-04-28,-0.19767616519161316
2021-04-29,0.33825556735814416
2021-04-30,0.6238812710939171
2021-05-03,0.4148236421712255
2021-05-04,0.2526359063404003
2021-05-05,0.2605345754867282
2021-05-06,0.3138391430689903
2021-05-07,0.2963550258999662
2021-05-10,0.20206025167462677
2021-05-11,0.16775283720332457
2021-05-12,0.13532141923869045
2021-05-13,-0.0021896960562419465
2021-05-14,0.09306628383927114
2021-05-17,-0.18895775000290632
2021-05-18,0.13023175692478198
2021-05-19,-0.04771900948022095
2021-05-20,-0.0707857721865704
2021-05-21,0.18567722500593434
2021-05-24,0.4276988394135622
2021-05-25,0.33239581898258375
2021-05-26,-0.16609875033477386
2021-05-27,-0.05081981505765107
2021-05-28,0.33420105595188987
2021-05-31,-0.051671913473364445
2021-06-01,0.09851677971943598
2021-06-02,0.25191230719894664
2021-06-03,-0.05346618006884776
2021-06-04,0.15942286927663418
2021-06-07,-0.13046597930212886
2021-06-08,0.0139054686407213
2021-06-09,0.19582618803791246
2021-06-10,-0.18918465015348204
2021-06-11,0.21490955936147793
2021-06-14,0.12014667512270806
2021-06-15,0.23169400143347732
2021-06-16,0.16296596323930262
2021-06-17,0.3878670458597404
2021-06-18,0.13681187460148378
2021-06-21,0.022489706025270007
2021-06-22,0.12931375416820898
2021-06-23,0.20988080474135762
2021-06-24,0.10724770078605095
2021-06-25,0.10174021645792926
2021-06-28,-0.05073428252556288
2021-06-29,-0.04697356915922729
2021-06-30,-0.1990669903472536
2021-07-01,0.4271263661759636
2021-07-02,-0.17589045809005288
2021-07-05,-0.07010865183344493
2021-07-06,-0.07969494003715351
2021-07-07,0.2384144242736137
2021-07-08,-0.0041833776838111
2021-07-09,0.29967109106200984
2021-07-12,-0.08931501647518711
2021-07-13,0.09639195165757003
2021-07-14,-0.13131137988961766
2021-07-15,0.45991304039991765
2021-07-16,-0.21154559638374992
2021-07-19,0.08300024461946624
2021-07-20,0.14283012262921302
2021-07-21,0.0938553506261639
2021-07-22,-0.03095354317306193
2021-07-23,-0.0248584754591903
2021-07-26,0.004868406365983189
2021-07-27,-0.038289514731205676
2021-07-28,0.1789013584571046
2021-07-29,0.42326019956477445
2021-07-30,-0.13529175732227308
2021-08-02,-0.30267656114005503
2021-08-03,-0.05126303612420564
2021-08-04,0.477481917085911
2021-08-05,-0.20400545870826323
2021-08-06,0.2797902952370551
2021-08-09,0.2827979413577657
2021-08-10,-0.16811042836255183
2021-08-11,0.05181704110386222
2021-08-12,0.2591818149981595
2021-08-13,-0.14676711343864757
2021-08-16,-0.11602287621208915
2021-08-17,-0.19592455945225928
2021-08-18,-0.286732871930194
2021-08-19,-0.21773710196887935
2021-08-20,-0.3366720762987718
2021-08-23,-0.08896767537902722
2021-08-24,-0.25357294410444664
2021-08-25,-0.05650441208750101
2021-08-26,-0.41800929575759616
2021-08-27,-0.04410400295053135
2021-08-30,0.05309838209476035
2021-08-31,-0.5155556808066813
2021-09-01,-0.04506860512481223
2021-09-02,0.12271570017563192
2021-09-03,-0.3675480293634191
2021-09-06,0.20623248909686798
2021-09-07,-0.046997826697682016
2021-09-08,-0.2741783183363939
2021-09-09,-0.1465561217561469
2021-09-10,-0.02581284968300057
2021-09-13,-0.12420034041961009
2021-09-14,-0.03341853060352026
2021-09-15,-0.3269159173679179
2021-09-16,-0.1103618725165682
2021-09-17,-0.4282695300733913
2021-09-20,-0.1689027550457432
2021-09-21,-0.3284070454149278
2021-09-22,-0.29553546682078
2021-09-23,0.09815010193100565
2021-09-24,0.06872005256727265
2021-09-27,-0.028021643448883235
2021-09-28,-0.36845263287333635
2021-09-29,-0.2132459419724131
2021-09-30,0.09284772738660613
2021-10-01,-0.12106959273995815
2021-10-04,0.3149777687157418
2021-10-05,-0.06953431926565562
2021-10-06,-0.10893316263753886
2021-10-07,-0.20814767829642536
2021-10-08,-0.11843503642273351
2021-10-11,-0.17429476126890767
2021-10-12,-0.0006768714024704414
2021-10-13,0.05070213879515112
2021-10-14,-0.2960196841522895
2021-10-15,-0.40309761809512523
2021-10-18,-0.5019692947188089
2021-10-19,-0.030857463268304075
2021-10-20,-0.3507093990330445
2021-10-21,-0.5580500743830377
2021-10-22,-0.04705049048809691
2021-10-25,0.37667805277873656
2021-10-26,-0.1201562161492585
2021-10-27,0.0518680834945873
2021-10-28,-0.0962235490775934
2021-10-29,-0.1290016130431149
2021-11-01,0.07807870098541651
2021-11-02,-0.16018694342873105
2021-11-03,-0.04493554122407116
2021-11-04,-0.03024707347784647
2021-11-05,-0.22427226959423371
2021-11-08,0.11178746443229508
2021-11-09,-0.11748354677313388
2021-11-10,-0.22941956844987904
2021-11-11,0.033339450256122255
2021-11-12,-0.24926592375578158
2021-11-15,-0.05946860943474856
2021-11-16,-0.06238882173407426
2021-11-17,0.16122119750302233
2021-11-18,0.04365100735971158
2021-11-19,-0.0515677724178
2021-11-22,0.12176886890712488
2021-11-23,0.241081531408758
2021-11-24,0.07946755825423021
2021-11-25,-0.025122846411778102
2021-11-26,-0.284629272156387
2021-11-29,-0.23032868031348266
2021-11-30,-0.07337558353100004
2021-12-01,-0.12924407860805243
2021-12-02,-0.039738737668946485
2021-12-03,0.013985273745233472
2021-12-06,0.11359065542714436
2021-12-07,-0.0014593368172037598
2021-12-08,0.11491501818930475
2021-12-09,0.03546427295054416
2021-12-10,-0.36759429749591793
2021-12-13,-0.15546898883551724
2021-12-14,0.008443658392602086
2021-12-15,-0.19985609688877856
2021-12-16,0.16684352542646452
2021-12-17,0.35773081426496184
2021-12-20,0.2999985799802532
2021-12-21,0.01816070729725877
2021-12-22,0.3635299766430244
2021-12-23,0.09958106550835326
2021-12-24,0.006815603409286344
2021-12-27,-0.044144984759752995
2021-12-28,0.022257107325897876
2021-12-29,0.009239240498394877
2021-12-30,0.12498488986423334
2021-12-31,0.12694249030506852
2022-01-03,0.09925759248276331
2022-01-04,0.18974711758646734
2022-01-05,0.34408611155040675
2022-01-06,0.2993473376971928
2022-01-07,-0.18418501392967795
2022-01-10,-0.3947568937756081
2022-01-11,0.30599516157452755
2022-01-12,-0.15127306995571074
2022-01-13,0.07998542267804537
2022-01-14,-0.10638707653175414
2022-01-17,-0.23020533733569862
2022-01-18,0.2408938743259758
2022-01-19,0.28669561808221666
2022-01-20,0.02167592754743196
2022-01-21,-0.3792692127595772
2022-01-24,0.03149723134953658
2022-01-25,0.2207574273117988
2022-01-26,-0.15189338611655415
2022-01-27,0.1818933512176595
2022-01-28,0.14333049491596747
2022-01-31,0.26325921892575027
2022-02-01,0.1721616833085762
2022-02-02,-0.04568819002334015
2022-02-03,0.38875442944725425
2022-02-04,0.11808271625637154
2022-02-07,0.14450980830490237
2022-02-08,-0.03666740896323148
2022-02-09,0.061178563373451095
2022-02-10,-0.02744316636718519
2022-02-11,0.11444441224356408
2022-02-14,0.4907259904630713
2022-02-15,-0.12681012011826684
2022-02-16,-0.17612030867958098
2022-02-17,0.43968503393550984
2022-02-18,0.10228363332382065
2022-02-21,0.00887107131497511
2022-02-22,0.34904528192126616
2022-02-23,0.01816323824153454
2022-02-24,0.5025555423676145
2022-02-25,0.2708534264151752
2022-02-28,0.03545033886530505
2022-03-01,0.5621108311578751
2022-03-02,0.006977619590207401
2022-03-03,0.27386875123260246
2022-03-04,0.1824978899279608
2022-03-07,0.38004107538815424
2022-03-08,0.42891552080966405
2022-03-09,0.11980501691741449
2022-03-10,-0.040614474310680604
2022-03-11,0.19860615332450393
2022-03-14,-0.03250717073966676
2022-03-15,0.502023057453261
2022-03-16,0.12285200511319788
2022-03-17,0.01857380836908544
2022-03-18,0.12456554883497453
2022-03-21,-0.1859017582958175
2022-03-22,-0.11499809143970179
2022-03-23,0.3151205840906731
2022-03-24,-0.060711334669592096
2022-03-25,-0.1431634689866663
2022-03-28,0.1690269149286423
2022-03-29,0.2942462870603506
2022-03-30,0.19624176533335147
2022-03-31,0.24694801382653653
2022-04-01,-0.1083862054241512
2022-04-04,-0.2462027285825624
2022-04-05,0.3335703322200597
2022-04-06,-0.03612516945217138
2022-04-07,-0.02668017311833266
2022-04-08,0.28417479678159524
2022-04-11,0.12481091491748686
2022-04-12,0.09975634134916503
2022-04-13,0.43658359870562763
2022-04-14,-0.1301201544446798
2022-04-15,0.17915345290599566
2022-04-18,-2.8854293361319644e-06
2022-04-19,0.03733467928137825
2022-04-20,0.28434984521930323
2022-04-21,0.07528696080485268
2022-04-22,0.07647187247497589
2022-04-25,0.17844162064038205
2022-04-26,-0.11388283343003813
2022-04-27,-0.21352123002099083
2022-04-28,-0.2593773943145198
2022-04-29,-0.44836712024532904
2022-05-02,0.35152658864822667
2022-05-03,-0.28490920177789225
2022-05-04,-0.11299954289091929
2022-05-05,-0.12851638718867137
2022-05-06,-0.01599602229289112
2022-05-09,0.08143252399631272
2022-05-10,0.08623300845089639
2022-05-11,-0.20652855460061412
2022-05-12,-0.12728889315220332
2022-05-13,-0.041195759516962395
2022-05-16,-0.15118861551262613
2022-05-17,0.21639279648575319
2022-05-18,-0.010390516177601769
2022-05-19,0.03500150230955301
2022-05-20,0.017338054534932534
2022-05-23,0.11632045858858667
2022-05-24,-0.08517460004129937
2022-05-25,-0.3836150472763161
2022-05-26,-0.04704277195594023
2022-05-27,-0.25984236945804395
2022-05-30,-0.23774100100525067
2022-05-31,-0.017044862147401044
2022-06-01,0.11118817517800714
2022-06-02,-0.1342132794122412
2022-06-03,-0.07854630925243833
2022-06-06,0.19844064894239172
2022-06-07,-0.0953833665303595
2022-06-08,0.37543042542318283
2022-06-09,-0.03301547129288904
2022-06-10,-0.4993188176216281
2022-06-13,0.002616695992274237
2022-06-14,-0.07254082711218657
2022-06-15,0.1086224583447718
2022-06-16,-0.015081505860477878
2022-06-17,-0.17763231887183792
2022-06-20,-0.3948575294722898
2022-06-21,-0.191692644928693
2022-06-22,-0.3197156687754553
2022-06-23,-0.26527363266162185
2022-06-24,-0.030844898660000536
2022-06-27,0.18619373650987392
2022-06-28,-0.06791525045557323
2022-06-29,-0.38492540982058776
2022-06-30,-0.055565576648843554
2022-07-01,0.09626339941520948
2022-07-04,-0.2634373223412464
2022-07-05,-0.16654483210663132
2022-07-06,-0.13490916327618338
2022-07-07,-0.29277871935611033
2022-07-08,-0.003944350618287212
2022-07-11,-0.1554430165699733
2022-07-12,-0.04485402393480645
2022-07-13,-0.3036230201545514
2022-07-14,-0.21084019108470578
2022-07-15,0.024040835353286397
2022-07-18,-0.19195516706153723
2022-07-19,0.23118155280339991
2022-07-20,-0.19083424576327424
2022-07-21,-0.06254263608721154
2022-07-22,0.08258542323956364
2022-07-25,-0.38394358148569374
2022-07-26,-0.4486584877804488
2022-07-27,-0.39774707012703825
2022-07-28,0.16388482856812803
2022-07-29,-0.19492133532702538
2022-08-01,0.4312663723736232
2022-08-02,-0.18895748749961222
2022-08-03,-0.03484763355795103
2022-08-04,0.24109389349831947
2022-08-05,0.33839507986885387
2022-08-08,0.3540516142399126
2022-08-09,0.1880632569378118
2022-08-10,0.1559011890274447
2022-08-11,0.07434708762633321
2022-08-12,0.11631598717773825
2022-08-15,-0.14474757206954264
2022-08-16,-0.19326606486597397
2022-08-17,-0.02538412399126024
2022-08-18,-0.05380164918083293
2022-08-19,-0.1054438679362169
2022-08-22,0.12946213901223705
2022-08-23,0.18623950376185533
2022-08-24,0.017859008601348623
2022-08-25,0.3006826194993728
2022-08-26,-0.21816799884191712
2022-08-29,-0.023580145932885405
2022-08-30,-0.12324762997371243
2022-08-31,-0.34824775101235755
2022-09-01,0.01343833209783555
2022-09-02,0.010506562571665972
2022-09-05,0.3423888825043023
2022-09-06,0.17066003453198067
2022-09-07,-0.1555903407881305
2022-09-08,0.42476014995197026
2022-09-09,0.3027830587950985
2022-09-12,0.17956546461513884
2022-09-13,0.022348552741399283
2022-09-14,-0.1198181808092502
2022-09-15,0.0019725353523537825
2022-09-16,0.29842294207688963
2022-09-19,0.46176017828282767
2022-09-20,0.3975670605306847
2022-09-21,-0.0048748807251115245
2022-09-22,-0.12715504138371891
2022-09-23,0.128711625758747
2022-09-26,-0.24949926015362203
2022-09-27,0.1723606379714336
2022-09-28,0.0816253743605242
2022-09-29,0.02123390373159552
2022-09-30,-0.201331241983229
2022-10-03,0.2233668951688304
2022-10-04,0.017010168636970288
2022-10-05,-0.10766683329951407
2022-10-06,-0.44551005024981793
2022-10-07,0.12592201390064436
2022-10-10,0.4882119024974457
2022-10-11,0.4682014041054735
2022-10-12,0.046567246829114756
2022-10-13,0.019427718888825246
2022-10-14,0.23535321812377266
2022-10-17,-0.05650780193289773
2022-10-18,0.20493952260911308
2022-10-19,0.2990484242226189
2022-10-20,0.39230821826072704
2022-10-21,0.12781673204812816
2022-10-24,0.10787451132646408
2022-10-25,-0.026390648084777396
2022-10-26,-0.01573936258611508
2022-10-27,0.1046055211818912
2022-10-28,0.2234724506876315
2022-10-31,0.33264767382101157
2022-11-01,-0.01094021660797681
2022-11-02,0.4478317992589046
2022-11-03,0.09450201023911386
2022-11-04,0.14372067993638557
2022-11-07,-0.002345211371882927
2022-11-08,-0.3388113680618068
2022-11-09,0.3216230748416712
2022-11-10,0.2907991970231134
2022-11-11,0.08562197584114699
2022-11-14,0.1535850622032366
2022-11-15,0.2415184449714786
2022-11-16,-0.17618857371149332
2022-11-17,0.028348605125206414
2022-11-18,0.29070156753757836
2022-11-21,-0.12146624691728747
2022-11-22,0.1855024750782899
2022-11-23,-0.14726708707262945
2022-11-24,0.2144558357811398
2022-11-25,0.11102748758812098
2022-11-28,-0.20801590642930376
2022-11-29,0.34468522278293456
2022-11-30,-0.03857820944643288
2022-12-01,-0.05722799421779305
2022-12-02,0.14130226125011336
2022-12-05,0.3271693991386724
2022-12-06,-0.10957718587950714
2022-12-07,0.1019644204237232
2022-12-08,0.17133344511172133
2022-12-09,0.22003789195395973
2022-12-12,0.11246125231006701
2022-12-13,-0.0005621955819476443
2022-12-14,-0.0970851705012965
2022-12-15,0.08117512214535656
2022-12-16,-0.15503902986984627
2022-12-19,-0.5295048785957535
2022-12-20,0.1373927799023298
2022-12-21,0.22612774805329808
2022-12-22,-0.43203612048679163
2022-12-23,-0.16623123932611328
2022-12-26,0.15467060926142973
2022-12-27,0.43742944322321015
2022-12-28,0.02515087420486385
2022-12-29,-0.12956999461938362
2022-12-30,-0.025528043759383917
2023-01-02,0.28103490110276735
2023-01-03,-0.12813157802491743
2023-01-04,-0.16377668206935625
2023-01-05,-0.10548214825267804
2023-01-06,-0.2045844034153388
2023-01-09,0.005645607258087493
2023-01-10,0.30109844680584696
2023-01-11,0.03585630416330095
2023-01-12,-0.08412060435962745
2023-01-13,-0.09686512587159057
2023-01-16,-0.35595122497399295
2023-01-17,0.12854682221849642
2023-01-18,-0.06835123072090904
2023-01-19,-0.0935297889170967
2023-01-20,0.5766015019209888
2023-01-23,-0.006786730680226949
2023-01-24,-0.2213388995758716
2023-01-25,-0.1606167258708426
2023-01-26,0.15006312728169477
2023-01-27,-0.06116427522018955
2023-01-30,-0.3755731728761285
2023-01-31,0.09192666696969169
2023-02-01,-0.22944735688669537
2023-02-02,0.27504805081775446
2023-02-03,0.11271581327196122
2023-02-06,-0.19632571418572836
2023-02-07,0.14589312593320497
2023-02-08,-0.10006530018718804
2023-02-09,0.05371832783158334
2023-02-10,-0.022960042423705168
2023-02-13,-0.2921149183440357
2023-02-14,-0.25435405503554653
2023-02-15,0.07768716533497497
2023-02-16,-0.1977784263022927
2023-02-17,-0.21392606839904885
2023-02-20,-0.3264459252199521
2023-02-21,-0.05277617552993834
2023-02-22,0.27308717507701663
2023-02-23,-0.35469131741190063
2023-02-24,-0.1379509116132786
2023-02-27,0.1381978859503562
2023-02-28,-0.16146566682288802
2023-03-01,-0.05619249952771499
2023-03-02,-0.36011208652315907
2023-03-03,-0.06277446166654982
2023-03-06,-0.1865023208371144
2023-03-07,0.04760056642191901
2023-03-08,0.08762595892818942
2023-03-09,0.36792214432245784
2023-03-10,-0.03403664136107784
2023-03-13,-0.08461009417541038
2023-03-14,-0.1105321836750134
2023-03-15,-0.21951599437310848
2023-03-16,-0.0804942489936972
2023-03-17,-0.20641494014801295
2023-03-20,-0.11262241328209177
2023-03-21,0.118387504904646
2023-03-22,-0.3450966661042874
2023-03-23,0.08569115816806286
2023-03-24,0.12280013771200679
2023-03-27,-0.1624186696795119
2023-03-28,-0.5612038191500719
2023-03-29,-0.25627308942306254
2023-03-30,0.12696402711826657
2023-03-31,-0.1345875485988903
2023-04-03,-0.32730898998963515
2023-04-04,-0.22569653878652762
2023-04-05,0.04622802864404443
2023-04-06,-0.009568257698783056
2023-04-07,-0.16358827034285572
2023-04-10,-0.1859249552322533
2023-04-11,-0.18754486987067273
2023-04-12,-0.29018712956536685
2023-04-13,0.22097563185281918
2023-04-14,-0.16284457986681344
2023-04-17,0.14887953968714085
2023-04-18,0.21364441568642123
2023-04-19,0.11307743293850096
2023-04-20,-0.16877856486118664
2023-04-21,0.002513367754285123
2023-04-24,-0.07876300246799384
2023-04-25,-0.25027335417189855
2023-04-26,-0.0001929748020319949
2023-04-27,-0.29633235093562826
2023-04-28,0.18161916652999743
2023-05-01,-0.14417036515410633
2023-05-02,-0.006288233317766227
2023-05-03,0.01491583530479823
2023-05-04,-0.08869793284159541
2023-05-05,0.08528763812014005
2023-05-08,-0.1221304285129021
2023-05-09,0.1520413508267034
2023-05-10,-0.2864577716887671
2023-05-11,0.012989531336727929
2023-05-12,0.38048851658039384
2023-05-15,-0.20236633946932903
2023-05-16,-0.1328493045683718
2023-05-17,0.11047802417588792
2023-05-18,0.04860102451549109
2023-05-19,0.08778480909501128
2023-05-22,0.12045071732230808
2023-05-23,0.15448696350477417
2023-05-24,0.25438141655037666
2023-05-25,0.11926791519551014
2023-05-26,-0.006126056718609357
2023-05-29,0.1814147030922218
2023-05-30,0.4315987322323802
2023-05-31,0.029760625527835472
2023-06-01,-0.1340159923156567
2023-06-02,0.2868408471445683
2023-06-05,0.045810637769969895
2023-06-06,-0.3602625262572608
2023-06-07,0.24805771464246418
2023-06-08,-0.024277557382870116
2023-06-09,0.06880414570425147
2023-06-12,0.15733303201920476
2023-06-13,0.13296203388361272
2023-06-14,0.24057220080608765
2023-06-15,0.01529466638089197
2023-06-16,0.20860944495764688
2023-06-19,0.05755754077548717
2023-06-20,0.26058594483867176
2023-06-21,0.2391289696077986
2023-06-22,-0.06792958204563158
2023-06-23,0.3393248814612716
2023-06-26,0.017770383343706023
2023-06-27,0.2892704111606177
2023-06-28,0.20367026328733134
2023-06-29,0.5002588175750814
2023-06-30,0.090190823125293
2023-07-03,0.0671327405031852
2023-07-04,0.13507205488158058
2023-07-05,0.0801255145909727
2023-07-06,0.30239895949141515
2023-07-07,-0.17936065396516435
2023-07-10,-0.06550400320353161
2023-07-11,-0.06715844526837111
2023-07-12,0.33747066188191555
2023-07-13,0.4903750496710986
2023-07-14,0.12804105350518627
2023-07-17,0.11567961117950601
2023-07-18,0.16380141357949798
2023-07-19,0.38234724760459193
2023-07-20,-0.035485053297223595
2023-07-21,0.19750672133856115
2023-07-24,0.3445533363855957
2023-07-25,0.24924741898006175
2023-07-26,0.18629411088975753
2023-07-27,0.34777135971758133
2023-07-28,-0.3940639065154938
2023-07-31,0.28101517244837115
2023-08-01,0.013320943216358294
2023-08-02,-0.22345466460135355
2023-08-03,0.24328975993092095
2023-08-04,0.41400156744739836
2023-08-07,0.10984604391866692
2023-08-08,0.32582396356858856
2023-08-09,0.4554677501967133
2023-08-10,0.39361025624997703
2023-08-11,0.45609041026290215
2023-08-14,0.27385082407629313
2023-08-15,0.13770052654570716
2023-08-16,-0.20072711565063373
2023-08-17,0.06737284710294425
2023-08-18,-0.05527420361215932
2023-08-21,0.5442274689859609
2023-08-22,0.07140331888294506
2023-08-23,0.12764458681691065
2023-08-24,0.20960940688266239
2023-08-25,0.10423119034536142
2023-08-28,0.4306131653779732
2023-08-29,-0.036936430473950885
2023-08-30,0.12240810046631759
2023-08-31,-0.06920709448532615
2023-09-01,-0.18900515488948227
2023-09-04,-0.051725471018499086
2023-09-05,0.05877151888550562
2023-09-06,-0.024204560754354183
2023-09-07,-0.081419806166744
2023-09-08,-0.22885399627437109
2023-09-11,0.03107526120410559
2023-09-12,-0.25801381087268743
2023-09-13,0.19012764899837284
2023-09-14,0.04974825147752493
2023-09-15,-0.26314310684035236
2023-09-18,-0.038399246380393916
2023-09-19,-0.13193938099881802
2023-09-20,0.07735558863955591
2023-09-21,0.2766245406026736
2023-09-22,-0.3714957595345575
2023-09-25,0.02154430165756935
2023-09-26,-0.03848549876407212
2023-09-27,0.12281822609565572
2023-09-28,0.026211407719482653
2023-09-29,-0.17178166145734797
2023-10-02,-0.09013469740795621
2023-10-03,-0.19043595071930572
2023-10-04,0.1790984769301663
2023-10-05,-0.03667268181050301
2023-10-06,0.334516543985269
2023-10-09,-0.06258954048220741
2023-10-10,-0.19681845709320211
2023-10-11,-0.3624984504492638
2023-10-12,-0.42493558646102264
2023-10-13,-0.38561547276404656
2023-10-16,-0.019767162563641943
2023-10-17,0.02422962073920823
2023-10-18,-0.39799029522424273
2023-10-19,0.093109564403541
2023-10-20,-0.18656081884759407
2023-10-23,-0.0645405825683034
2023-10-24,0.22469868699885165
2023-10-25,0.07788476682125749
2023-10-26,-0.15881413507694642
2023-10-27,-0.2868545838631749
2023-10-30,-0.5423666789057574
2023-10-31,-0.259097285427804
2023-11-01,-0.16062763011857156
2023-11-02,-0.31884090342403815
2023-11-03,-0.15052492510057916
2023-11-06,-0.11163361986168227
2023-11-07,-0.17456455510052465
2023-11-08,-0.2620392579004092
2023-11-09,-0.10060649420986997
2023-11-10,-0.04809873556748451
2023-11-13,-0.35656447981666733
2023-11-14,0.14185787037681172
2023-11-15,-0.16173426703734517
2023-11-16,-0.13977696934248687
2023-11-17,-0.0032747808499474784
2023-11-20,-0.09948420609869907
2023-11-21,0.04345247636170302
2023-11-22,-0.09063392297943344
2023-11-23,-0.27126564204964543
2023-11-24,-0.07703157941334648
2023-11-27,-0.3784657338540379
2023-11-28,-0.12823041847005645
2023-11-29,-0.15664363779350024
2023-11-30,-0.19150964254557562
2023-12-01,-0.17531587992392822
2023-12-04,-0.5255340771412759
2023-12-05,-0.25829941726549416
2023-12-06,-0.12921057796331448
2023-12-07,-0.11486921796028621
2023-12-08,-0.35127332171260806
2023-12-11,0.10866739392203006
2023-12-12,-0.31628451262007257
2023-12-13,0.05242545762206757
2023-12-14,-0.0542863797436432
2023-12-15,-0.26707474781580365
2023-12-18,0.21928198841729557
2023-12-19,-0.372307607804211
2023-12-20,0.05259895066896608
2023-12-21,0.07137873665922301
2023-12-22,-0.26022458298633844
2023-12-25,0.1551698033598049
2023-12-26,-0.17041826190128515
2023-12-27,-0.05962216010904943
2023-12-28,-0.06211805628361474
2023-12-29,-0.13773885279149298
2024-01-01,0.05471305505113627
2024-01-02,0.054797025725080786
2024-01-03,-0.44994379728386846
2024-01-04,0.16440532626823778
2024-01-05,-0.42507926870690516
2024-01-08,0.11791307908631164
2024-01-09,0.1408280059665103
2024-01-10,-0.29852927239635585
2024-01-11,-0.15823255495619676
2024-01-12,-0.29285982801427896
2024-01-15,-0.11027261704451326
2024-01-16,-0.12439002651491207
2024-01-17,0.09772393070359166
2024-01-18,0.2084932371636938
2024-01-19,0.23026742884580695
2024-01-22,-0.1565494656480883
2024-01-23,-0.08115774901748511
2024-01-24,-0.3711548491663933
2024-01-25,-0.19075676712014017
2024-01-26,0.16830489638297713
2024-01-29,0.30339586155361536
2024-01-30,-0.2616238405879412
2024-01-31,-0.12826388920941106
2024-02-01,-0.010058304234507912
2024-02-02,0.05625427091345423
2024-02-05,-0.1566997195298655
2024-02-06,0.09502633809549266
2024-02-07,-0.07957194344494753
2024-02-08,0.01727038576126287
2024-02-09,0.13436020464616094
2024-02-12,0.03130243408194786
2024-02-13,-0.052377923134302125
2024-02-14,0.017819795677453256
2024-02-15,0.026867512694486145
2024-02-16,-0.024713237790832475
2024-02-19,0.002223858852700933
2024-02-20,0.3783466330507714
2024-02-21,0.17537009191107955
2024-02-22,0.008588941698931145
2024-02-23,0.21149949059061296
2024-02-26,0.00968820286184037
2024-02-27,0.3153355805414172
2024-02-28,0.15880797347465175
2024-02-29,0.06749368638278777
2024-03-01,0.18247325173984819
2024-03-04,-0.21737285828872493
2024-03-05,-0.12478616434233013
2024-03-06,-0.13456444565663023
2024-03-07,0.13634661086399535
2024-03-08,0.4576787080800245
2024-03-11,0.5607299365660441
2024-03-12,0.24524714975056355
2024-03-13,0.22084215098891197
2024-03-14,-0.23663603327399013
2024-03-15,0.017805717753176367
2024-03-18,-0.028591673849289984
2024-03-19,0.007276874452551874
2024-03-20,0.10015290993002213
2024-03-21,0.0415502051107447
2024-03-22,-0.25785605634563896
2024-03-25,0.28946821855674787
2024-03-26,-0.07293559089476445
2024-03-27,0.1910319007704685
2024-03-28,0.5594094986257225
2024-03-29,-0.03803416088843958
2024-04-01,-0.3591269868717146
2024-04-02,0.0906541925352313
2024-04-03,0.3688072149811841
2024-04-04,0.5408799170871202
2024-04-05,-0.09627012839814411
2024-04-08,0.24924274834957105
2024-04-09,0.056937382195830305
2024-04-10,0.1287397218903369
2024-04-11,0.6785614085639894
2024-04-12,-0.15130428997484655
2024-04-15,0.19946888237660193
2024-04-16,0.24152552860413323
2024-04-17,0.36424568875419955
2024-04-18,0.165623167525823
2024-04-19,0.2064125211129378
2024-04-22,0.06508769943481275
2024-04-23,0.1956984629485562
2024-04-24,0.07153265922620497
2024-04-25,0.262627800660828
2024-04-26,0.0623799964933045
2024-04-29,0.20955935077976212
2024-04-30,0.12597488772389234
2024-05-01,0.35457921769392187
2024-05-02,0.11648840968999516
2024-05-03,-0.23058219171786082
2024-05-06,0.37352795756145124
2024-05-07,-0.06301803885965433
2024-05-08,-0.01577132417145706
2024-05-09,-0.0074245388910402915
2024-05-10,0.383197006714515
2024-05-13,-0.3223441191746995
2024-05-14,0.7287053425369092
2024-05-15,0.30861952505767015
2024-05-16,0.13820025223839208
2024-05-17,0.07861403789355029
2024-05-20,0.14264448321181872
2024-05-21,0.1856039555299113
2024-05-22,0.2061779753967053
2024-05-23,0.18392544229741753
2024-05-24,0.08630948978427326
2024-05-27,0.02443848832930967
2024-05-28,0.029093334233877593
2024-05-29,0.015742217361200163
2024-05-30,0.27679297659831026
2024-05-31,0.16400979178072195
2024-06-03,-0.5475701164566312
2024-06-04,0.16685192464506296
2024-06-05,0.06974353551628515
2024-06-06,0.022144857577693234
2024-06-07,-0.05675552969217015
2024-06-10,0.240808983402263
2024-06-11,0.2005122492432675
2024-06-12,-0.14856028815204797
2024-06-13,0.08242730844437428
2024-06-14,-0.19831402001185222
2024-06-17,-0.2849014054018309
2024-06-18,-0.139306342323377
2024-06-19,0.15354618500382022
2024-06-20,0.1667439217090556
2024-06-21,0.0738139508445757
2024-06-24,0.11132597890412528
2024-06-25,0.06468986706563987
2024-06-26,-0.17165189660333674
2024-06-27,0.03826731257831638
2024-06-28,0.10725654849270091
2024-07-01,0.09338343861962362
2024-07-02,0.17572223116802071
2024-07-03,0.07508366019282615
2024-07-04,-0.0007301661429614248
2024-07-05,0.13864644519921238
2024-07-08,-0.0849678973236142
2024-07-09,-0.26023011176298205
2024-07-10,-0.1205669465526761
2024-07-11,-0.24093473784923525
2024-07-12,-0.2308883571235925
2024-07-15,-0.12854843637124913
2024-07-16,-0.26180998044289105
2024-07-17,-0.16848480015282086
2024-07-18,-0.489063167156619
2024-07-19,-0.07100664292383892
2024-07-22,-0.11662315678052922
2024-07-23,-0.2833510083750613
2024-07-24,0.00898006808065363
2024-07-25,0.061845687018704326
2024-07-26,-0.4498399697200932
2024-07-29,-0.2833900354380495
2024-07-30,-0.2870452625997875
2024-07-31,-0.32342112082805435
2024-08-01,0.028381235327540194
2024-08-02,-0.17819941437614487
2024-08-05,-0.19410269591700663
2024-08-06,-0.5435808675094352
2024-08-07,-0.01717479425708565
2024-08-08,-0.3933998126698781
2024-08-09,-0.1346896358711493
2024-08-12,-0.09216584413433981
2024-08-13,0.1236894482643528
2024-08-14,-0.41084246931931234
2024-08-15,-0.7534513119334875
2024-08-16,-0.11308331305445626
2024-08-19,0.21011116122468124
2024-08-20,0.09782698375758067
2024-08-21,-0.10783500619270153
2024-08-22,-0.24773233654418184
2024-08-23,0.012547200035237932
2024-08-26,-0.342893375179941
2024-08-27,-0.05205476352018884
2024-08-28,-0.04521078695874725
2024-08-29,0.06692120716545374
2024-08-30,0.4081565082808917
2024-09-02,-0.0637872954687407
2024-09-03,-0.24240013976449798
2024-09-04,-0.14390298678445732
2024-09-05,-0.4906298202979759
2024-09-06,-0.27363177832120533
2024-09-09,-0.21427051175220319
2024-09-10,-0.23480946267154973
2024-09-11,-0.09695414569154209
2024-09-12,-0.28920087323069965
2024-09-13,0.1023360415427963
2024-09-16,-0.11884648543066123
2024-09-17,-0.11763368370013372
2024-09-18,-0.17810965838856033
2024-09-19,-0.07812465137667883
2024-09-20,0.05934607247906243
2024-09-23,-0.2754930116846055
2024-09-24,-0.22997025720293918
2024-09-25,-0.1552628917069901
2024-09-26,-0.3597575872826937
2024-09-27,-0.25040005226258094
2024-09-30,-0.17766157668314736
2024-10-01,0.09668307892463576
2024-10-02,-0.02137297164207369
2024-10-03,-0.030775648286307834
2024-10-04,0.10515477675219866
2024-10-07,-0.08795811537720077
2024-10-08,0.022217468225371725
2024-10-09,-0.0718495182674408
2024-10-10,0.0065945256413790995
2024-10-11,-0.1582508149397074
2024-10-14,-0.5246373262264833
2024-10-15,-0.05886357096176473
2024-10-16,0.25744360560323654
2024-10-17,0.1630688907525336
2024-10-18,0.17586177485075605
2024-10-21,0.2349840189530645
2024-10-22,0.010478590545540794
2024-10-23,0.03720746965814285
2024-10-24,-0.12078628901610462
2024-10-25,-0.055473767947569176
2024-10-28,0.13588314630298517
2024-10-29,0.25847977494255947
2024-10-30,-0.0052320645211567755
2024-10-31,-0.062451531574330886
2024-11-01,0.03259039531795529
2024-11-04,0.15758854459891447
2024-11-05,-0.24660287018812316
2024-11-06,-0.4122940484619598
2024-11-07,-0.05844333171240599
2024-11-08,-0.187813950148338
2024-11-11,-0.040697589112632694
2024-11-12,0.03590860780354049
2024-11-13,-0.020723520876526888
2024-11-14,0.3648034686426863
2024-11-15,0.14396015651007033
2024-11-18,0.1429199796583477
2024-11-19,0.21138842131473956
2024-11-20,-0.13679434510483618
2024-11-21,0.3027188509301809
2024-11-22,0.08356242034822327
2024-11-25,0.2365205118264233
2024-11-26,-0.10835174184586076
2024-11-27,-0.20125452082203948
2024-11-28,0.27643103927837775
2024-11-29,0.1913655074531867
2024-12-02,-0.0612251839154519
2024-12-03,-0.05177838023397173
2024-12-04,0.3500745876067687
2024-12-05,-0.11020021543371725
2024-12-06,0.4587694302722567
2024-12-09,-0.047481322806401105
2024-12-10,0.26258182647714123
2024-12-11,0.0712904846037834
2024-12-12,0.2596101804862476
2024-12-13,0.03195400855546772
2024-12-16,0.10986593827840649
2024-12-17,0.15209783027265175
2024-12-18,-0.055193909895831145
2024-12-19,0.29457666959669027
2024-12-20,0.044774641754586855
2024-12-23,0.10253914462180648
2024-12-24,-0.04993369170265402
2024-12-25,-0.36301896233671144
2024-12-26,0.1115877654031987
2024-12-27,0.6324955291370471
2024-12-30,0.3069058086641987
2024-12-31,0.14597874689217455
2025-01-02,0.09693206547393887
2025-01-03,0.15351671125644245
2025-01-06,0.2577950907355939
2025-01-07,-0.08860840205484158
2025-01-08,0.36943745935919836
2025-01-09,0.2885054989884554
2025-01-10,0.2877609234379885
2025-01-13,0.23035334575010163
2025-01-14,0.14495745478605884
2025-01-15,0.27382560562748975
2025-01-16,0.2556807087413972
2025-01-17,0.06442170206630586
2025-01-20,0.018271210466035456
2025-01-21,0.15097679016486507
2025-01-22,0.4378784236580511
2025-01-23,-0.12242045123084086
2025-01-24,-0.17091684021310027
2025-01-27,0.15259143370814252
2025-01-28,0.12673493814642603
2025-01-29,0.1480143667349934
2025-01-30,0.158799381151362
2025-01-31,0.06190877773372631
2025-02-03,0.40094402640173277
2025-02-04,-0.2209017489985258
2025-02-05,-0.07022295008218078
2025-02-06,0.07091683589360695
2025-02-07,-0.2410803738242469
2025-02-10,0.04827883102385386
2025-02-11,0.41154335524247415
2025-02-12,0.07913818329325582
2025-02-13,0.11672934815380606
2025-02-14,-0.18589392979423872
2025-02-17,-0.061656883136836226
2025-02-18,-0.01801595757800495
2025-02-19,-0.011175134225126976
2025-02-20,0.30398302961462687
2025-02-21,0.15442592395960153
2025-02-24,-0.18421808697310096
2025-02-25,0.08251795272352369
2025-02-26,0.1279679350020713
2025-02-27,0.25142851353606394
2025-02-28,0.3345559675197294
2025-03-03,-0.18954237947653615
2025-03-04,-0.15368138712684157
2025-03-05,-0.24802123302931153
2025-03-06,-0.048309291668527474
2025-03-07,0.08676836886413815
2025-03-10,0.1859728363412379
2025-03-11,-0.03166226265348458
2025-03-12,-0.08540125293235858
2025-03-13,0.0039839706607659175
2025-03-14,-0.19830279297098763
2025-03-17,0.38176169274573957
2025-03-18,-0.362509937404103
2025-03-19,-0.008815769990970564
2025-03-20,0.3542220483401106
2025-03-21,-0.05381843130749089
2025-03-24,-0.0978041082764632
2025-03-25,-0.13583685271182733
2025-03-26,-0.10490608047553024
2025-03-27,0.201338443029417
2025-03-28,-0.5199257814307578
2025-03-31,0.2248973563005083
2025-04-01,-0.3707259305636327
2025-04-02,-0.14331460809814608
2025-04-03,-0.179782695365659
2025-04-04,0.0199315348313904
2025-04-07,-0.42114066390984567
2025-04-08,-0.012705149844527142
2025-04-09,0.2962151631222637
2025-04-10,-0.38466793348116857
2025-04-11,-0.07735380033524099
2025-04-14,-0.25082527697936907
2025-04-15,-0.03625363232617536
2025-04-16,-0.12046883930374151
2025-04-17,-0.2553250012777494
2025-04-22,-0.03204125844545941
2025-04-23,0.22880981471400877
2025-04-24,-0.17253793787920269
2025-04-25,0.007446308538283708
2025-04-28,-0.3971563133332145
2025-04-29,-0.33163156243687875
2025-04-30,-0.04754967315292666
2025-05-01,0.1532634328538037
2025-05-02,-0.07380645113089548
2025-05-05,-0.20874905758060544
2025-05-06,-0.14732514106732725
2025-05-07,-0.39814741762800676
2025-05-08,-0.02788075184334507
2025-05-09,0.02713014911584738
2025-05-12,-0.24014126210941034
2025-05-13,-0.24395201358554613
2025-05-14,-0.09682173803755144
2025-05-15,-0.23722848278168931
2025-05-16,-0.16283168715113266
2025-05-19,0.2707847775242802
2025-05-20,-0.1979534190193345
2025-05-21,-0.21943996947448158
2025-05-22,-0.27633978455627084
2025-05-23,0.003110617432224849
2025-05-26,-0.1807070601898457
2025-05-27,-0.27291078316685047
2025-05-28,0.12280959536447728
2025-05-29,0.14421150768531
2025-05-30,-0.2578964705394849
2025-06-02,-0.509069301840953
2025-06-03,0.06794270415651607
2025-06-04,-0.2681363349075755
2025-06-05,0.029410189933491843
2025-06-06,-0.5200972502379246
2025-06-09,0.05522149618267333
2025-06-10,-0.3626168570533967
2025-06-11,0.02881959881277356
2025-06-12,-0.11129900705740721
2025-06-13,-0.30163507451570076
2025-06-16,-0.1888248710918637
2025-06-17,0.033395006862253857
2025-06-18,-0.07902547096482582
2025-06-19,0.020453885318671025
2025-06-20,0.30274219003100944
2025-06-23,-0.4014086460237575
2025-06-24,0.23896618575155726
2025-06-25,-0.05942729340075689
2025-06-26,-0.2557882299597724
2025-06-27,-0.3377426132986795
2025-06-30,-0.10507279721605817
2025-07-01,0.12158718629509048
2025-07-02,-0.0836770693869214
2025-07-03,0.24870395580494717
2025-07-04,-0.33906248421658464
2025-07-07,-0.04649120415354186
2025-07-08,-0.28974920591849557
2025-07-09,0.03830238690536963
2025-07-10,0.1478382611520075
2025-07-11,-0.10877398453831844
2025-07-14,-0.5405194512331828
2025-07-15,0.02507975629929534
2025-07-16,0.0776209869245453
2025-07-17,0.07612618367784431
2025-07-18,0.24742288530105638
2025-07-21,-0.20894537076680617
2025-07-22,0.14630165461541905
2025-07-23,0.2537416071791324
2025-07-24,-0.3355126728413521
2025-07-25,0.08907750067214905
2025-07-28,-0.07077447785937406
2025-07-29,0.018637908014557447
2025-07-30,0.10931987229378558
2025-07-31,-0.05286320527643331
2025-08-01,-0.08581070785887437
2025-08-04,0.060854984853261615
2025-08-05,-0.15879111470055324
2025-08-06,-0.1539385505908682
2025-08-07,0.20359928875707595
2025-08-08,-0.15761126051034635
2025-08-11,0.20975280454056788
2025-08-12,0.17326633940887254
2025-08-13,-0.2602452002233923
2025-08-14,-0.04652306277267018
2025-08-15,0.33178660198789467
2025-08-18,-0.09939681573650426
2025-08-19,0.00771942122645658
2025-08-20,0.19666466780317704
2025-08-21,0.26446698109988925
2025-08-22,0.06089773779264207
2025-08-25,-0.005003438421478185
2025-08-26,0.40213844948387484
2025-08-27,0.4684795603280248
2025-08-28,0.3193722898691027
2025-08-29,0.14342803899706288
2025-09-01,-0.03266539497337953
2025-09-02,-0.034621099537411854
2025-09-03,0.23830457345805708
2025-09-04,0.21966671236496604
2025-09-05,0.41834101980632965
2025-09-08,0.2699922099519302
2025-09-09,-0.15898841116628842
2025-09-10,0.35358528098678643
2025-09-11,-0.05500735142978219
2025-09-12,0.0690588791388633
2025-09-15,0.1969794902435616
2025-09-16,0.5469960114761352
2025-09-17,0.7706050127764752
2025-09-18,0.2705595819688632
2025-09-19,0.11300353590327022
2025-09-22,0.25680562439991195
2025-09-23,0.32753066980705425
2025-09-24,0.08579449867567134
2025-09-25,0.5087321628554226
2025-09-26,0.19529960469485236
2025-09-29,0.24826377449108533
2025-09-30,0.28116448713630976
2025-10-01,0.23139703230601474
2025-10-02,0.31380447696564573
2025-10-03,0.021340180853896593
2025-10-06,0.03174404487440802
2025-10-07,-0.07817219689480376
2025-10-08,0.22805554373158407
2025-10-09,0.2940835325282476
2025-10-10,0.22783809102216102
2025-10-13,0.4690178783167903
2025-10-14,0.13068705398847794
2025-10-15,0.2630950171421019
2025-10-16,-0.09159676616819826
2025-10-17,0.0465793786297458
2025-10-20,0.2602250164381525
2025-10-21,0.28792147037315075
2025-10-22,0.056160030754159145
2025-10-23,0.09735822778136036
2025-10-24,-0.19529608858162462
2025-10-27,0.033353104711085685
2025-10-28,0.27919947364386916
2025-10-29,0.21241539191977327
2025-10-30,0.19365089698559967
2025-10-31,0.09951195516313595
2025-11-03,0.08690981566383478
2025-11-04,-0.050722065820596005
2025-11-05,0.21686245243863722
2025-11-06,0.15696030845551973
2025-11-07,0.16675759704209028
2025-11-10,-0.041340974889230137
2025-11-11,-0.3713613797740376
2025-11-12,0.2741130663146602
2025-11-13,-0.045770400208444195
2025-11-14,-0.1272990419658546
2025-11-17,0.17916063316330416
2025-11-18,-0.04277389404800003
2025-11-19,0.24274011019479255
2025-11-20,0.14924405609933175
2025-11-21,0.1576180519854824
2025-11-24,-0.2572488584575946
2025-11-25,0.2533514652883625
2025-11-26,0.05822097927177166
2025-11-27,-0.07288298369941862
2025-11-28,0.02465062834963599
2025-12-01,-0.36426914686460754
2025-12-02,0.0677234504727661
2025-12-03,-0.22485086298163082
2025-12-04,-0.2944589849198592
2025-12-05,-0.3333185506089308
2025-12-08,0.18880122495451263
2025-12-09,-0.16444138398635694
2025-12-10,0.2633474539004537
2025-12-11,-0.1553195478951413
2025-12-12,-0.39433850867593145
2025-12-15,-0.2808207314394504
2025-12-16,0.18506145483496594
2025-12-17,-0.09779653589345977
2025-12-18,-0.18071637881916974
2025-12-19,-0.04341834652070957
2025-12-22,0.020655277825837814
2025-12-23,0.13958776482300828
2025-12-24,0.20171032337225442
2025-12-26,-0.16394301892885052
2025-12-29,-0.3610963932937439
2025-12-30,-0.1823709235216348
2025-12-31,-0.051302082242040845
2026-01-02,-0.29967542926936663
2026-01-05,-0.3018004944259278
2026-01-06,-0.04493678023178255
2026-01-07,-0.12662255658438176
2026-01-08,-0.11340054884613965
2026-01-09,-0.274593600036706
2026-01-12,-0.17177272426786444
2026-01-13,-0.3131976131174399
2026-01-14,0.04717289412450318
2026-01-15,0.0738126690867913
2026-01-16,-0.5046971524391517
2026-01-19,-0.3234336374548083
2026-01-20,-0.43875640326858767
2026-01-21,-0.27121949525437417
2026-01-22,-0.15950956774968789
2026-01-23,-0.4341996067610268
2026-01-26,-0.3299308286928323
2026-01-27,-0.34747692663174734
2026-01-28,-0.10619560373807846
2026-01-29,-0.13457978028091006
2026-01-30,-0.29343080875595695
2026-02-02,-0.11418814128920543
2026-02-03,-0.2591911964089021
2026-02-04,-0.2043225749926617
2026-02-05,0.18472913354662665
2026-02-06,0.11832780248127373
2026-02-09,-0.40931738913567983
2026-02-10,0.017074593851002934
2026-02-11,0.014102071094149321
2026-02-12,-0.37697062150047717
2026-02-13,0.017460512526015298
2026-02-16,0.16247684995020795
2026-02-17,-0.3682717946016839
2026-02-18,-0.3257569754845171
2026-02-19,0.06294035220248362
2026-02-20,-0.08447221008133317
2026-02-23,-0.02650117225265905
2026-02-24,-0.06655175711741661
2026-02-25,-0.05425397027389285
2026-02-26,-0.39526404429897843
2026-02-27,0.08206185582679623
2026-03-02,0.10922579044897629
2026-03-03,-0.1677223453193919
2026-03-04,-0.1275562050321517
2026-03-05,-0.4219668787998432
2026-03-06,-0.009650396236094747
2026-03-09,0.005279161675575281
2026-03-10,-0.11808026238115449
2026-03-11,0.12283624987618079
2026-03-12,-0.1651288703274063
2026-03-13,0.01843798603755198
2026-03-16,-0.29448087027709574
2026-03-17,-0.09122263653460824
2026-03-18,-0.11725114598778585
2026-03-19,-0.03309527286105919
2026-03-20,-0.1477519729859596
2026-03-23,-0.09574879213718895
2026-03-24,0.10022463977108924
2026-03-25,-0.1477959648374016
2026-03-26,-0.3771497076089156
2026-03-27,0.29875335566160643
2026-03-30,0.22985509582698913
2026-03-31,-0.30010896319667524
2026-04-01,0.10111071323931103
2026-04-02,-0.13255930617898132
2026-04-03,0.025635099396865594
2026-04-06,0.036714557019373886
2026-04-07,-0.06405516704972307
2026-04-08,-0.16895099828809784
2026-04-09,-0.14531678188978295
2026-04-10,-0.18544965199628208
2026-04-13,-0.1635759512816689
2026-04-14,-0.00565050641675343
2026-04-15,-0.1303788343678601
2026-04-16,0.15415739736821155
2026-04-17,0.3201503190186623
2026-04-20,-0.08838067769238331
2026-04-21,0.08040905619402261
2026-04-22,0.13732722460359578
2026-04-23,0.13661116236001966
2026-04-24,0.06217537094818026
2026-04-27,0.20024221026223155
2026-04-28,0.15281948086374247
2026-04-29,-0.18656145759064147
2026-04-30,0.23933583698697242
