Date,vn5y_yield
2016-11-10,4.642740095531296
2016-11-14,4.636151657040751
2016-11-15,4.710148938817444
2016-11-16,4.6845062398147554
2016-11-17,4.881802024588664
2016-11-18,4.818688624550839
2016-11-21,4.9188008483370105
2016-11-22,5.056991447608094
2016-11-23,5.023243613969921
2016-11-25,4.873017767931407
2016-11-28,4.835272852267347
2016-11-29,4.902421162150679
2016-11-30,4.760989863460674
2016-12-01,4.919608506550077
2016-12-02,5.0090627470386675
2016-12-05,4.949287810545591
2016-12-06,5.1691726404944225
2016-12-07,4.869746792686792
2016-12-08,4.871830972014746
2016-12-09,4.96946767527079
2016-12-12,5.079738810669978
2016-12-13,5.069146927900709
2016-12-14,5.3571508717910605
2016-12-15,5.1540771136210966
2016-12-16,5.221295653201758
2016-12-19,5.254120216459883
2016-12-20,5.1857422980130785
2016-12-21,5.234926420584294
2016-12-22,5.230668461174194
2016-12-23,5.269696597651009
2016-12-27,5.0699722500513875
2016-12-28,5.239314301546882
2016-12-29,5.1204549139366105
2016-12-30,5.126739471912963
2017-01-03,5.078077780202783
2017-01-04,5.289353679432145
2017-01-05,4.839430234045871
2017-01-06,5.238739397446961
2017-01-09,4.993559450107025
2017-01-10,5.221992669522764
2017-01-11,5.186830653038754
2017-01-12,5.161803576705637
2017-01-13,5.166693339205673
2017-01-17,5.262064574760844
2017-01-18,5.042474104484501
2017-01-19,5.118355923928994
2017-01-20,5.123384646493768
2017-01-23,5.221958144373488
2017-01-24,5.071973409476637
2017-01-25,5.359429632714004
2017-01-26,5.218868648028608
2017-01-27,5.1183172635001615
2017-01-30,5.1236800192205525
2017-01-31,5.1240892695049505
2017-02-01,5.082463714752334
2017-02-02,5.2827565196429145
2017-02-03,5.341772122462244
2017-02-06,5.278683474905851
2017-02-07,5.100363502448083
2017-02-08,5.159973683315845
2017-02-09,5.177841786117586
2017-02-10,5.26458684070585
2017-02-13,5.269003811435173
2017-02-14,5.273600360830469
2017-02-15,5.114763524207268
2017-02-16,5.235935246159852
2017-02-17,5.242646026316747
2017-02-21,5.168015774893548
2017-02-22,5.205478938249199
2017-02-23,5.076346087553998
2017-02-24,5.106998211170549
2017-02-27,5.2455037177651445
2017-02-28,5.396598333160455
2017-03-01,5.195163951149629
2017-03-02,5.3237466308030985
2017-03-03,5.236672578004639
2017-03-06,5.329204061696947
2017-03-07,5.336694329184368
2017-03-08,5.486928971586506
2017-03-09,5.550588643638909
2017-03-10,5.456959878385709
2017-03-13,5.458694425228959
2017-03-14,5.579219786735342
2017-03-15,5.394944747644473
2017-03-16,5.545965796135375
2017-03-17,5.213236928128087
2017-03-20,5.53011842113828
2017-03-21,5.256391807142906
2017-03-22,5.172729418610874
2017-03-23,5.302060523796803
2017-03-24,5.1752933082063475
2017-03-27,5.324645725885314
2017-03-28,5.260536344355497
2017-03-29,5.3155453989091495
2017-03-30,5.222045068492507
2017-03-31,5.280464034998359
2017-04-03,5.269288865571087
2017-04-04,5.243604326413745
2017-04-05,5.431409013616849
2017-04-06,5.319594007177885
2017-04-07,5.3141029381453695
2017-04-10,5.098763913304306
2017-04-11,5.261873053866508
2017-04-12,5.348263529926166
2017-04-13,5.094205045801736
2017-04-17,5.165876237035917
2017-04-18,4.812603654698104
2017-04-19,5.016037532521388
2017-04-20,4.973574893348637
2017-04-21,5.190725610409914
2017-04-24,5.203580332530933
2017-04-25,5.264267595254172
2017-04-26,5.217354915909539
2017-04-27,5.350119730130634
2017-04-28,5.113036490274697
2017-05-01,5.273969563984032
2017-05-02,5.314040476475735
2017-05-03,5.251436057913731
2017-05-04,5.3092234460208125
2017-05-05,5.233676518825671
2017-05-08,5.308522524394796
2017-05-09,5.446643146377499
2017-05-10,5.181603494023943
2017-05-11,5.355441591430166
2017-05-12,5.249470525064522
2017-05-15,5.305461719034154
2017-05-16,5.4823632899831685
2017-05-17,5.148887578642251
2017-05-18,5.36094542805985
2017-05-19,5.335448289799391
2017-05-22,5.238768673005597
2017-05-23,5.276803142728718
2017-05-24,5.268481076703221
2017-05-25,5.158057123682718
2017-05-26,5.299426147537864
2017-05-30,5.143591901832885
2017-05-31,5.188506633951494
2017-06-01,4.987357777179389
2017-06-02,5.063598416144698
2017-06-05,5.2273602655082865
2017-06-06,5.027378609859696
2017-06-07,5.20494653307618
2017-06-08,5.137602841626504
2017-06-09,5.293067179025787
2017-06-12,5.334523630110867
2017-06-13,5.221119004556389
2017-06-14,5.133447451504192
2017-06-15,5.163505727193693
2017-06-16,5.152796010154279
2017-06-19,5.307534591541673
2017-06-20,5.4022340781805385
2017-06-21,5.020730094961049
2017-06-22,5.049527922967314
2017-06-23,5.2799009924501625
2017-06-26,5.022535539876804
2017-06-27,5.060689289827062
2017-06-28,5.432507959797613
2017-06-29,5.239572312861091
2017-06-30,5.276964326691615
2017-07-03,5.295024723704904
2017-07-05,5.391920985087815
2017-07-06,5.256305694708672
2017-07-07,5.569833681660424
2017-07-10,5.445428671087493
2017-07-11,5.355623156038705
2017-07-12,5.270261857006071
2017-07-13,5.3568377385553
2017-07-14,5.420938645769576
2017-07-17,5.567765879221447
2017-07-18,5.41032867442705
2017-07-19,5.365122541399932
2017-07-20,5.265468008557745
2017-07-21,5.3496954565997825
2017-07-24,5.213035784258126
2017-07-25,5.352047902966211
2017-07-26,5.391062631125362
2017-07-27,5.361754470520202
2017-07-28,5.2126429714497995
2017-07-31,5.127820971357025
2017-08-01,5.289185049477269
2017-08-02,5.2623875433249285
2017-08-03,5.306762380380602
2017-08-04,5.257343470562225
2017-08-07,5.20233880204581
2017-08-08,5.370386800826583
2017-08-09,5.321268873853608
2017-08-10,4.980316192924258
2017-08-11,5.014874089223475
2017-08-14,5.208271660783022
2017-08-15,5.234219053081324
2017-08-16,5.180451609434643
2017-08-17,5.252903097213568
2017-08-18,5.365372584060808
2017-08-21,5.044943779585945
2017-08-22,5.174555643552835
2017-08-23,5.132941705476935
2017-08-24,5.177135085599326
2017-08-25,5.007321340346736
2017-08-28,5.16446188536626
2017-08-29,5.096376700225018
2017-08-30,5.3015385373730375
2017-08-31,5.112026412278885
2017-09-01,5.03734390510268
2017-09-05,4.868487333131048
2017-09-06,5.044169893957228
2017-09-07,4.929716333691233
2017-09-08,4.959986715291265
2017-09-11,5.098547277387801
2017-09-12,5.131068273825308
2017-09-13,5.148497276740702
2017-09-14,5.26783096495621
2017-09-15,5.171854386850329
2017-09-18,5.426818357898543
2017-09-19,5.182972443088515
2017-09-20,5.157475547196668
2017-09-21,5.046740165636281
2017-09-22,5.046254659606467
2017-09-25,5.223574039413281
2017-09-26,5.203945298226732
2017-09-27,5.207200588878414
2017-09-28,5.190810335747075
2017-09-29,5.138525023607599
2017-10-02,5.218645871310571
2017-10-03,5.241589119207905
2017-10-04,5.0203892961612215
2017-10-05,5.3115558137902
2017-10-06,5.053151830520623
2017-10-09,5.277375370444682
2017-10-10,5.2199705503314
2017-10-11,5.2503727239854
2017-10-12,5.131002670689102
2017-10-13,5.318850435201454
2017-10-16,5.244924891837673
2017-10-17,5.22423390815456
2017-10-18,5.180338822678426
2017-10-19,5.169211340102445
2017-10-20,5.321775233596817
2017-10-23,5.35486786836765
2017-10-24,5.391054903244301
2017-10-25,5.280762886850484
2017-10-26,5.295401627840105
2017-10-27,5.295135791773548
2017-10-30,5.174112396844857
2017-10-31,5.1315938113560815
2017-11-01,5.215363345240957
2017-11-02,5.213214499845588
2017-11-03,5.210385667849659
2017-11-06,5.1235631451309125
2017-11-07,5.048383145192062
2017-11-08,5.178153410697982
2017-11-09,5.17033593489397
2017-11-10,5.103310862677775
2017-11-13,5.28604834638329
2017-11-14,5.244069100648682
2017-11-15,5.1137914504005755
2017-11-16,5.014417750298152
2017-11-17,5.007264026094028
2017-11-20,5.185931561543935
2017-11-21,5.076722899639401
2017-11-22,5.05661156191426
2017-11-24,4.98486172749731
2017-11-27,5.163779519891719
2017-11-28,4.897952015695205
2017-11-29,5.116016231846425
2017-11-30,5.192930885176316
2017-12-01,5.159208835498143
2017-12-04,5.1588208689783865
2017-12-05,4.961199683958869
2017-12-06,5.011437979003969
2017-12-07,5.019746154101684
2017-12-08,4.9794801824710895
2017-12-11,4.918131315760756
2017-12-12,5.155465096420983
2017-12-13,5.166993579498181
2017-12-14,4.984300769232483
2017-12-15,5.122488373035331
2017-12-18,5.131860829846033
2017-12-19,5.054129868630251
2017-12-20,5.162433995116858
2017-12-21,5.157352211480069
2017-12-22,5.226409775297523
2017-12-26,5.140746218293979
2017-12-27,4.897747246609558
2017-12-28,5.268376779705575
2017-12-29,5.0924215958352415
2018-01-02,5.009316701509953
2018-01-03,4.932207224962549
2018-01-04,4.999983186768022
2018-01-05,5.070251631372258
2018-01-08,5.036555350401235
2018-01-09,5.118094912267457
2018-01-10,5.062815844391755
2018-01-11,5.196439013021535
2018-01-12,5.052169255366932
2018-01-16,5.198002666790554
2018-01-17,5.241092623827914
2018-01-18,5.050929401997063
2018-01-19,5.17513643185894
2018-01-22,5.336372643136214
2018-01-23,5.215289251970805
2018-01-24,5.31119191498374
2018-01-25,5.294977362718821
2018-01-26,5.109954428102183
2018-01-29,5.211057862870636
2018-01-30,5.30564072630176
2018-01-31,5.237366679114956
2018-02-01,5.3467692503577
2018-02-02,5.535983648739254
2018-02-05,5.304261451365939
2018-02-06,5.315075513005142
2018-02-07,5.35145216273539
2018-02-08,5.160394390743036
2018-02-09,5.255185876877762
2018-02-12,5.340532072563748
2018-02-13,5.293790383281518
2018-02-14,5.4871621272436855
2018-02-15,5.488742743222708
2018-02-16,5.29222820774007
2018-02-20,5.479340411494644
2018-02-21,5.3651090441598885
2018-02-22,5.416851059335247
2018-02-23,5.2959864284081934
2018-02-26,5.183767059699763
2018-02-27,5.284282880628908
2018-02-28,5.15239382679587
2018-03-01,5.329601151299423
2018-03-02,5.432702919418539
2018-03-05,5.406742070433833
2018-03-06,5.276214178430603
2018-03-07,5.378379556755254
2018-03-08,5.091118059808702
2018-03-09,5.412492984957784
2018-03-12,5.466272181712851
2018-03-13,5.320727167631412
2018-03-14,5.167348113617207
2018-03-15,5.305806018750811
2018-03-16,5.245111491118024
2018-03-19,5.127450732181444
2018-03-20,5.124844009982738
2018-03-21,5.260707020571191
2018-03-22,5.206338161940753
2018-03-23,4.939308832981489
2018-03-26,5.496540927985475
2018-03-27,5.099243696785583
2018-03-28,5.257570765133565
2018-03-29,5.091684700556044
2018-04-02,5.2021765862177265
2018-04-03,5.3443195486428525
2018-04-04,5.06717445126132
2018-04-05,5.126816451216106
2018-04-06,5.158950418389869
2018-04-09,5.203750497360281
2018-04-10,5.133837457017616
2018-04-11,5.084157274645408
2018-04-12,4.999907111161981
2018-04-13,5.139173740521601
2018-04-16,5.025842924236019
2018-04-17,5.106471920071044
2018-04-18,5.27593606298051
2018-04-19,5.235613545651633
2018-04-20,5.264585015384016
2018-04-23,5.092097882574197
2018-04-24,5.300742553647492
2018-04-25,5.235729382164422
2018-04-26,5.056370720462432
2018-04-27,5.3458722749134875
2018-04-30,5.162730539649218
2018-05-01,5.227873648172244
2018-05-02,5.254805679178497
2018-05-03,5.311183757015839
2018-05-04,5.103589714156941
2018-05-07,5.326663390060854
2018-05-08,5.191156941896326
2018-05-09,5.146011422761618
2018-05-10,5.200281789668058
2018-05-11,5.121522686144516
2018-05-14,5.194828765621743
2018-05-15,5.436564660225475
2018-05-16,5.107923290519368
2018-05-17,5.313597802837517
2018-05-18,5.25936887104044
2018-05-21,5.2235744534797615
2018-05-22,5.204607294927914
2018-05-23,5.253388163775537
2018-05-24,5.098891633316958
2018-05-25,4.816220458387133
2018-05-29,4.787938185051919
2018-05-30,4.978168622839902
2018-05-31,5.075982656488152
2018-06-01,5.110186195054503
2018-06-04,4.8772514917499965
2018-06-05,5.12686660459034
2018-06-06,5.134682867687086
2018-06-07,5.025599123571787
2018-06-08,5.027859559636582
2018-06-11,5.153985724058101
2018-06-12,5.121115613008111
2018-06-13,5.00751555758038
2018-06-14,4.965314229889222
2018-06-15,5.0599395097643285
2018-06-18,5.232838968152155
2018-06-19,5.116370197499191
2018-06-20,5.102559326214478
2018-06-21,4.902220479607388
2018-06-22,4.927352904888513
2018-06-25,5.0468412090043335
2018-06-26,5.062658431455137
2018-06-27,4.84576719997042
2018-06-28,4.926885523261796
2018-06-29,4.85891889613055
2018-07-02,4.8988530798175605
2018-07-03,5.026561869476042
2018-07-05,4.8968494213968805
2018-07-06,4.820463533346979
2018-07-09,4.79119131612187
2018-07-10,4.935308516352429
2018-07-11,4.885380968565807
2018-07-12,5.069228862991226
2018-07-13,4.814922381419379
2018-07-16,4.828909889170323
2018-07-17,4.990876374975214
2018-07-18,4.958576388563823
2018-07-19,4.905802930112124
2018-07-20,4.9681566371682155
2018-07-23,4.973559798597376
2018-07-24,5.0091193950987325
2018-07-25,5.0626202357466195
2018-07-26,4.910961774633724
2018-07-27,5.0947414588066255
2018-07-30,5.125770031170916
2018-07-31,4.953939700830018
2018-08-01,5.332620201039237
2018-08-02,5.21267949479305
2018-08-03,4.818784338992833
2018-08-06,5.074237375198633
2018-08-07,5.08068749790342
2018-08-08,4.8934934507958845
2018-08-09,5.0155174584048225
2018-08-10,4.837315200164166
2018-08-13,4.992341573257962
2018-08-14,4.822080499007461
2018-08-15,4.775723459195028
2018-08-16,5.081009335513075
2018-08-17,4.896688216321472
2018-08-20,4.9190375182978885
2018-08-21,4.959932809077172
2018-08-22,4.825655068533966
2018-08-23,4.793870112675914
2018-08-24,4.890567361862422
2018-08-27,5.039184278276481
2018-08-28,4.911097755767496
2018-08-29,4.937055002666202
2018-08-30,4.851009172832912
2018-08-31,4.896112832508383
2018-09-04,4.859687959973174
2018-09-05,4.945630634513021
2018-09-06,4.98402952956978
2018-09-07,5.091259722822926
2018-09-10,5.036092406183587
2018-09-11,5.027381557736838
2018-09-12,5.1644692325143335
2018-09-13,4.960195715849461
2018-09-14,4.979124607951641
2018-09-17,4.820581561174968
2018-09-18,5.0825539982734815
2018-09-19,5.152139351252614
2018-09-20,5.191375035057875
2018-09-21,5.058190961728245
2018-09-24,5.311590459565454
2018-09-25,5.191581859647142
2018-09-26,4.955439899919834
2018-09-27,5.096295718260692
2018-09-28,5.055522939706998
2018-10-01,5.214620484355031
2018-10-02,5.061802407760942
2018-10-03,5.078893106539769
2018-10-04,5.230163337720537
2018-10-05,5.172473566741793
2018-10-08,5.059832640891603
2018-10-09,5.1258641456500245
2018-10-10,5.24286751708844
2018-10-11,5.081582386961138
2018-10-12,5.274993709155982
2018-10-15,5.034951867108666
2018-10-16,5.083311517377917
2018-10-17,5.084242671017289
2018-10-18,5.197575922200283
2018-10-19,5.342862960048306
2018-10-22,5.205304965659709
2018-10-23,5.154632211766699
2018-10-24,5.258451374513866
2018-10-25,5.377648916339991
2018-10-26,5.12769180232161
2018-10-29,4.905682394703016
2018-10-30,4.997523662962295
2018-10-31,5.2280283885961225
2018-11-01,5.197247707139754
2018-11-02,5.017528958423393
2018-11-05,5.2707183965096105
2018-11-06,5.297648209278545
2018-11-07,5.09938609434391
2018-11-08,5.419920894911881
2018-11-09,5.230236250928573
2018-11-12,5.2673889870144635
2018-11-13,5.1174079692183785
2018-11-14,5.319729322046627
2018-11-15,5.383762842380723
2018-11-16,5.12590186299499
2018-11-19,5.243717939426622
2018-11-20,4.97372743071151
2018-11-21,5.105755109074095
2018-11-23,5.001417780808017
2018-11-26,5.098168514108075
2018-11-27,5.008615132888884
2018-11-28,5.061949176601512
2018-11-29,5.150386119391344
2018-11-30,4.900885385797625
2018-12-03,4.920344594664206
2018-12-04,4.939252398920986
2018-12-06,4.995595463885193
2018-12-07,5.085671022471917
2018-12-10,4.880657790232901
2018-12-11,4.93806856801338
2018-12-12,4.926830105469936
2018-12-13,4.920005767273235
2018-12-14,4.9771436196255525
2018-12-17,4.884217701455068
2018-12-18,4.981036143042733
2018-12-19,4.837210716733578
2018-12-20,4.932402185246894
2018-12-21,4.9849099085917
2018-12-24,4.911283911076911
2018-12-26,4.813322876662603
2018-12-27,4.881130855549487
2018-12-28,4.903133722822005
2018-12-31,4.7658244127644505
2019-01-02,4.912355035089382
2019-01-03,4.644607829185821
2019-01-04,4.715409923228193
2019-01-07,4.731683426611596
2019-01-08,4.859247462363585
2019-01-09,4.918721489014905
2019-01-10,4.831913950839912
2019-01-11,4.929626929541836
2019-01-14,5.032625945743806
2019-01-15,4.760897874904101
2019-01-16,4.934573992656335
2019-01-17,5.028984750872368
2019-01-18,4.870323807890424
2019-01-22,4.751274151960795
2019-01-23,4.963080378479754
2019-01-24,4.905424567802975
2019-01-25,4.842018463542598
2019-01-28,4.956719172313286
2019-01-29,4.910003106733109
2019-01-30,4.845462047129388
2019-01-31,4.864615687349636
2019-02-01,4.837350205798803
2019-02-04,4.9587475215561625
2019-02-05,4.633018316067449
2019-02-06,4.842269391899729
2019-02-07,4.847641105411293
2019-02-08,4.710665829631603
2019-02-11,4.832660768086875
2019-02-12,4.823838552254225
2019-02-13,4.917131653189982
2019-02-14,4.735409822560565
2019-02-15,4.7471272405013245
2019-02-19,4.75143145746439
2019-02-20,4.773906003910048
2019-02-21,4.7987998356932255
2019-02-22,4.875537861221822
2019-02-25,5.093127800932209
2019-02-26,4.958995994123549
2019-02-27,4.77381164568982
2019-02-28,5.082924254987695
2019-03-01,5.071611098916891
2019-03-04,4.965007185289407
2019-03-05,4.869538832400303
2019-03-06,5.116644745029499
2019-03-07,4.806676345290782
2019-03-08,4.863830960907492
2019-03-11,5.08759086854125
2019-03-12,4.917978432559336
2019-03-13,4.96938377377595
2019-03-14,4.920273186041994
2019-03-15,4.872339301007622
2019-03-18,4.914175767865624
2019-03-19,5.051968124283165
2019-03-20,4.8476202290177275
2019-03-21,4.916650355030088
2019-03-22,4.644984777330745
2019-03-25,4.795550777063743
2019-03-26,4.777758133963031
2019-03-27,4.719361431506346
2019-03-28,4.846158054834561
2019-03-29,4.906725509439259
2019-04-01,4.949590128929316
2019-04-02,4.848831003767649
2019-04-03,4.897578239974999
2019-04-04,4.897065026375838
2019-04-05,4.961085245576317
2019-04-08,4.790218637191542
2019-04-09,4.712831112944793
2019-04-10,4.970819430844161
2019-04-11,4.738728422844426
2019-04-12,4.743576185757435
2019-04-15,5.096226799893449
2019-04-16,4.930866392896497
2019-04-17,4.826600115737837
2019-04-18,5.078542583959245
2019-04-22,4.997893829725575
2019-04-23,4.956315750510006
2019-04-24,4.925991043456449
2019-04-25,4.95966615185845
2019-04-26,4.97380868002427
2019-04-29,4.918386865018694
2019-04-30,4.973523374901908
2019-05-01,4.958937590926695
2019-05-02,4.764748497882492
2019-05-03,4.843777605481514
2019-05-06,4.860939726325091
2019-05-07,4.893489653180268
2019-05-08,4.997243789923428
2019-05-09,5.118115300666398
2019-05-10,4.8150501708787425
2019-05-13,4.919963997218901
2019-05-14,4.964354901643391
2019-05-15,4.977983804452724
2019-05-16,4.887065745189759
2019-05-17,4.933228526016348
2019-05-20,4.953578064126242
2019-05-21,5.0075362022721785
2019-05-22,4.972620919153718
2019-05-23,4.528285099744466
2019-05-24,4.8291624862638916
2019-05-28,4.833209585781068
2019-05-29,4.614924276322233
2019-05-30,4.9203803564673425
2019-05-31,4.6550885070133425
2019-06-03,4.750847959001563
2019-06-04,4.572818201389449
2019-06-05,4.679229818917734
2019-06-06,4.702445532559437
2019-06-07,4.609502165218153
2019-06-10,4.64420050683842
2019-06-11,4.772953347660396
2019-06-12,4.745146552849704
2019-06-13,4.655676357229538
2019-06-14,4.800143251643048
2019-06-17,4.740048362485377
2019-06-18,4.635341334562808
2019-06-19,4.498299986108752
2019-06-20,4.72214305070006
2019-06-21,4.70185930154785
2019-06-24,4.562677001924168
2019-06-25,4.459933451174976
2019-06-26,4.850984031638941
2019-06-27,4.669201015196336
2019-06-28,4.569296937413472
2019-07-01,4.663439595165455
2019-07-02,4.446564338966873
2019-07-03,4.715851472621596
2019-07-05,4.736623165173663
2019-07-08,4.791569955649383
2019-07-09,4.559014086652538
2019-07-10,4.777877994735368
2019-07-11,4.770771633935089
2019-07-12,4.853262797829222
2019-07-15,4.798524081743166
2019-07-16,4.791258683922756
2019-07-17,4.682180800829089
2019-07-18,4.698792169832368
2019-07-19,4.6276278870194085
2019-07-22,4.746877081211329
2019-07-23,4.994300646551869
2019-07-24,4.866377801026291
2019-07-25,4.903754842919
2019-07-26,4.852726844625012
2019-07-29,4.862462017245676
2019-07-30,4.803492680646254
2019-07-31,4.670413926633656
2019-08-01,4.561370008081156
2019-08-02,4.72383535431585
2019-08-05,4.438542494325535
2019-08-06,4.502386518252088
2019-08-07,4.539033449931736
2019-08-08,4.451861329394726
2019-08-09,4.5609090905961835
2019-08-12,4.319272755647626
2019-08-13,4.4349567189946555
2019-08-14,4.31863895495076
2019-08-15,4.390254201584687
2019-08-16,4.395136212610225
2019-08-19,4.453891478613613
2019-08-20,4.3646459179937445
2019-08-21,4.439546832756067
2019-08-22,4.362394687797023
2019-08-23,4.306527892646306
2019-08-26,4.439029746619484
2019-08-27,4.306574276149254
2019-08-28,4.213529410049679
2019-08-29,4.3515251678599185
2019-08-30,4.486361891885901
2019-09-03,4.283815335800183
2019-09-04,4.30753345079806
2019-09-05,4.491532666032768
2019-09-06,4.517243609305251
2019-09-09,4.518537942405473
2019-09-10,4.52640675147517
2019-09-11,4.683613035574899
2019-09-12,4.594534540411873
2019-09-13,4.983518462122438
2019-09-16,4.636593906243222
2019-09-17,4.770545461773326
2019-09-18,4.579544316259479
2019-09-19,4.7891931438974265
2019-09-20,4.402221462661819
2019-09-23,4.524808896413035
2019-09-24,4.347341334910048
2019-09-25,4.515658978204154
2019-09-26,4.632633679268515
2019-09-27,4.754698491661328
2019-09-30,4.500514190211662
2019-10-01,4.525860044542308
2019-10-02,4.619798004344046
2019-10-03,4.42391370815539
2019-10-04,4.446981314278461
2019-10-07,4.270624659085227
2019-10-08,4.5145456789829845
2019-10-09,4.394337473183683
2019-10-10,4.567284960293439
2019-10-11,4.678276223273225
2019-10-14,4.5449104097178665
2019-10-15,4.803921821726845
2019-10-16,4.724237975194549
2019-10-17,4.716229073599754
2019-10-18,4.725311790871673
2019-10-21,4.640393083450185
2019-10-22,4.540067165392572
2019-10-23,4.84996247506894
2019-10-24,4.783316609838948
2019-10-25,4.959566800755908
2019-10-28,4.792260045914558
2019-10-29,4.70970556498587
2019-10-30,4.7112049741903705
2019-10-31,4.595767335293304
2019-11-01,4.680839751876977
2019-11-04,4.619114103878331
2019-11-05,4.68717992035975
2019-11-06,4.766661623549998
2019-11-07,4.936610035007087
2019-11-08,4.877251371916021
2019-11-11,5.0251602507481685
2019-11-12,4.891148746221104
2019-11-13,4.801192108774281
2019-11-14,4.814734542019848
2019-11-15,4.841623421321661
2019-11-18,4.953944781902003
2019-11-19,4.632001744195871
2019-11-20,4.80219634099819
2019-11-21,4.592429708900234
2019-11-22,4.539756626437504
2019-11-25,4.5896097330647825
2019-11-26,4.775078990223587
2019-11-27,4.814832820786318
2019-11-29,4.873703755442206
2019-12-02,4.638638111583189
2019-12-03,4.609466505185462
2019-12-04,4.665878850411031
2019-12-05,4.690811609287613
2019-12-06,4.760235852974491
2019-12-09,4.7386974472940935
2019-12-10,4.895649564074562
2019-12-11,4.758208949258732
2019-12-12,4.860995795442867
2019-12-13,4.776355341666237
2019-12-16,4.93595632739594
2019-12-17,4.939374603960481
2019-12-18,5.0189601358074984
2019-12-19,4.94096031723981
2019-12-20,5.0062404616091545
2019-12-23,5.117704628700637
2019-12-24,4.918806223320127
2019-12-26,4.8041829785727534
2019-12-27,4.718934286774281
2019-12-30,4.792827601301852
2019-12-31,4.924243598931461
2020-01-02,5.060224761711317
2020-01-03,4.7420528401268855
2020-01-06,4.997475869540072
2020-01-07,4.8345820934685815
2020-01-08,4.763326733101265
2020-01-09,4.773674428650764
2020-01-10,4.786828046975417
2020-01-13,4.848584382319327
2020-01-14,4.7785105915117345
2020-01-15,4.785822512580998
2020-01-16,4.963314593539314
2020-01-17,4.94031560374213
2020-01-21,4.748763919739564
2020-01-22,4.5587247819030186
2020-01-23,4.759847440889606
2020-01-24,4.697878153813049
2020-01-27,4.693950105512441
2020-01-28,4.631344616814788
2020-01-29,4.4531560027576225
2020-01-30,4.538436131547558
2020-01-31,4.53460384816648
2020-02-03,4.377966923570234
2020-02-04,4.530372111716816
2020-02-05,4.520524689281789
2020-02-06,4.807832564727473
2020-02-07,4.454683241876705
2020-02-10,4.466461666268177
2020-02-11,4.589149315833205
2020-02-12,4.559101397318149
2020-02-13,4.60098508628896
2020-02-14,4.536939760241216
2020-02-18,4.544321637644899
2020-02-19,4.621196063170254
2020-02-20,4.527347039376485
2020-02-21,4.516874960159705
2020-02-24,4.338413551203787
2020-02-25,4.295152396485829
2020-02-26,4.214972840768347
2020-02-27,4.203788694364311
2020-02-28,4.017351998150347
2020-03-02,4.094162220485082
2020-03-03,4.057715564214966
2020-03-04,4.00393804381482
2020-03-05,3.9482330754620154
2020-03-06,3.661835815641676
2020-03-09,3.3920356374446694
2020-03-10,3.8149096680898937
2020-03-11,3.7780981021793405
2020-03-12,3.5776271396337997
2020-03-13,3.8672521522623633
2020-03-16,3.6146009790129736
2020-03-17,3.91396076348124
2020-03-18,4.024509813551834
2020-03-19,4.083172972735425
2020-03-20,3.8122002600604725
2020-03-23,3.8057097510634135
2020-03-24,3.5471297479142265
2020-03-25,3.8887695522665107
2020-03-26,3.6845554981612123
2020-03-27,3.7032417986024253
2020-03-30,3.48781063830416
2020-03-31,3.6395760714011662
2020-04-01,3.401487858082912
2020-04-02,3.5719795383534962
2020-04-03,3.3968169564930992
2020-04-06,3.4092304069964587
2020-04-07,3.654361143973819
2020-04-08,3.703443301850456
2020-04-09,3.5859273549807686
2020-04-13,3.6974099045388065
2020-04-14,3.78789771771461
2020-04-15,3.613677184533091
2020-04-16,3.367582869762917
2020-04-17,3.3079378242459976
2020-04-20,3.4228653183335274
2020-04-21,3.3065195908635103
2020-04-22,3.589076933151473
2020-04-23,3.415596010242698
2020-04-24,3.33345215583077
2020-04-27,3.6051816964767083
2020-04-28,3.4792611194014875
2020-04-29,3.416784996081267
2020-04-30,3.65325241524184
2020-05-01,3.5121340442748936
2020-05-04,3.3211845733934244
2020-05-05,3.32703350350795
2020-05-06,3.443505286894689
2020-05-07,3.550413159762025
2020-05-08,3.655754883505364
2020-05-11,3.5249010254893216
2020-05-12,3.4218317046227367
2020-05-13,3.5161323454380886
2020-05-14,3.5485698468445825
2020-05-15,3.2602783380775544
2020-05-18,3.4906921535751225
2020-05-19,3.556109611659862
2020-05-20,3.5494812868843124
2020-05-21,3.406667670563499
2020-05-22,3.4615413340169985
2020-05-26,3.605187170920293
2020-05-27,3.2008977706294326
2020-05-28,3.5249038013158036
2020-05-29,3.551394923664609
2020-06-01,3.3427432607823007
2020-06-02,3.3492842933190015
2020-06-03,3.388398255446039
2020-06-04,3.5480743625862514
2020-06-05,3.6945972948408476
2020-06-08,3.516252044850416
2020-06-09,3.61187170466123
2020-06-10,3.6059859566327725
2020-06-11,3.488155097650479
2020-06-12,3.611046322737513
2020-06-15,3.4494609461782777
2020-06-16,3.4716299128273325
2020-06-17,3.537355445723311
2020-06-18,3.2708130626930845
2020-06-19,3.2725975093977295
2020-06-22,3.326085712743796
2020-06-23,3.2650613933271546
2020-06-24,3.4303897930899336
2020-06-25,3.3556123971476937
2020-06-26,3.2434837240149115
2020-06-29,3.091173196684812
2020-06-30,3.200096808341776
2020-07-01,3.4736013705055337
2020-07-02,3.505903174275121
2020-07-06,3.496243950467021
2020-07-07,3.307053932940068
2020-07-08,3.159192568303002
2020-07-09,3.1582772686898295
2020-07-10,3.3249203322135004
2020-07-13,3.4841375458852353
2020-07-14,3.3011763673403474
2020-07-15,3.2314647644906214
2020-07-16,3.223064944207057
2020-07-17,3.096684569399275
2020-07-20,3.0649353174838665
2020-07-21,3.1211138438937387
2020-07-22,3.1589008951743778
2020-07-23,3.0493792842218985
2020-07-24,3.3274744450764064
2020-07-27,3.0883060038566184
2020-07-28,3.117704123448806
2020-07-29,3.044799843695713
2020-07-30,2.9727354465913898
2020-07-31,2.9992015665917906
2020-08-03,3.264571955810512
2020-08-04,3.1052491213407736
2020-08-05,3.0701950442598327
2020-08-06,3.0345025904471132
2020-08-07,3.2016486608437864
2020-08-10,3.1139969059916415
2020-08-11,3.136677996408824
2020-08-12,3.2157455641124826
2020-08-13,3.1168871955924407
2020-08-14,3.159826707696005
2020-08-17,3.3043729158449753
2020-08-18,3.3459799313146656
2020-08-19,3.04760882420771
2020-08-20,3.097206360498913
2020-08-21,3.1273940681005135
2020-08-24,3.0939406220098
2020-08-25,3.241428454103031
2020-08-26,3.0303855779398114
2020-08-27,3.229044427368949
2020-08-28,3.2572512413146577
2020-08-31,3.311115310666316
2020-09-01,2.9754938920362095
2020-09-02,3.066658136071771
2020-09-03,3.0752383095913984
2020-09-04,3.1184672520657326
2020-09-08,2.9995125202245174
2020-09-09,2.9708912723248266
2020-09-10,3.1808098506082114
2020-09-11,3.124897462218703
2020-09-14,3.18763797369551
2020-09-15,2.9770537137761166
2020-09-16,3.0158088145922384
2020-09-17,3.2365297149685555
2020-09-18,3.1590727532446836
2020-09-21,3.118600430148468
2020-09-22,3.0907971808544135
2020-09-23,2.84132163576779
2020-09-24,3.13589214099115
2020-09-25,2.837688552505096
2020-09-28,2.94062970001505
2020-09-29,3.01726931742941
2020-09-30,3.0314156050819205
2020-10-01,2.9638493799170424
2020-10-02,3.019752512025845
2020-10-05,3.0729986714100015
2020-10-06,3.113499816066808
2020-10-07,3.1449732186795494
2020-10-08,3.089201216003708
2020-10-09,3.12428100601499
2020-10-12,3.1025656570622626
2020-10-13,3.0510977759889624
2020-10-14,3.0566120624404203
2020-10-15,3.001327472958066
2020-10-16,3.0119617176876314
2020-10-19,3.1389398539619617
2020-10-20,3.005354237250068
2020-10-21,2.9703957869243216
2020-10-22,3.166908236128677
2020-10-23,3.1484751843174967
2020-10-26,3.1646048225272088
2020-10-27,3.0354704440347047
2020-10-28,3.0483649339025587
2020-10-29,3.050531522413174
2020-10-30,2.950132477538328
2020-11-02,3.061767732224106
2020-11-03,3.189900183489373
2020-11-04,3.0134134296551345
2020-11-05,3.0956347274232248
2020-11-06,3.099184848502845
2020-11-09,3.154876872468264
2020-11-10,3.413847166802132
2020-11-11,3.3241331419303606
2020-11-12,3.0440364483728657
2020-11-13,3.081230706150479
2020-11-16,3.249080429531066
2020-11-17,3.2574051354186846
2020-11-18,3.2456794869761683
2020-11-19,2.9117638057174418
2020-11-20,3.0526493931465426
2020-11-23,3.1938024625198596
2020-11-24,3.0543997604547726
2020-11-25,3.2099856021714586
2020-11-27,3.00564376315732
2020-11-30,3.058288991178395
2020-12-01,3.0467742651951997
2020-12-02,3.058058428546605
2020-12-03,3.002288240410569
2020-12-04,3.1172807392054787
2020-12-07,2.99238015902305
2020-12-08,3.1961225309966546
2020-12-09,3.0460168536496646
2020-12-10,3.072024082766314
2020-12-11,2.997141347132489
2020-12-14,3.1433035101459748
2020-12-15,3.064810449899963
2020-12-16,3.1134325182366487
2020-12-17,3.0710124029977472
2020-12-18,3.201732372722052
2020-12-21,3.0416563613621044
2020-12-22,2.8460359650958273
2020-12-23,3.0995294068948063
2020-12-24,3.057193648295037
2020-12-28,3.0066814484243354
2020-12-29,2.9966248080868687
2020-12-30,3.0162901129979076
2020-12-31,3.0150773026032476
2021-01-04,3.098890705070839
2021-01-05,3.0143492799407112
2021-01-06,3.203560148320602
2021-01-07,2.966815160207182
2021-01-08,3.2075343660179727
2021-01-11,3.0548284761431077
2021-01-12,3.2836191511873785
2021-01-13,3.405259868995612
2021-01-14,3.080773501879473
2021-01-15,3.3062524354365155
2021-01-19,3.077048126592265
2021-01-20,3.143602499343066
2021-01-21,3.248826180888933
2021-01-22,3.061230803731382
2021-01-25,3.099330017344588
2021-01-26,2.982871092492512
2021-01-27,3.1692092873520648
2021-01-28,3.0688600942610966
2021-01-29,3.086584140382572
2021-02-01,3.0769513330981697
2021-02-02,3.0521512199027923
2021-02-03,3.147239786524824
2021-02-04,2.971804180897171
2021-02-05,3.3897487723561412
2021-02-08,3.262757791363774
2021-02-09,3.1887254270853878
2021-02-10,2.9998812261575503
2021-02-11,3.238548970301479
2021-02-12,3.256161847708165
2021-02-16,3.2213336196039104
2021-02-17,3.3251824409225375
2021-02-18,3.280327123480584
2021-02-19,3.0887099357601286
2021-02-22,3.4023212728923053
2021-02-23,3.452692950142294
2021-02-24,3.284327670740033
2021-02-25,3.489783708998893
2021-02-26,3.4774671988995456
2021-03-01,3.3760002459108205
2021-03-02,3.4435588436047313
2021-03-03,3.5606795407817287
2021-03-04,3.5550415503453454
2021-03-05,3.5426353207369408
2021-03-08,3.5071187177388605
2021-03-09,3.520527721683235
2021-03-10,3.4593897377605263
2021-03-11,3.7192432370365047
2021-03-12,3.695807923986576
2021-03-15,3.759036725318482
2021-03-16,3.7652026341711675
2021-03-17,3.517485609767435
2021-03-18,3.911114521717367
2021-03-19,3.7239476624421677
2021-03-22,3.7377846795132297
2021-03-23,3.57675105848309
2021-03-24,3.6092130897874366
2021-03-25,3.492022729598782
2021-03-26,3.752694154008654
2021-03-29,3.717541623613201
2021-03-30,3.752322739631021
2021-03-31,3.6768248822428835
2021-04-01,3.6787646839428714
2021-04-05,3.7082734269046513
2021-04-06,3.6192592788986335
2021-04-07,3.5217308904084232
2021-04-08,3.6415419517571204
2021-04-09,3.783528401118633
2021-04-12,3.6355381178430113
2021-04-13,3.8183449112846954
2021-04-14,3.6608386067140777
2021-04-15,3.6321337880645097
2021-04-16,3.6343992030650782
2021-04-19,3.541493111252727
2021-04-20,3.6097839975137567
2021-04-21,3.53174102193955
2021-04-22,3.5892539381986315
2021-04-23,3.649653820670496
2021-04-26,3.505143386643542
2021-04-27,3.749949446722647
2021-04-28,3.591364045366919
2021-04-29,3.5545157415055613
2021-04-30,3.650445946263046
2021-05-03,3.520197551762892
2021-05-04,3.495090019848812
2021-05-05,3.4758127136177652
2021-05-06,3.797691589005921
2021-05-07,3.6740315065987654
2021-05-10,3.673769817376207
2021-05-11,3.699726604416474
2021-05-12,3.779628301188909
2021-05-13,3.8115612658769753
2021-05-14,3.6907774366302046
2021-05-17,3.685115342952618
2021-05-18,3.5508276399581487
2021-05-19,3.6413361449665844
2021-05-20,3.706980364729443
2021-05-21,3.5329486705992954
2021-05-24,3.7278305431078995
2021-05-25,3.5988955628430084
2021-05-26,3.5798135284346064
2021-05-27,3.8156995840044057
2021-05-28,3.53678643466991
2021-06-01,3.667810777912129
2021-06-02,3.60128393386283
2021-06-03,3.8451550751158785
2021-06-04,3.537196912377035
2021-06-07,3.621924282800851
2021-06-08,3.5299089997964614
2021-06-09,3.6014805304100057
2021-06-10,3.604371571031566
2021-06-11,3.382653895102035
2021-06-14,3.527415422296351
2021-06-15,3.592941350953808
2021-06-16,3.69396749507214
2021-06-17,3.5513437422940277
2021-06-18,3.529654739021605
2021-06-21,3.6466439402468263
2021-06-22,3.650812574098347
2021-06-23,3.3494645877369633
2021-06-24,3.5635763176293156
2021-06-25,3.579563127691662
2021-06-28,3.5926293568999155
2021-06-29,3.6414814567131972
2021-06-30,3.4658537894643886
2021-07-01,3.554135296497334
2021-07-02,3.5502838337917564
2021-07-06,3.5365568437749983
2021-07-07,3.3605492930947145
2021-07-08,3.3999312680388885
2021-07-09,3.357199941528388
2021-07-12,3.484701227457636
2021-07-13,3.5479285629139046
2021-07-14,3.3633419892990517
2021-07-15,3.5321769483796697
2021-07-16,3.497001245847947
2021-07-19,3.228392199110695
2021-07-20,3.3778521258037464
2021-07-21,3.452157913068521
2021-07-22,3.2333559752902574
2021-07-23,3.394383435871054
2021-07-26,3.4613499510960617
2021-07-27,3.243191097647645
2021-07-28,3.3736040705919557
2021-07-29,3.4951258012018513
2021-07-30,3.450996816602201
2021-08-02,3.218114837289189
2021-08-03,3.4654074257442513
2021-08-04,3.4210502199920034
2021-08-05,3.4642281082170143
2021-08-06,3.710552159877519
2021-08-09,3.492020409079334
2021-08-10,3.639106208694794
2021-08-11,3.3806210102080287
2021-08-12,3.634763123378677
2021-08-13,3.7445601399953214
2021-08-16,3.548651005599984
2021-08-17,3.4401493945074852
2021-08-18,3.3386315563549784
2021-08-19,3.4237514137736462
2021-08-20,3.533294624956106
2021-08-23,3.2944540751202003
2021-08-24,3.552294202633557
2021-08-25,3.536270147064112
2021-08-26,3.5072948823073995
2021-08-27,3.597758508606624
2021-08-30,3.4856262117553394
2021-08-31,3.5065009735837207
2021-09-01,3.515904442425446
2021-09-02,3.4579102659870493
2021-09-03,3.6289875303596215
2021-09-07,3.4694086486740177
2021-09-08,3.6361819953593226
2021-09-09,3.6467917718372482
2021-09-10,3.732856064323835
2021-09-13,3.664323504580298
2021-09-14,3.703607616892364
2021-09-15,3.4861011213181206
2021-09-16,3.6097427018650556
2021-09-17,3.6064202884233634
2021-09-20,3.4464363938073643
2021-09-21,3.697479038964735
2021-09-22,3.745574524836382
2021-09-23,3.7395295533126878
2021-09-24,3.9159903249117383
2021-09-27,3.8066481440764384
2021-09-28,3.8410836760692946
2021-09-29,3.9491554361470906
2021-09-30,3.922846535056137
2021-10-01,3.9371594568420756
2021-10-04,3.78123679554819
2021-10-05,3.7558682212985826
2021-10-06,3.811214623529459
2021-10-07,3.8512449413433134
2021-10-08,4.028869397880841
2021-10-11,4.08179773736094
2021-10-12,4.077602210227393
2021-10-13,3.8702855796756594
2021-10-14,3.8878213852741847
2021-10-15,3.917900196887948
2021-10-18,4.0397924610734
2021-10-19,4.076945392543992
2021-10-20,4.097218450073624
2021-10-21,4.027263829721939
2021-10-22,3.9879102384617426
2021-10-25,4.051640352427624
2021-10-26,3.9583104348978027
2021-10-27,4.138308485330571
2021-10-28,4.071512526411249
2021-10-29,3.8959402862609327
2021-11-01,4.1538401067383965
2021-11-02,3.9953931381987537
2021-11-03,4.063379504519299
2021-11-04,4.105238705439538
2021-11-05,3.9828848405336936
2021-11-08,3.9389621065809375
2021-11-09,3.9719433748699084
2021-11-10,3.9082289912004757
2021-11-11,3.932484394586257
2021-11-12,4.151372851804353
2021-11-15,4.131561501158636
2021-11-16,4.059516561325273
2021-11-17,4.140778127611906
2021-11-18,4.164614757644795
2021-11-19,3.9701705175825674
2021-11-22,4.2650094814019015
2021-11-23,4.325120083299795
2021-11-24,4.25271479443324
2021-11-26,3.921464454698947
2021-11-29,4.1115156743079595
2021-11-30,4.110431663274189
2021-12-01,3.938862427362974
2021-12-02,3.945954276975839
2021-12-03,3.8202182329183416
2021-12-06,3.932708990854565
2021-12-07,4.01169756715734
2021-12-08,4.161543958315228
2021-12-09,4.194271831874385
2021-12-10,3.9614215492350704
2021-12-13,4.088858352268948
2021-12-14,4.123335113974229
2021-12-15,4.151361414085475
2021-12-16,4.1532119616995935
2021-12-17,3.9117049016005607
2021-12-20,3.949029198416885
2021-12-21,4.226174565622658
2021-12-22,4.203743939571009
2021-12-23,3.972901784379702
2021-12-27,4.048940619283519
2021-12-28,4.22571747573583
2021-12-29,4.205258714510563
2021-12-30,4.265408366618107
2021-12-31,4.195087143053296
2022-01-03,4.371039705620882
2022-01-04,4.2393954322531275
2022-01-05,4.3176882350652015
2022-01-06,4.359056774404204
2022-01-07,4.504199595154601
2022-01-10,4.546643460597647
2022-01-11,4.47649640947567
2022-01-12,4.393448980301007
2022-01-13,4.427600572534647
2022-01-14,4.4700692685220655
2022-01-18,4.593172826195627
2022-01-19,4.59171317301462
2022-01-20,4.58799646117267
2022-01-21,4.474685713763437
2022-01-24,4.345606173976168
2022-01-25,4.438382504210967
2022-01-26,4.566489036619782
2022-01-27,4.410072113317179
2022-01-28,4.642779931254196
2022-01-31,4.5705752850761705
2022-02-01,4.745827646836852
2022-02-02,4.62953563800378
2022-02-03,4.633051661903032
2022-02-04,4.776577842294437
2022-02-07,4.829744350458361
2022-02-08,4.6990101205200085
2022-02-09,4.750481743340488
2022-02-10,4.82203528834224
2022-02-11,4.7726195288542135
2022-02-14,4.823484174072545
2022-02-15,4.884604605936474
2022-02-16,4.952834748849183
2022-02-17,4.963086574798055
2022-02-18,4.722789376110477
2022-02-22,4.6782110457735335
2022-02-23,4.761382563374123
2022-02-24,4.890976068021869
2022-02-25,4.812047596041543
2022-02-28,4.5417954077223275
2022-03-01,4.595768648811328
2022-03-02,4.676958125404977
2022-03-03,4.650044188948804
2022-03-04,4.555108985753222
2022-03-07,4.525550729868073
2022-03-08,4.704226959337126
2022-03-09,4.875494585981042
2022-03-10,5.078832099000511
2022-03-11,5.043304018769957
2022-03-14,4.854549537796768
2022-03-15,5.036752749422874
2022-03-16,5.154434738717837
2022-03-17,5.171911866130012
2022-03-18,4.997897408382868
2022-03-21,5.148123455442525
2022-03-22,5.408932682599816
2022-03-23,5.335999872372245
2022-03-24,5.173673601481854
2022-03-25,5.443115424450066
2022-03-28,5.409390912080198
2022-03-29,5.30272390113457
2022-03-30,5.350821629405205
2022-03-31,5.282276749966604
2022-04-01,5.182265720860149
2022-04-04,5.1834903151790845
2022-04-05,5.578456479464538
2022-04-06,5.47816631811745
2022-04-07,5.6437788591758276
2022-04-08,5.671015979848328
2022-04-11,5.944991944057022
2022-04-12,5.627629800898331
2022-04-13,5.681780478696286
2022-04-14,5.84389544130995
2022-04-18,5.794550327382307
2022-04-19,5.879925192976577
2022-04-20,5.749352164493406
2022-04-21,5.836362307181641
2022-04-22,5.849881798098897
2022-04-25,5.831210065431706
2022-04-26,5.82773122167646
2022-04-27,5.65221022215746
2022-04-28,5.913917900774978
2022-04-29,5.897997942217198
2022-05-02,6.052390746808083
2022-05-03,5.83416845003231
2022-05-04,5.777930261888537
2022-05-05,6.0238715462218
2022-05-06,6.01538392330187
2022-05-09,6.018115188267455
2022-05-10,5.953798622041196
2022-05-11,6.058456188489579
2022-05-12,5.882473404232568
2022-05-13,5.949807633175643
2022-05-16,5.698148348865717
2022-05-17,6.131710887671489
2022-05-18,5.668848088358013
2022-05-19,5.788523523493122
2022-05-20,5.8397545929243
2022-05-23,6.081173556203221
2022-05-24,5.809581869851434
2022-05-25,5.697074824886226
2022-05-26,5.6453415251980115
2022-05-27,5.907100417665672
2022-05-31,5.789157208908474
2022-06-01,6.11231865813974
2022-06-02,5.980998353036634
2022-06-03,5.9740476532258775
2022-06-06,6.097659945378743
2022-06-07,6.084858947207072
2022-06-08,6.092513353086183
2022-06-09,5.860343617881594
2022-06-10,6.263029246968811
2022-06-13,6.130848614067137
2022-06-14,6.498130877149645
2022-06-15,6.300946374040677
2022-06-16,6.2413979944553
2022-06-17,6.168802519764339
2022-06-21,6.258568731043472
2022-06-22,6.172056441568801
2022-06-23,6.01162184451908
2022-06-24,6.17417346638731
2022-06-27,6.145159657521662
2022-06-28,5.922251491796725
2022-06-29,5.9406536563232395
2022-06-30,5.888244141594827
2022-07-01,5.816637512741749
2022-07-05,5.713046639645647
2022-07-06,5.852629314405654
2022-07-07,6.046868068644411
2022-07-08,6.092766033757131
2022-07-11,6.105056514733543
2022-07-12,5.923469567794989
2022-07-13,5.786344597791308
2022-07-14,5.96085229319894
2022-07-15,5.92423452477541
2022-07-18,6.046511573922322
2022-07-19,5.968597307207988
2022-07-20,6.14197202316981
2022-07-21,5.767251051710225
2022-07-22,5.737138900506265
2022-07-25,5.822947485368038
2022-07-26,6.020752867347316
2022-07-27,5.8047624083855816
2022-07-28,5.525266484846835
2022-07-29,5.693268845547804
2022-08-01,5.75663328700738
2022-08-02,5.674567394971469
2022-08-03,5.7680678685236515
2022-08-04,5.8866542481105855
2022-08-05,6.009290238532579
2022-08-08,5.679205954723558
2022-08-09,5.715368673235776
2022-08-10,5.916747324769211
2022-08-11,5.9852428457912
2022-08-12,5.7057350254550165
2022-08-15,5.831500909256388
2022-08-16,5.959138922013652
2022-08-17,6.131668805974032
2022-08-18,5.757957024932923
2022-08-19,5.890270521989095
2022-08-22,6.177104151073964
2022-08-23,5.913827648417336
2022-08-24,6.059502735415387
2022-08-25,5.9727537059523055
2022-08-26,5.924800312927282
2022-08-29,5.990273998961662
2022-08-30,5.96880282776862
2022-08-31,6.056540689895622
2022-09-01,6.166403565725526
2022-09-02,6.0676271808966575
2022-09-06,6.129075485759942
2022-09-07,6.379347779258779
2022-09-08,6.286186362843258
2022-09-09,6.289617617098752
2022-09-12,6.3924913865718
2022-09-13,6.257984836382178
2022-09-14,6.345083411602607
2022-09-15,6.5385027880096
2022-09-16,6.518148624820677
2022-09-19,6.3885369702412635
2022-09-20,6.5772923642080166
2022-09-21,6.42102796545654
2022-09-22,6.677018329936722
2022-09-23,6.624301324221652
2022-09-26,6.546405660464915
2022-09-27,7.038604989869417
2022-09-28,6.672922261249791
2022-09-29,6.57445727287363
2022-09-30,6.674926176687726
2022-10-03,6.5360008793826285
2022-10-04,6.597808728303428
2022-10-05,6.765322405673982
2022-10-06,6.822375404663992
2022-10-07,6.8463332368139715
2022-10-10,6.6544762800259925
2022-10-11,6.886674077953721
2022-10-12,6.817483713045355
2022-10-13,6.8067752250074065
2022-10-14,6.862696458607334
2022-10-17,6.966671268006698
2022-10-18,6.933141785476641
2022-10-19,6.980072266101727
2022-10-20,6.882756850419463
2022-10-21,6.8853489276449205
2022-10-24,6.926741542474463
2022-10-25,6.941291881201917
2022-10-26,6.892189167564258
2022-10-27,6.839651591790455
2022-10-28,6.983777390389163
2022-10-31,6.94645267646211
2022-11-01,6.713220274348846
2022-11-02,7.017505271120404
2022-11-03,7.1524215504931625
2022-11-04,7.074083836533387
2022-11-07,7.086206555480021
2022-11-08,7.09221654732163
2022-11-09,6.893800721309777
2022-11-10,6.71929213187061
2022-11-11,6.62828655436657
2022-11-14,6.633142069587536
2022-11-15,6.320668006677647
2022-11-16,6.34564382648904
2022-11-17,6.594848733022056
2022-11-18,6.676598039348086
2022-11-21,6.564660027469926
2022-11-22,6.579034479841378
2022-11-23,6.429017746508565
2022-11-25,6.419410829048579
2022-11-28,6.378159974052709
2022-11-29,6.479985529773478
2022-11-30,6.498335558972071
2022-12-01,6.331109461450085
2022-12-02,6.289632261199681
2022-12-05,6.272541917805173
2022-12-06,6.1854497981063385
2022-12-07,6.11627587443286
2022-12-08,6.131309276019646
2022-12-09,6.215063957364461
2022-12-12,6.335619113149169
2022-12-13,6.142698849561944
2022-12-14,6.176587094436023
2022-12-15,6.041389960857067
2022-12-16,6.21213631303571
2022-12-19,6.2789501456132095
2022-12-20,6.395794566748016
2022-12-21,6.294399865391948
2022-12-22,6.447362257577345
2022-12-23,6.4394547330565
2022-12-27,6.543198674494921
2022-12-28,6.612248118797508
2022-12-29,6.6910001133054
2022-12-30,6.31907141999464
2023-01-03,6.450189364737535
2023-01-04,6.299507095099865
2023-01-05,6.255375622758216
2023-01-06,6.024588186053466
2023-01-09,6.344810150056132
2023-01-10,6.234796767269133
2023-01-11,6.300326187313043
2023-01-12,6.13143574949938
2023-01-13,6.010591567243198
2023-01-17,6.151821118295142
2023-01-18,6.004577447667284
2023-01-19,6.019331001666809
2023-01-20,6.133969967892272
2023-01-23,5.95371765635997
2023-01-24,6.1411832361569925
2023-01-25,6.087050591540846
2023-01-26,6.033779304738965
2023-01-27,6.202793800997512
2023-01-30,6.176005969235427
2023-01-31,6.078945178824592
2023-02-01,6.054843146111263
2023-02-02,5.938502907948696
2023-02-03,6.157178881887194
2023-02-06,6.245164346166037
2023-02-07,6.012644493398964
2023-02-08,6.347523786534564
2023-02-09,6.283456109878616
2023-02-10,6.322912627394022
2023-02-13,6.16914318957113
2023-02-14,6.3554249617881124
2023-02-15,6.073218971067302
2023-02-16,6.308930422401035
2023-02-17,6.285734738869317
2023-02-21,6.507774357626449
2023-02-22,6.268052452354786
2023-02-23,6.344534660691954
2023-02-24,6.4032947685728905
2023-02-27,6.336940537300878
2023-02-28,6.275548843634278
2023-03-01,6.454479707500603
2023-03-02,6.399038049140502
2023-03-03,6.366202648504796
2023-03-06,6.216917189782555
2023-03-07,6.278778122289221
2023-03-08,6.320753313838328
2023-03-09,6.408953350323137
2023-03-10,6.024810108497359
2023-03-13,5.816541816361363
2023-03-14,5.997096939225903
2023-03-15,5.971477223340795
2023-03-16,6.13942745992361
2023-03-17,5.800875638768638
2023-03-20,5.723543381059741
2023-03-21,5.836664517420605
2023-03-22,5.839384675156468
2023-03-23,5.570434061693305
2023-03-24,5.756006193208545
2023-03-27,5.940128253947766
2023-03-28,5.71870564618064
2023-03-29,5.862751899636612
2023-03-30,5.882915047155478
2023-03-31,5.913736156186714
2023-04-03,5.813652548115142
2023-04-04,5.561029127237308
2023-04-05,5.764835630178375
2023-04-06,5.501210181783534
2023-04-10,5.758849834380841
2023-04-11,5.74397665473211
2023-04-12,5.7782210449242095
2023-04-13,5.778276463867469
2023-04-14,5.955587810268522
2023-04-17,5.82999504290457
2023-04-18,5.746427247022167
2023-04-19,6.057900280217573
2023-04-20,5.885004779087788
2023-04-21,5.719822553167528
2023-04-24,5.579780395428763
2023-04-25,5.738266268946153
2023-04-26,5.627217975849705
2023-04-27,6.00845667187982
2023-04-28,5.764073139074558
2023-05-01,5.841034732901614
2023-05-02,5.778278215678587
2023-05-03,5.806467267237308
2023-05-04,5.456982402428833
2023-05-05,5.564045315277473
2023-05-08,5.68811713368931
2023-05-09,5.80451249299721
2023-05-10,5.532958457349041
2023-05-11,5.609191207460481
2023-05-12,5.473028727104737
2023-05-15,5.730119171292213
2023-05-16,5.785168667138079
2023-05-17,5.689624114537153
2023-05-18,5.834032489854598
2023-05-19,5.948428765578283
2023-05-22,5.808392815964083
2023-05-23,5.93350004624984
2023-05-24,6.035059290908212
2023-05-25,6.122060124055947
2023-05-26,5.865990102991786
2023-05-30,5.867950105786599
2023-05-31,5.752675028273659
2023-06-01,5.7542605497019
2023-06-02,5.934987748375223
2023-06-05,5.5231636198780745
2023-06-06,5.765365289480991
2023-06-07,5.866781967353973
2023-06-08,5.923572430997158
2023-06-09,6.087236569315374
2023-06-12,5.949838919937134
2023-06-13,6.077837473707197
2023-06-14,5.979374244796501
2023-06-15,5.969018250525256
2023-06-16,5.880359368812005
2023-06-20,5.871711701011272
2023-06-21,5.994454031684933
2023-06-22,6.044870611230324
2023-06-23,6.01818046501699
2023-06-26,5.800737183682848
2023-06-27,5.806794852906005
2023-06-28,5.836124422125901
2023-06-29,5.789668276585197
2023-06-30,5.690754695782135
2023-07-03,5.997224908172701
2023-07-05,6.106990686533192
2023-07-06,6.100466032754165
2023-07-07,5.954263800443939
2023-07-10,6.261296465726838
2023-07-11,5.9346936053134165
2023-07-12,6.039594389919635
2023-07-13,5.8376039499891785
2023-07-14,5.874620048423774
2023-07-17,5.993460747471138
2023-07-18,5.878535389549607
2023-07-19,5.994966943495365
2023-07-20,5.692213208198284
2023-07-21,5.882975679505486
2023-07-24,5.9388191485880775
2023-07-25,5.959391658776507
2023-07-26,6.056242713155898
2023-07-27,6.1739033992575365
2023-07-28,6.032118036172067
2023-07-31,5.892190821190706
2023-08-01,6.154515135346774
2023-08-02,6.115275294588708
2023-08-03,6.09856877926809
2023-08-04,5.96601888620501
2023-08-07,6.194298543817975
2023-08-08,5.971148767040427
2023-08-09,6.155110406985559
2023-08-10,6.137819637974609
2023-08-11,6.126435836252427
2023-08-14,6.170582721083474
2023-08-15,6.39172021885289
2023-08-16,6.02113754680791
2023-08-17,6.347936325886488
2023-08-18,6.295417911392354
2023-08-21,6.5472589869077495
2023-08-22,6.245581444637742
2023-08-23,6.262407508433629
2023-08-24,6.3103110847513495
2023-08-25,6.157504974641196
2023-08-28,6.117086586382702
2023-08-29,6.089728302359816
2023-08-30,6.217306007981511
2023-08-31,6.112659771485879
2023-09-01,6.1594473254051305
2023-09-05,6.311048752054031
2023-09-06,6.36789591309334
2023-09-07,6.384815067508147
2023-09-08,6.204120406444633
2023-09-11,6.278222175264321
2023-09-12,6.328412858221444
2023-09-13,6.399459323346471
2023-09-14,6.435074918598076
2023-09-15,6.598106647552493
2023-09-18,6.21166057116737
2023-09-19,6.444060318014866
2023-09-20,6.173056349776884
2023-09-21,6.461346650436995
2023-09-22,6.515942902133712
2023-09-25,6.624534836019403
2023-09-26,6.478566260400916
2023-09-27,6.5866150132722066
2023-09-28,6.579246168525314
2023-09-29,6.618018286880653
2023-10-02,6.562337135704016
2023-10-03,6.929904445916532
2023-10-04,6.585937021607103
2023-10-05,6.662064465869024
2023-10-06,6.830910873035922
2023-10-09,6.813074107615193
2023-10-10,6.524963851988375
2023-10-11,6.6847881796513535
2023-10-12,6.912809655838175
2023-10-13,6.942533904623371
2023-10-16,6.650785127886935
2023-10-17,6.874201418297307
2023-10-18,7.009720407223323
2023-10-19,6.857331490291745
2023-10-20,6.92518687255817
2023-10-23,7.02350344981738
2023-10-24,6.766954899541995
2023-10-25,6.849826836453905
2023-10-26,6.903801132295472
2023-10-27,6.846746619403008
2023-10-30,6.797178793310746
2023-10-31,6.897636742102777
2023-11-01,6.76696514124729
2023-11-02,6.4784575463608265
2023-11-03,6.442581847302462
2023-11-06,6.591634292399709
2023-11-07,6.682790151250445
2023-11-08,6.504741457671734
2023-11-09,6.750711358304396
2023-11-10,6.645072928633773
2023-11-13,6.5933846288718545
2023-11-14,6.471028214904372
2023-11-15,6.651489995453667
2023-11-16,6.448147970915743
2023-11-17,6.469983281509454
2023-11-20,6.361182575573796
2023-11-21,6.390421532695418
2023-11-22,6.343475676279899
2023-11-24,6.6069132610880335
2023-11-27,6.462485536896936
2023-11-28,6.376336686071159
2023-11-29,6.230781973701415
2023-11-30,6.5208805629314215
2023-12-01,6.351508088041918
2023-12-04,6.443011737042035
2023-12-05,6.357234080740194
2023-12-06,6.0859147447205
2023-12-07,6.192720790790336
2023-12-08,6.28094428847627
2023-12-11,6.474254682856184
2023-12-12,6.229800934279227
2023-12-13,6.129022852995671
2023-12-14,6.019620890787202
2023-12-15,5.862675942692348
2023-12-18,5.912394636180325
2023-12-19,5.937119406154167
2023-12-20,5.875561502691797
2023-12-21,6.077429960931267
2023-12-22,5.870251105683977
2023-12-26,6.031234194051125
2023-12-27,5.9973226318145025
2023-12-28,5.88661719020282
2023-12-29,5.956562931889827
2024-01-02,6.239316167248136
2024-01-03,6.065458666237642
2024-01-04,6.216762662794764
2024-01-05,6.095732510861724
2024-01-08,6.157637642444429
2024-01-09,6.150054888270224
2024-01-10,6.126462295619594
2024-01-11,5.992886840836146
2024-01-12,6.037058777576661
2024-01-16,6.23071447234827
2024-01-17,6.321129207335616
2024-01-18,6.309975966115452
2024-01-19,6.226683003834351
2024-01-22,6.319368489873499
2024-01-23,6.260878979248915
2024-01-24,6.45082355053591
2024-01-25,6.360715670111743
2024-01-26,6.345851075047726
2024-01-29,6.26489932149275
2024-01-30,6.251981412978718
2024-01-31,6.179855006699842
2024-02-01,6.072514252117179
2024-02-02,6.133728653135908
2024-02-05,6.436679402796373
2024-02-06,6.319282567940722
2024-02-07,6.304937769962734
2024-02-08,6.292733615273243
2024-02-09,6.297699019310324
2024-02-12,6.4066100624928835
2024-02-13,6.521068272062499
2024-02-14,6.391335980398981
2024-02-15,6.496326696975827
2024-02-16,6.538392268333642
2024-02-20,6.606025949881539
2024-02-21,6.46693054214991
2024-02-22,6.63024534261384
2024-02-23,6.428094398201337
2024-02-26,6.696943241499069
2024-02-27,6.6548849416210585
2024-02-28,6.502204365822439
2024-02-29,6.4792708646692905
2024-03-01,6.359816286460097
2024-03-04,6.645930819636652
2024-03-05,6.596803096256448
2024-03-06,6.131362388578561
2024-03-07,6.483885584039275
2024-03-08,6.288412338920711
2024-03-11,6.454901251640242
2024-03-12,6.44594405464863
2024-03-13,6.424551290914088
2024-03-14,6.592500818670496
2024-03-15,6.667620459507447
2024-03-18,6.699688811784039
2024-03-19,6.665973387827783
2024-03-20,6.4145080363744515
2024-03-21,6.748300382181421
2024-03-22,6.624128265332835
2024-03-25,6.590667093010282
2024-03-26,6.555807238629715
2024-03-27,6.729881003556872
2024-03-28,6.495136889071101
2024-04-01,6.739096649498359
2024-04-02,6.612661588646828
2024-04-03,6.783234703078797
2024-04-04,6.488266642153819
2024-04-05,6.668217440472242
2024-04-08,6.875363548291284
2024-04-09,6.7978423703469755
2024-04-10,7.017931365016432
2024-04-11,7.056188292772243
2024-04-12,6.798442479233573
2024-04-15,7.0883744376313444
2024-04-16,7.192252735507392
2024-04-17,7.082684109950348
2024-04-18,7.087875400684378
2024-04-19,6.942155440994897
2024-04-22,7.088206005124103
2024-04-23,6.939841549988599
2024-04-24,7.159110136451793
2024-04-25,7.027949677661187
2024-04-26,7.033215253204862
2024-04-29,7.019976792342936
2024-04-30,7.258926689775495
2024-05-01,6.9138096665574915
2024-05-02,6.921040941289489
2024-05-03,6.9455623796857475
2024-05-06,7.037098397556759
2024-05-07,7.201567197548633
2024-05-08,6.920790205441147
2024-05-09,7.000771616361044
2024-05-10,6.9148848814636965
2024-05-13,6.757543700510371
2024-05-14,6.947548884966258
2024-05-15,6.702038953019713
2024-05-16,6.972690739498127
2024-05-17,7.015157331230595
2024-05-20,6.914203136344597
2024-05-21,7.113501518016069
2024-05-22,6.857602341439403
2024-05-23,6.986224943512385
2024-05-24,6.863392078031113
2024-05-28,7.077378852658297
2024-05-29,7.146650427058869
2024-05-30,7.1194121290932415
2024-05-31,6.919856611756622
2024-06-03,7.113605948583683
2024-06-04,7.028097993358776
2024-06-05,6.890244391808995
2024-06-06,6.789125130667247
2024-06-07,7.068927130435608
2024-06-10,6.990434712735814
2024-06-11,7.092755117639403
2024-06-12,6.702500688947519
2024-06-13,6.852795065899173
2024-06-14,6.798794809371176
2024-06-17,6.94410072712941
2024-06-18,6.794811120678943
2024-06-20,6.729818391418391
2024-06-21,6.729456227914071
2024-06-24,6.911235838498987
2024-06-25,6.849206798877629
2024-06-26,7.027129986710117
2024-06-27,6.989249100512405
2024-06-28,7.151798778407175
2024-07-01,7.267502535787136
2024-07-02,7.1152209288021755
2024-07-03,6.8618072452756165
2024-07-05,6.846536948170304
2024-07-08,7.059071273718031
2024-07-09,6.943188998435616
2024-07-10,6.857577468643456
2024-07-11,6.823273788607107
2024-07-12,6.844072008392694
2024-07-15,7.048231620990132
2024-07-16,6.915026860009974
2024-07-17,6.728092338091618
2024-07-18,7.039569661501803
2024-07-19,6.863732582718165
2024-07-22,7.040910242591065
2024-07-23,6.962916532795218
2024-07-24,7.071285318176485
2024-07-25,6.876168424274829
2024-07-26,6.930948750851099
2024-07-29,6.908355285097468
2024-07-30,6.9376610117422555
2024-07-31,6.935301143494144
2024-08-01,6.555479319244361
2024-08-02,6.509122115417053
2024-08-05,6.596137975395047
2024-08-06,6.522667434347072
2024-08-07,6.659325795379505
2024-08-08,6.82152672490075
2024-08-09,6.780576002963706
2024-08-12,6.7068943780848755
2024-08-13,6.655460846946104
2024-08-14,6.649071923420504
2024-08-15,6.7201942388092455
2024-08-16,6.704256329731122
2024-08-19,6.712756624123873
2024-08-20,6.602323948294691
2024-08-21,6.619794380967105
2024-08-22,6.827874174653947
2024-08-23,6.4236897950383955
2024-08-26,6.726171255799232
2024-08-27,6.4906775202178135
2024-08-28,6.564107948958787
2024-08-29,6.872377540700276
2024-08-30,6.70231693324626
2024-09-03,6.712143108737548
2024-09-04,6.665129178134926
2024-09-05,6.648720599579569
2024-09-06,6.4211559826038656
2024-09-09,6.550670573457252
2024-09-10,6.445641497867042
2024-09-11,6.566726908453285
2024-09-12,6.566853507835683
2024-09-13,6.654137434849009
2024-09-16,6.446290306473826
2024-09-17,6.55335306661311
2024-09-18,6.497950461735694
2024-09-19,6.6784788680957
2024-09-20,6.722490133107887
2024-09-23,6.596393960871334
2024-09-24,6.4423694740812385
2024-09-25,6.706205387563033
2024-09-26,6.494299785901114
2024-09-27,6.67702507599369
2024-09-30,6.670366996201281
2024-10-01,6.685329511295679
2024-10-02,6.799367102704359
2024-10-03,6.674004681740383
2024-10-04,6.727137891764224
2024-10-07,6.960370454564449
2024-10-08,7.147974285274491
2024-10-09,6.8828704498603415
2024-10-10,6.89070917478485
2024-10-11,6.964959759979166
2024-10-14,6.94649249207742
2024-10-15,6.995131175715744
2024-10-16,6.964111556910267
2024-10-17,6.912797140954456
2024-10-18,7.2156705696307295
2024-10-21,7.0223220637963175
2024-10-22,7.141400740029367
2024-10-23,7.197047671950083
2024-10-24,7.208176283584625
2024-10-25,7.128200254415314
2024-10-28,7.180832736226267
2024-10-29,7.2218946153187655
2024-10-30,7.3706191401511365
2024-10-31,7.237421272884687
2024-11-01,7.424478056967892
2024-11-04,7.181018012254405
2024-11-05,7.2955983331625145
2024-11-06,7.419209549507848
2024-11-07,7.344088129022181
2024-11-08,7.500679288243658
2024-11-11,7.35266805528201
2024-11-12,7.376439887438638
2024-11-13,7.289456622730647
2024-11-14,7.484071353107229
2024-11-15,7.507137828147669
2024-11-18,7.344268474595384
2024-11-19,7.165396900394221
2024-11-20,7.497530042888195
2024-11-21,7.418720848205549
2024-11-22,7.429708749799861
2024-11-25,7.13014707869721
2024-11-26,7.306256329167662
2024-11-27,7.235025601930854
2024-11-29,7.221199057899023
2024-12-02,7.09605442237009
2024-12-03,7.35625977131664
2024-12-04,7.086854215008167
2024-12-05,7.203517534159081
2024-12-06,7.085010781434967
2024-12-09,7.143133482397243
2024-12-10,7.113260810635308
2024-12-11,7.307870970241295
2024-12-12,7.3673012338040635
2024-12-13,7.4018739620439815
2024-12-16,7.47383242629289
2024-12-17,7.4384004454437544
2024-12-18,7.478297889824684
2024-12-19,7.683060378277195
2024-12-20,7.513781224139148
2024-12-23,7.684575448376199
2024-12-24,7.564942745016581
2024-12-26,7.551896196986775
2024-12-27,7.746075130608933
2024-12-30,7.448506447293245
2024-12-31,7.518832354779878
2025-01-02,7.379872684366998
2025-01-03,7.5131309121656225
2025-01-06,7.517245584294335
2025-01-07,7.60029645656244
2025-01-08,7.673916541212499
2025-01-10,7.722845501848788
2025-01-13,7.892538585195535
2025-01-14,8.004935459898281
2025-01-15,7.578412389213639
2025-01-16,7.698537400727575
2025-01-17,7.6228810024439575
2025-01-21,7.502429871844004
2025-01-22,7.569769432340775
2025-01-23,7.552750520656968
2025-01-24,7.5586924649318235
2025-01-27,7.719149922882043
2025-01-28,7.601347547977818
2025-01-29,7.427005380541292
2025-01-30,7.443261455114231
2025-01-31,7.58686536768346
2025-02-03,7.408837090630782
2025-02-04,7.455860671326216
2025-02-05,7.392690613078898
2025-02-06,7.515409811702275
2025-02-07,7.496552254370985
2025-02-10,7.671989795505549
2025-02-11,7.265823991865461
2025-02-12,7.477335573956214
2025-02-13,7.477659459146013
2025-02-14,7.448815681730486
2025-02-18,7.421808387411
2025-02-19,7.4028337405233025
2025-02-20,7.534281590415587
2025-02-21,7.419090984590487
2025-02-24,7.439557403732454
2025-02-25,7.391469076152525
2025-02-26,7.186223997991148
2025-02-27,7.158765165406199
2025-02-28,7.210075402199015
2025-03-03,7.231662477536938
2025-03-04,7.202482227800821
2025-03-05,7.0538067159514934
2025-03-06,7.2017447233843095
2025-03-07,7.208854238355775
2025-03-10,7.093111505183414
2025-03-11,7.074810415544772
2025-03-12,7.2866327439117144
2025-03-13,7.325522821809388
2025-03-14,7.266411445505183
2025-03-17,7.146403547016245
2025-03-18,7.320974572368554
2025-03-19,7.111948871570306
2025-03-20,7.144824104122717
2025-03-21,7.248427522062606
2025-03-24,7.2546733209149945
2025-03-25,7.19646088109972
2025-03-26,7.249739089366614
2025-03-27,7.268591742484026
2025-03-28,7.119119118964882
2025-03-31,7.250350924603411
2025-04-01,7.040331238445365
2025-04-02,7.038613544522288
2025-04-03,6.926108126791886
2025-04-04,6.9800544468894214
2025-04-07,6.983740443184699
2025-04-08,7.1734155057729865
2025-04-09,7.346846170321564
2025-04-10,7.234115938403027
2025-04-11,7.3095066407950275
2025-04-14,7.164262401152095
2025-04-15,7.16899981046231
2025-04-16,7.149837972642876
2025-04-17,7.3141263638749745
2025-04-21,7.260173980422321
2025-04-22,7.340559776226598
2025-04-23,7.2835570992344
2025-04-24,7.1079778193376715
2025-04-25,7.192849763914981
2025-04-28,7.00853853931573
2025-04-29,7.026321564427409
2025-04-30,7.03237698026703
2025-05-01,7.064169510860593
2025-05-02,7.112903401297697
2025-05-05,7.3013421456127485
2025-05-06,7.196059108147292
2025-05-07,7.18359959183962
2025-05-08,7.078122258891105
2025-05-09,7.246645526088192
2025-05-12,7.237378971636074
2025-05-13,7.370709528002187
2025-05-14,7.566979558456717
2025-05-15,7.2572944892676094
2025-05-16,7.235815268422993
2025-05-19,7.096497742851003
2025-05-20,7.389249466751764
2025-05-21,7.23932941067603
2025-05-22,7.186785399325503
2025-05-23,7.339019401615883
2025-05-27,7.073251309826874
2025-05-28,7.316253113408422
2025-05-29,7.083393324591011
2025-05-30,7.14163844531576
2025-06-02,7.342248182138067
2025-06-03,7.215100261211692
2025-06-04,7.004314963684471
2025-06-05,7.204412820568754
2025-06-06,7.137163219157923
2025-06-09,7.315993778419781
2025-06-10,7.322342925191728
2025-06-11,7.128708981793496
2025-06-12,6.9939553373080106
2025-06-13,7.132962803223853
2025-06-16,7.035510322681779
2025-06-17,7.185113555201202
2025-06-18,6.998652270395812
2025-06-20,7.028712899062336
2025-06-23,7.077916800375621
2025-06-24,6.891550360593547
2025-06-25,7.089689208706737
2025-06-26,6.864837505896963
2025-06-27,6.940479671478041
2025-06-30,6.787278779310637
2025-07-01,7.004560642601828
2025-07-02,7.0127132115903965
2025-07-03,6.959791922341266
2025-07-07,7.019438586740317
2025-07-08,7.170737906297881
2025-07-09,7.0130740010281425
2025-07-10,7.002871589490042
2025-07-11,7.119756540656892
2025-07-14,7.085599316787337
2025-07-15,7.115155660941667
2025-07-16,7.0792617741575885
2025-07-17,6.878629293681678
2025-07-18,6.9579181256652625
2025-07-21,6.674270682724567
2025-07-22,6.992524909126024
2025-07-23,6.910873317706308
2025-07-24,7.093896799698209
2025-07-25,6.775508866210892
2025-07-28,6.914768162680921
2025-07-29,6.843922341828176
2025-07-30,7.0140750101247855
2025-07-31,6.945320909101769
2025-08-01,6.898974865696617
2025-08-04,6.829567871772199
2025-08-05,6.5921291078885496
2025-08-06,6.953123360127731
2025-08-07,6.928032586042631
2025-08-08,6.880526165329055
2025-08-11,6.777157233362042
2025-08-12,6.704215041123672
2025-08-13,6.487293150633577
2025-08-14,6.651321623824401
2025-08-15,6.575334617799063
2025-08-18,6.860587820410726
2025-08-19,6.945697830039974
2025-08-20,6.833339678584639
2025-08-21,6.8041450428930945
2025-08-22,6.695436510493867
2025-08-25,6.869418880098034
2025-08-26,6.694115992828746
2025-08-27,6.787878751593853
2025-08-28,6.653070467736542
2025-08-29,6.725617021684187
2025-09-02,6.587516865338335
2025-09-03,6.710257680178816
2025-09-04,6.678068123996397
2025-09-05,6.512250058699235
2025-09-08,6.544576279556914
2025-09-09,6.420288816760346
2025-09-10,6.435284420024978
2025-09-11,6.4529227016493795
2025-09-12,6.612624269465668
2025-09-15,6.409836396509512
2025-09-16,6.463124771251525
2025-09-17,6.469921790524994
2025-09-18,6.295598238933174
2025-09-19,6.545972761791068
2025-09-22,6.513556073614259
2025-09-23,6.528984168633837
2025-09-24,6.525470309206909
2025-09-25,6.601620894742857
2025-09-26,6.401484693062777
2025-09-29,6.344508027198787
2025-09-30,6.385915661886448
2025-10-01,6.3969219762016145
2025-10-02,6.418006544700881
2025-10-03,6.644060160478941
2025-10-06,6.501590892351637
2025-10-07,6.314577831072759
2025-10-08,6.403601639892948
2025-10-09,6.510269018580949
2025-10-10,6.3715832897469316
2025-10-13,6.287990486812704
2025-10-14,6.305694280528472
2025-10-15,6.376681160698882
2025-10-16,6.2576669473214235
2025-10-17,6.463384135453441
2025-10-20,6.329587451340981
2025-10-21,6.247992277425807
2025-10-22,6.348600707812334
2025-10-23,6.42967795417092
2025-10-24,6.305684705700522
2025-10-27,6.251367832806077
2025-10-28,6.168293701962595
2025-10-29,6.326381406403495
2025-10-30,6.318984624759669
2025-10-31,6.40127418332175
2025-11-03,6.219063402146145
2025-11-04,6.256650617503828
2025-11-05,6.309867984727899
2025-11-06,6.305163517104461
2025-11-07,6.166093195157074
2025-11-10,6.372037233649168
2025-11-11,6.286340443226561
2025-11-12,6.312195544414072
2025-11-13,6.136381154050572
2025-11-14,6.249971126932692
2025-11-17,6.453823509168888
2025-11-18,6.291621269692351
2025-11-19,6.511639412833869
2025-11-20,6.166955942590876
2025-11-21,6.244432705494164
2025-11-24,6.103804433024307
2025-11-25,6.165483644641007
2025-11-26,5.861705444583558
2025-11-28,6.264138170173473
2025-12-01,6.317895533229214
2025-12-02,6.3746045412770345
2025-12-03,6.266743240455109
2025-12-04,6.289791047290543
2025-12-05,6.216189147009215
2025-12-08,6.213566034201059
2025-12-09,6.081637960990308
2025-12-10,6.458349654262792
2025-12-11,6.161455390137778
2025-12-12,6.285581512215012
2025-12-15,6.228802862294206
2025-12-16,6.36354942846118
2025-12-17,6.2607555906417485
2025-12-18,6.180234406773399
2025-12-19,6.345152179228604
2025-12-22,6.25943016358258
2025-12-23,6.363510092485932
2025-12-24,6.297339059836581
2025-12-26,6.203077573222128
2025-12-29,6.169110485167808
2025-12-30,6.228344322228539
2025-12-31,6.172540842449452
2026-01-02,6.293273007355516
2026-01-05,6.164437325513334
2026-01-06,6.290511527566313
2026-01-07,6.211734896587993
2026-01-08,6.196481543839592
2026-01-09,6.125519990178762
2026-01-12,6.325668182185787
2026-01-13,6.192884475086382
2026-01-14,6.094213017401833
2026-01-15,6.24731068186102
2026-01-16,6.314574859236222
2026-01-20,6.299241875954629
2026-01-21,6.448125612883928
2026-01-22,6.322790743266733
2026-01-23,6.342056529826904
2026-01-26,6.237860162407738
2026-01-27,6.315686153413377
2026-01-28,6.423273466156187
2026-01-29,6.032676905578707
2026-01-30,6.468547810519794
2026-02-02,6.2199347799229745
2026-02-03,6.517013099390673
2026-02-04,6.360491018380166
2026-02-05,6.141507426873688
2026-02-06,6.149915083311922
2026-02-09,6.382031771463527
2026-02-10,6.034986239050801
2026-02-11,6.1345484218059045
2026-02-12,6.05299048408408
2026-02-13,6.125058439840027
2026-02-17,6.041480783150758
2026-02-18,6.259509153005806
2026-02-19,6.091127964762246
2026-02-20,6.172434746084157
2026-02-23,6.122510250020176
2026-02-24,6.000166278947837
2026-02-25,6.212668225130024
2026-02-26,6.055643210154176
2026-02-27,6.112935635756351
2026-03-02,6.0374980881896745
2026-03-03,6.168943302325803
2026-03-04,6.04041701426417
2026-03-05,6.137599521163592
2026-03-06,6.004843656049607
2026-03-09,6.0828523320285415
2026-03-10,6.079432440967192
2026-03-11,6.177855219346303
2026-03-12,6.281577561625263
2026-03-13,6.3660044835728975
2026-03-16,6.231603901905523
2026-03-17,6.2331017887978035
2026-03-18,6.2818738914315055
2026-03-19,6.285095135233446
2026-03-20,6.442201665024484
2026-03-23,6.246319241599
2026-03-24,6.431665845579111
2026-03-25,6.202498507661241
2026-03-26,6.47195795242428
2026-03-27,6.426431035605455
2026-03-30,6.487745236945294
2026-03-31,6.183937364912226
2026-04-01,6.154283092563123
2026-04-02,6.412374109245707
2026-04-06,6.398639960466391
2026-04-07,6.350628606137981
2026-04-08,6.4098048650934505
2026-04-09,6.374132889326702
2026-04-10,6.225685074300919
2026-04-13,6.263707014510761
2026-04-14,6.289417177834076
2026-04-15,6.266990513034566
2026-04-16,6.260416816934374
2026-04-17,6.355906222439492
2026-04-20,6.222849254997433
2026-04-21,6.359747199695995
2026-04-22,6.265457934199452
2026-04-23,6.276466301673677
2026-04-24,6.397279531884296
2026-04-27,6.37139463909892
2026-04-28,6.279880753609246
2026-04-29,6.516125416936488
2026-04-30,6.519729688518235
